"y","x001","x002","x003","x004","x005","x006","x007","x008","x009","x010","x011","x012","x013","x014","x015","x016","x017","x018","x019","x020","x021","x022","x023","x024","x025","x026","x027","x028","x029","x030","x031","x032","x033","x034","x035","x036","x037","x038","x039","x040","x041","x042","x043","x044","x045","x046","x047","x048","x049","x050","x051","x052","x053","x054","x055","x056","x057","x058","x059","x060","x061","x062","x063","x064","x065","x066","x067","x068","x069","x070","x071","x072","x073","x074","x075","x076","x077","x078","x079","x080","x081","x082","x083","x084","x085","x086","x087","x088","x089","x090","x091","x092","x093","x094","x095","x096","x097","x098","x099","x100","x101","x102","x103","x104","x105","x106","x107","x108","x109","x110","x111","x112","x113","x114","x115","x116","x117","x118","x119","x120","x121","x122","x123","x124","x125","x126","x127","x128","x129","x130","x131","x132","x133","x134","x135","x136","x137","x138","x139","x140","x141","x142","x143","x144","x145","x146","x147","x148","x149","x150","x151","x152","x153","x154","x155","x156","x157","x158","x159","x160","x161","x162","x163","x164","x165","x166","x167","x168","x169","x170","x171"
0,-1.069139377167,-0.653137775721146,-2.12993091808961,1.55838986135719,-0.188690710103128,-1.32849940599973,-1.28629343999159,1.41474243812483,2.59397330965399,2.53537997340692,-1.76012543922271,0.579296619511249,0.853796070292207,-0.17876758579041,1.47034650855087,1.40296593949354,-1.82446308056466,1.65351710382121,1.40721812900486,-0.178560121049442,2.18783761806657,2.14084841992958,-1.12622394967012,-0.499663055297737,-0.459133123814017,-0.150662345400436,-0.137881893101475,-1.09542052868858,-0.482991388339556,-0.452454947197622,-0.132053130867325,-0.11578375940243,-0.584867307644152,-0.491716543892917,-0.173272696819296,-0.289555223122662,-0.306650229859764,2.24118191013093,-0.130781764013622,3.80223897600087,3.7447090330076,4.14618499614443,4.08766230299161,-0.075079888588345,-0.0822923157224407,2.97784024141045,-1.06913937716701,0.644428975200017,0.0990627016715037,-0.815246104441951,0.980171520710378,-0.653137775721136,0.823426829786213,-0.247595344765605,-0.180744848905147,0.574445882762001,-0.579477869256204,0.327931569766209,-0.295915941317339,-0.111937132325917,0.577767893095068,-0.561793126913107,0.334610710645909,0.8894275417093,-0.753354226564584,-0.1735776336434,-1.32849940599971,1.1260433783819,-0.650368276819275,-0.148530402419433,1.00450985819474,0.495786912576048,-0.845139194607255,0.448314851545187,0.118172482839613,0.589045570785157,-0.55087566951012,0.33693112041125,-0.669007101430994,0.473966976911449,-0.957612044483902,1.07641780061139,-1.08285016431672,0.658995858900061,0.167112117300692,-0.686157168276603,0.55165437910662,-0.383017232873278,-0.737934951795638,0.510982363815611,0.767297055901994,-0.990737241763597,1.14169313879247,-0.751192093606072,0.880687724887195,-0.577936576032926,0.738283700339559,0.871187253418242,-0.964439738932794,-0.579877999919536,-0.745409890281964,-1.28629343999157,1.11976633966451,-0.632153830374166,-0.133324752758972,0.959585776558346,0.472520828967944,-0.837897505205277,0.436235256339604,0.102400249297158,0.579826323278603,-0.533300261184599,0.369529236659565,-0.692310691077894,0.506194759576582,-0.97519851338405,0.336115842444728,-0.743830408711527,0.460329522651965,0.0949541780151277,-0.525272924493119,0.311455078537252,-0.152210251210397,-0.469897513481388,0.22691537233813,0.404848799928983,-0.231355328498667,0.190265593796812,-0.214096652793704,0.162893597136649,-0.28163276731663,0.144738538807216,0.186029158625444,-0.187194521729835,-0.306981949128748,-0.224709310655053,0.972949528075959,-0.983385778375871,0.602793475551582,0.128138733451327,-0.682891162513973,0.562516588789741,-0.336813294758848,-0.663990225484874,0.460959959634997,0.713689322178605,-0.205931636839548,0.172437222259896,-0.20022351467004,0.181185618966533,-0.268942191713304,0.138738524839015,0.0103939863188818,-0.0847274666282609,-0.171102950405866,-0.050018549014921,-0.928011764232749,1.05790592473979,-0.698346875433284,0.810316944690952,-0.548950210146109,0.70906222508977,0.208622040386305,-0.202717092424314,-0.215426537744909,-0.0519603362986721,0.873851466283545,-0.945556540837618,-0.55703968859455,-0.287579822291554,-0.747129039747142
12383.6796875,-0.783420788410629,0.0018363761266763,-2.12993091808961,-0.641448069582378,-0.188690710103128,-1.32849940599973,-1.28629343999159,-0.706578202000684,2.59397330965399,2.53537997340692,-1.76012543922271,-0.661131616852152,-0.599109564467246,-0.17876758579041,1.70953749862042,1.63450465673196,-1.82446308056466,-0.676914009309313,-0.610420556254294,-0.178560121049442,2.69941678138196,2.64456638310238,-1.12622394967012,-0.499663055297737,-0.459133123814017,-0.150662345400436,-0.137881893101475,-1.09542052868858,-0.482991388339556,-0.452454947197622,-0.132053130867325,-0.11578375940243,-0.584867307644152,-0.491716543892917,-0.173272696819296,-0.289555223122662,-0.306650229859764,-0.44602634159486,-0.130781764013622,-0.262904613448501,-0.266943615488728,-0.24109540919036,-0.244547150456313,-0.075079888588345,-0.0822923157224407,2.97784024141045,-0.783420788410635,-0.0997849984329752,0.798842579775198,-0.743811221480749,-0.0415316024030472,0.00183637612668535,0.173487760178744,0.148936323403297,-0.119695470536238,0.068251795046413,-0.680090869057492,0.252511055265681,0.0776513096218875,-0.523354142024745,-0.479639853283965,0.239404532880733,0.0768672164479852,0.139167089991882,-0.0631585206644441,0.523731327539782,-1.32849940599971,0.760957259679147,0.303117207596654,-0.990808059219693,0.920325800761001,-0.307071262436815,-0.117832985264952,0.0143672145167269,0.0517587328981434,0.71004613065746,-0.468362854256537,-0.0631551621141107,0.564481897724801,-0.322240202571235,-0.144584775014889,1.07641780061139,-0.800549458421199,-0.231192778502069,0.815204644249866,0.0197619705587645,-0.0909749710369031,0.0146525907591658,-0.853433671806651,0.42819851896007,-0.7477566872538,-0.990737241763597,0.867806323963944,0.155884942695272,0.109918761620845,0.152339410750867,0.843762649284933,0.871187253418242,-0.737059995903909,-0.0494200521334932,-0.745409890281964,-1.28629343999157,0.762445725530536,0.298558192555446,-0.945009358734665,0.877569787250318,-0.332918728475367,-0.109274061044425,0.010255970347467,0.0374043972444376,0.701315057322065,-0.449704517969727,-0.0393303089038606,0.581292000424232,-0.338022212316151,-0.140043524307904,0.336115842444728,-0.575600171172769,-0.0709184162379221,0.456245693024897,-0.108220472411201,-0.0638145145821228,0.0631100847769779,-0.535323119810013,0.181891426701388,-0.396660649466282,-0.231355328498667,0.128448417636128,0.0620932723722539,-0.0847608497636027,-0.0592224092101789,0.174277490398561,0.186029158625444,-0.135006417249243,0.156104996009625,-0.224709310655053,0.972949528075959,-0.725260683350514,-0.204406407895688,0.671241766027371,0.0652321475801442,-0.080050819043114,0.0184143222170415,-0.773689454236345,0.385428082572118,-0.673203827271876,-0.205931636839548,0.117022356513827,0.0536656310437785,-0.0848903969256068,-0.0552367584201421,0.166095136906273,0.0103939863188818,-0.0698601339467862,-0.0470485577334314,-0.050018549014921,-0.928011764232749,0.800215784020875,0.159959327573723,0.0832722254798136,0.149241275696623,0.812270525492589,0.208622040386305,-0.145139959962212,0.166738092846384,-0.0519603362986721,0.873851466283545,-0.723356809039072,-0.0686886345156736,-0.287579822291554,-0.747129039747142
0,-1.16437890675246,-0.980624851645057,-2.12993091808961,1.55838986135719,-0.188690710103128,-1.32849940599973,-1.28629343999159,1.41474243812483,2.59397330965399,2.53537997340692,-1.76012543922271,0.525364957060667,0.790626260085274,-0.17876758579041,1.39061617852769,1.32578636708073,-1.82446308056466,1.42047399250815,1.20545426047895,-0.178560121049442,1.93204803640887,1.88898943834317,-1.12622394967012,-0.499663055297737,-0.459133123814017,-0.150662345400436,-0.137881893101475,-1.09542052868858,-0.482991388339556,-0.452454947197622,-0.132053130867325,-0.11578375940243,-0.584867307644152,-0.491716543892917,-0.173272696819296,-0.289555223122662,-0.306650229859764,2.24118191013093,-0.130781764013622,3.80223897600087,3.7447090330076,4.14618499614443,4.08766230299161,-0.075079888588345,-0.0822923157224407,2.97784024141045,-1.16437890675247,0.934769472786523,-0.29210488612993,-0.553134661047583,1.07981072095586,-0.980624851645047,1.23538810932229,-0.714852778976105,0.143235264089626,0.583880300245139,-0.310102765906546,0.103209263558245,-0.225182264729658,0.01337020423226,1.06566778859668,-1.06432014413946,0.830146976128661,0.682450040812758,-0.625224596026656,-0.809472178513938,-1.32849940599971,1.24773875128282,-1.02235195328186,0.322291536848704,0.695618685002282,0.89721600008248,-1.30613932619827,0.959661802460747,-0.234275564713348,0.265086058740566,-0.305021205929565,0.261176156226983,-1.23815287878259,0.973363866191674,-0.733318798038311,1.07641780061139,-1.17695039961523,1.00628551091706,-0.195162932856264,-1.03911673769429,0.958982422199109,-0.851615825039922,-0.428705729914102,0.264320342800504,1.46635999117585,-0.990737241763597,1.23298874373531,-1.1050704234947,1.26607220652037,-1.04081908917622,0.45588080181263,0.871187253418242,-1.04023298660909,-0.845106973812558,-0.745409890281964,-1.28629343999157,1.2388732110425,-0.995252887125265,0.320396080477135,0.658649756958231,0.875240607689599,-1.29973256081714,0.938192613537934,-0.24252322174929,0.254559803510672,-0.284219114909958,0.292113085235804,-1.27996537984137,1.03570434012913,-0.744800800023883,0.336115842444728,-0.79990715455778,0.667585495240246,-0.107002944276627,-0.733799150534078,0.549318209070102,-0.405935327422844,-0.294730989261904,0.0927624172028294,0.774674326498681,-0.231355328498667,0.210871319183707,-0.321846739653279,0.286720820586775,-0.422606683168383,0.0656527531386223,0.186029158625444,-0.204590556556699,-0.538525421697934,-0.224709310655053,0.972949528075959,-1.06942747671766,0.917706691528665,-0.17544859426108,-1.05695281756103,0.969805369996379,-0.75539964786234,-0.370288207448762,0.235905838509005,1.35361750977317,-0.205931636839548,0.190908844175252,-0.299273389450696,0.314223626912604,-0.404398525791563,0.0654956017826672,0.0103939863188818,-0.0896832441887524,-0.233130146742083,-0.050018549014921,-0.928011764232749,1.14380263831276,-1.03319822046531,1.17383930429652,-0.99149609070485,0.432738622349958,0.208622040386305,-0.221909469911681,-0.406508853040556,-0.0519603362986721,0.873851466283545,-1.0196231181038,-0.801215215633988,-0.287579822291554,-0.747129039747142
10740.080078125,-1.5453370250943,-0.980624851645057,-2.12993091808961,1.55838986135719,-0.188690710103128,-1.32849940599973,-1.28629343999159,1.41474243812483,2.59397330965399,2.53537997340692,-1.76012543922271,0.309638307258336,0.537947019257543,-0.17876758579041,1.07169485843496,1.0170680774295,-1.82446308056466,1.42047399250815,1.20545426047895,-0.178560121049442,1.93204803640887,1.88898943834317,-1.12622394967012,-0.499663055297737,-0.459133123814017,-0.150662345400436,-0.137881893101475,-1.09542052868858,-0.482991388339556,-0.452454947197622,-0.132053130867325,-0.11578375940243,-0.584867307644152,-0.491716543892917,-0.173272696819296,-0.289555223122662,-0.306650229859764,2.24118191013093,-0.130781764013622,3.80223897600087,3.7447090330076,4.14618499614443,4.08766230299161,-0.075079888588345,-0.0822923157224407,2.97784024141045,-1.5453370250943,2.30747732834342,-2.81310442164129,2.89747837926436,-2.53328379623812,-0.980624851645047,1.58238039083168,-1.98357966768117,2.42412962075464,-2.62467875655406,-0.310102765906546,0.205922518816312,-0.585531293545417,0.675328791786867,1.06566778859668,-1.39172275194492,1.99216744391236,0.682450040812758,-0.838363192531079,-0.809472178513938,-1.32849940599971,1.73452024288648,-2.78106256741859,3.35664797950482,-3.37083448641257,0.89721600008248,-1.69443671088704,2.34810333080174,-2.71559071473961,0.265086058740566,-0.417393282828399,0.647105872999654,-1.23815287878259,1.2987271566725,-0.733318798038311,1.07641780061139,-1.55335134080927,2.64824465006647,-2.52995564486555,-1.03911673769429,1.30207215906609,-2.12398431051023,-0.428705729914102,0.377061527930339,1.46635999117585,-0.990737241763597,1.59817116350668,-2.77818033199014,1.26607220652037,-1.43070199148993,0.45588080181263,0.871187253418242,-1.34340597731427,-0.845106973812558,-0.745409890281964,-1.28629343999157,1.71530069655446,-2.71195769300247,3.24453919844091,-3.30307637023472,0.875240607689599,-1.68873319652796,2.30113892414484,-2.67086362609949,0.254559803510672,-0.398066003494322,0.686505633820855,-1.27996537984137,1.38068642385417,-0.744800800023883,0.336115842444728,-1.02421413794279,1.64747601705163,-1.40857758227852,-0.733799150534078,0.749668762509267,-1.09486567493756,-0.294730989261904,0.15407936858586,0.774674326498681,-0.231355328498667,0.293294220731285,-0.831280979446185,0.286720820586775,-0.541348087093043,0.0656527531386223,0.186029158625444,-0.274174695864155,-0.538525421697934,-0.224709310655053,0.972949528075959,-1.4135942700848,2.40659249624363,-2.13201027272668,-1.05695281756103,1.31286203683464,-1.89197174398044,-0.370288207448762,0.338770755571141,1.35361750977317,-0.205931636839548,0.264795331836676,-0.767573686286908,0.314223626912604,-0.518492506807556,0.0654956017826672,0.0103939863188818,-0.109506354430719,-0.233130146742083,-0.050018549014921,-0.928011764232749,1.48738949260465,-2.61634998740856,1.17383930429652,-1.36424958088866,0.432738622349958,0.208622040386305,-0.298678979861151,-0.406508853040556,-0.0519603362986721,0.873851466283545,-1.31588942716853,-0.801215215633988,-0.287579822291554,-0.747129039747142
11796.4697265625,1.02613027371309,-0.325650699797235,-2.12993091808961,1.55838986135719,-0.188690710103128,-1.32849940599973,-1.28629343999159,1.41474243812483,2.59397330965399,2.53537997340692,-1.76012543922271,1.76579319342407,2.24353189484473,-0.17876758579041,3.22441376906088,3.10091653257532,-1.82446308056466,1.88656021513426,1.60898199753078,-0.178560121049442,2.44362719972426,2.39270740151598,-1.12622394967012,-0.499663055297737,-0.459133123814017,-0.150662345400436,-0.137881893101475,-1.09542052868858,-0.482991388339556,-0.452454947197622,-0.132053130867325,-0.11578375940243,-0.584867307644152,-0.491716543892917,-0.173272696819296,-0.289555223122662,-0.306650229859764,2.24118191013093,-0.130781764013622,3.80223897600087,3.7447090330076,4.14618499614443,4.08766230299161,-0.075079888588345,-0.0822923157224407,2.97784024141045,1.02613027371307,-0.396011581868013,-1.24850861907509,-0.721767501315422,0.554896461411394,-0.325650699797225,-0.135556301779794,0.270656812641182,0.254073510153097,0.292421408275659,-0.702807236973186,-0.837749896584674,0.255808291697582,0.679655174668591,0.0274851773315261,-0.0408859985684146,0.0302026726911045,0.685654126037169,0.603017717368057,0.365275385271113,-1.32849940599971,-1.55125482543828,0.682642125712101,1.47344995158194,0.894347878945703,0.0943578250696166,0.227998917652597,-0.118838586993758,-0.354853099729811,0.737365594757455,0.724422704075785,-0.253959266289178,-0.0270904154181826,-0.0436955379022781,-0.736790937153716,1.07641780061139,0.987355012250463,-0.585523049113685,-1.08092448654329,-0.333197598858919,-0.396543283497446,0.136722451436892,-0.879510932426488,-0.768504978592997,-0.0211479797679478,-0.990737241763597,-0.866810169950057,0.516937463738684,0.49530324325402,0.499583433860212,0.867577649496993,0.871187253418242,0.703011709945697,-0.314649026026515,-0.745409890281964,-1.28629343999157,-1.50058483065129,0.669018372667992,1.42974233552084,0.852260898337173,0.0698010502462883,0.237184183045571,-0.120503843454043,-0.360526491158389,0.728744741215734,0.75873558843455,-0.234318447043062,-0.029518546530538,-0.0426818293061814,-0.748367438455199,0.336115842444728,0.489857999906033,-0.28237609839623,-0.600787582058897,-0.31674669845216,-0.242254071165761,0.129205427830601,-0.550094890330758,-0.468963982480805,-0.0122625727025431,-0.231355328498667,-0.263060364714868,0.172027781545334,0.0390663736865232,0.0465330434238393,0.180946784560529,0.186029158625444,0.195518244461175,-0.0754384765595617,-0.224709310655053,0.972949528075959,0.909531585143412,-0.525703873536483,-0.917718819488381,-0.308829507466914,-0.385589678122269,0.127456002365261,-0.798457307747402,-0.706442699893055,-0.00806000429161737,-0.205931636839548,-0.233938459877937,0.154723548350682,0.0481476110204633,0.0463795287918507,0.17227170321355,0.0103939863188818,0.0242996397025535,-0.109075754069649,-0.050018549014921,-0.928011764232749,-0.831821773865585,0.501599128848471,0.446794585085383,0.481229215643087,0.835572859470647,0.208622040386305,0.219515212297768,-0.0243442224492625,-0.0519603362986721,0.873851466283545,0.68390815901839,-0.312864161555112,-0.287579822291554,-0.747129039747142
9227.0517578125,-1.5453370250943,-0.980624851645057,-2.12993091808961,1.55838986135719,-0.188690710103128,-1.32849940599973,-1.28629343999159,1.41474243812483,2.59397330965399,2.53537997340692,-1.76012543922271,0.309638307258336,0.537947019257543,-0.17876758579041,1.07169485843496,1.0170680774295,-1.82446308056466,1.42047399250815,1.20545426047895,-0.178560121049442,1.93204803640887,1.88898943834317,-1.12622394967012,-0.499663055297737,-0.459133123814017,-0.150662345400436,-0.137881893101475,-1.09542052868858,-0.482991388339556,-0.452454947197622,-0.132053130867325,-0.11578375940243,-0.584867307644152,-0.491716543892917,-0.173272696819296,-0.289555223122662,-0.306650229859764,2.24118191013093,-0.130781764013622,3.80223897600087,3.7447090330076,4.14618499614443,4.08766230299161,-0.075079888588345,-0.0822923157224407,2.97784024141045,-1.5453370250943,2.30747732834342,-2.81310442164129,2.89747837926436,-2.53328379623812,-0.980624851645047,1.58238039083168,-1.98357966768117,2.42412962075464,-2.62467875655406,-0.310102765906546,0.205922518816312,-0.585531293545417,0.675328791786867,1.06566778859668,-1.39172275194492,1.99216744391236,0.682450040812758,-0.838363192531079,-0.809472178513938,-1.32849940599971,1.73452024288648,-2.78106256741859,3.35664797950482,-3.37083448641257,0.89721600008248,-1.69443671088704,2.34810333080174,-2.71559071473961,0.265086058740566,-0.417393282828399,0.647105872999654,-1.23815287878259,1.2987271566725,-0.733318798038311,1.07641780061139,-1.55335134080927,2.64824465006647,-2.52995564486555,-1.03911673769429,1.30207215906609,-2.12398431051023,-0.428705729914102,0.377061527930339,1.46635999117585,-0.990737241763597,1.59817116350668,-2.77818033199014,1.26607220652037,-1.43070199148993,0.45588080181263,0.871187253418242,-1.34340597731427,-0.845106973812558,-0.745409890281964,-1.28629343999157,1.71530069655446,-2.71195769300247,3.24453919844091,-3.30307637023472,0.875240607689599,-1.68873319652796,2.30113892414484,-2.67086362609949,0.254559803510672,-0.398066003494322,0.686505633820855,-1.27996537984137,1.38068642385417,-0.744800800023883,0.336115842444728,-1.02421413794279,1.64747601705163,-1.40857758227852,-0.733799150534078,0.749668762509267,-1.09486567493756,-0.294730989261904,0.15407936858586,0.774674326498681,-0.231355328498667,0.293294220731285,-0.831280979446185,0.286720820586775,-0.541348087093043,0.0656527531386223,0.186029158625444,-0.274174695864155,-0.538525421697934,-0.224709310655053,0.972949528075959,-1.4135942700848,2.40659249624363,-2.13201027272668,-1.05695281756103,1.31286203683464,-1.89197174398044,-0.370288207448762,0.338770755571141,1.35361750977317,-0.205931636839548,0.264795331836676,-0.767573686286908,0.314223626912604,-0.518492506807556,0.0654956017826672,0.0103939863188818,-0.109506354430719,-0.233130146742083,-0.050018549014921,-0.928011764232749,1.48738949260465,-2.61634998740856,1.17383930429652,-1.36424958088866,0.432738622349958,0.208622040386305,-0.298678979861151,-0.406508853040556,-0.0519603362986721,0.873851466283545,-1.31588942716853,-0.801215215633988,-0.287579822291554,-0.747129039747142
10569.26953125,-0.973899847581546,-1.30811192756897,-2.12993091808961,-0.641448069582378,-0.188690710103128,-1.32849940599973,-1.28629343999159,1.41474243812483,2.59397330965399,2.53537997340692,-1.76012543922271,0.633228281961832,-0.599109564467246,-0.17876758579041,1.55007683857406,1.48014551190635,-1.82446308056466,1.1874308811951,-0.610420556254294,-0.178560121049442,1.67625845475118,1.63713045675677,-1.12622394967012,-0.499663055297737,-0.459133123814017,-0.150662345400436,-0.137881893101475,-1.09542052868858,-0.482991388339556,-0.452454947197622,-0.132053130867325,-0.11578375940243,-0.584867307644152,-0.491716543892917,-0.173272696819296,-0.289555223122662,-0.306650229859764,-0.44602634159486,-0.130781764013622,3.80223897600087,3.7447090330076,-0.24109540919036,-0.244547150456313,-0.075079888588345,-0.0822923157224407,2.97784024141045,-0.973899847581551,0.375223064134599,0.407106699202721,-0.912682947238981,0.708155675670701,-1.30811192756896,1.35813500441054,-0.313507939500784,-0.612389566430111,1.20162335840699,0.105318073075787,-0.299907156973532,0.0536564876232327,-0.0270253030300643,1.38564435842638,-1.15193217838531,0.451853595841698,0.0926320231765849,-0.04773616274511,-1.20769456413253,-1.32849940599971,1.00434800548098,-0.305462191185327,-0.519302104422461,1.11933651472671,1.29864508758891,-1.44349770816028,0.520446832498503,0.587745557933507,-0.234512941376318,0.136002976327785,-0.0374569803030361,-1.61141246594194,1.06043018474979,-0.0941565827507328,1.07641780061139,-0.988749929018216,0.336986259991208,0.452403276732899,-1.39207630711197,1.08034881039045,-0.449119014969357,0.0481767332181201,-0.178152470293204,1.92482239747343,-0.990737241763597,1.05039753384963,-0.423073422611533,1.65145668815355,-1.17873834057521,0.0203689539162058,0.871187253418242,-0.888646491256499,-1.11033594770558,-0.745409890281964,-1.28629343999157,1.00065946828652,-0.295485631510348,-0.490629354653016,1.07145519841195,1.27796038641125,-1.43733971453582,0.507042715861907,0.561948191457349,-0.247054818088058,0.162593227854377,-0.0130686063761909,-1.66536355944449,1.12802059361323,-0.0882428554484119,0.336115842444728,-0.687753662865274,0.26816021320951,0.253995165102823,-0.942325376575036,0.620191279378454,-0.188001395231038,-0.024595317672305,-0.147886853403427,1.01721486507693,-0.231355328498667,0.169659868409918,-0.114189955169591,0.410548044036901,-0.464610898901284,-0.0563105724452523,0.186029158625444,-0.169798486902971,-0.77006889426712,-0.224709310655053,0.972949528075959,-0.897344080034086,0.310803553655163,0.367213383153188,-1.43101447260809,1.09116005981988,-0.395860215436321,0.0826487463609346,-0.16780580572037,1.77329791612646,-0.205931636839548,0.15396560034454,-0.108383719660742,0.447261634858674,-0.444758737428121,-0.0474570659554928,0.0103939863188818,-0.0797716890677693,-0.295157343078301,-0.050018549014921,-0.928011764232749,0.972009211166818,-0.387870169082768,1.53736166390209,-1.12335589275677,0.00660205125121126,0.208622040386305,-0.183524714936947,-0.597591168336202,-0.0519603362986721,0.873851466283545,-0.871489963571436,-1.04539074267343,-0.287579822291554,-0.747129039747142
6040.3349609375,-0.0215045517269594,-0.325650699797235,0.469323281677592,1.55838986135719,-0.188690710103128,-1.32849940599973,-1.28629343999159,1.41474243812483,2.59397330965399,2.53537997340692,0.293358002896733,1.17254490646766,1.54866398256847,-0.17876758579041,2.34738013880587,2.25194123603443,0.205899846163342,1.88656021513426,1.60898199753078,-0.178560121049442,2.44362719972426,2.39270740151598,-1.12622394967012,-0.499663055297737,-0.459133123814017,-0.150662345400436,-0.137881893101475,-1.09542052868858,-0.482991388339556,-0.452454947197622,-0.132053130867325,-0.11578375940243,1.70915035796891,2.03293173809087,-0.173272696819296,3.45228159742381,3.25982526959618,2.24118191013093,-0.130781764013622,3.80223897600087,3.7447090330076,4.14618499614443,4.08766230299161,-0.075079888588345,-0.0822923157224407,2.97784024141045,-0.0215045517269686,-1.15443378785978,0.291775307291077,1.1490625776466,-0.503324061423783,-0.325650699797225,0.181328659423846,0.503439236508899,-0.208714723939163,-0.285271774368323,-0.702807236973186,-0.197588071446202,0.707026755099413,-0.236965024411921,0.0274851773315261,-0.0641075661002824,0.0136440807573043,0.685654126037169,0.014134706493429,0.365275385271113,-1.32849940599971,-0.212605723528191,1.65433116957904,-0.380485517129196,-1.31037424402108,0.0943578250696166,-0.126607245767915,-0.373585914604743,0.14860005370165,0.737365594757455,0.0240621356037009,-0.73720911534678,-0.0270904154181826,-0.0206186123000831,-0.736790937153716,1.07641780061139,-0.0477475760331307,-1.49270680814946,0.345590526667646,-0.333197598858919,-0.0832222566332841,0.370173025187229,-0.879510932426488,-0.0658439378183164,-0.0211479797679478,-0.990737241763597,0.137441484421207,1.44133204815884,0.49530324325402,0.143529322696079,0.867577649496993,0.871187253418242,-0.130714014493549,-0.314649026026515,-0.745409890281964,-1.28629343999157,-0.190409245493391,1.6174991733274,-0.356854837366083,-1.29568102293148,0.0698010502462883,-0.118064212737774,-0.370573380569682,0.132178207864707,0.728744741215734,0.0491832351439292,-0.728165205377649,-0.029518546530538,-0.0182134085803888,-0.748367438455199,0.336115842444728,-0.126986204402747,-0.823766408194608,0.194450364493726,-0.31674669845216,-0.0592872424007836,0.255608420939849,-0.550094890330758,-0.0868052103664866,-0.0122625727025431,-0.231355328498667,-0.0363973854590278,0.453490613121197,0.0390663736865232,-0.0619055795111009,0.180946784560529,0.186029158625444,0.0041618613656699,-0.0754384765595617,-0.224709310655053,0.972949528075959,-0.0369270966162297,-1.34831449087257,0.277704052207338,-0.308829507466914,-0.0722988519148007,0.335991038384575,-0.798457307747402,-0.065335640402388,-0.00806000429161737,-0.205931636839548,-0.0307506188090209,0.413459843007515,0.0481476110204633,-0.057814912048596,0.17227170321355,0.0103939863188818,-0.0302139134628537,-0.109075754069649,-0.050018549014921,-0.928011764232749,0.113042075437103,1.37629176693915,0.446794585085383,0.140818256754883,0.835572859470647,0.208622040386305,0.00839905993672694,-0.0243442224492625,-0.0519603362986721,0.873851466283545,-0.130824190909614,-0.312864161555112,-0.287579822291554,-0.747129039747142
3880.8330078125,-0.973899847581546,-2.61806023126461,-2.12993091808961,-0.641448069582378,5.29769678474325,-1.32849940599973,-1.28629343999159,1.41474243812483,2.59397330965399,2.53537997340692,-1.76012543922271,0.633228281961832,-0.599109564467246,3.46931855780283,1.55007683857406,1.48014551190635,-1.82446308056466,0.255258435942894,-0.610420556254294,1.7890951778476,0.653100128120396,0.629694530411162,-1.12622394967012,-0.499663055297737,-0.459133123814017,-0.150662345400436,-0.137881893101475,-1.09542052868858,-0.482991388339556,-0.452454947197622,-0.132053130867325,-0.11578375940243,-0.584867307644152,-0.491716543892917,-0.173272696819296,-0.289555223122662,-0.306650229859764,-0.44602634159486,7.64346754124059,3.80223897600087,3.7447090330076,-0.24109540919036,-0.244547150456313,13.3141669096665,12.1472601596958,2.97784024141045,-0.973899847581551,0.375223064134599,0.407106699202721,-0.912682947238981,0.708155675670701,-2.6180602312646,2.54310714778233,-0.776774349921533,-1.10441994294212,2.33528897737309,3.22745878533188,-2.94359632058607,1.04535941484156,1.04922462787839,-1.1244927271736,0.819558829623266,-0.296317258377224,-2.17866785732435,1.76570212353238,2.75661709833093,-1.32849940599971,1.00434800548098,-0.305462191185327,-0.519302104422461,1.11933651472671,2.90436143761464,-2.76952600538585,1.02742617426223,1.1230103429705,-3.98930382256679,3.02829610094618,-1.09955955091848,1.31671671796391,-0.898780848475009,2.36716033161129,1.07641780061139,-0.988749929018216,0.336986259991208,0.452403276732899,-2.80391458478271,2.25199383688977,-0.91371512800511,3.63223899825388,-3.07994590164459,-1.67170183870256,-0.990737241763597,1.05039753384963,-0.423073422611533,3.19299461468625,-2.5101811507986,-3.25276793136444,0.871187253418242,-0.888646491256499,-2.17125184327767,-0.745409890281964,-1.28629343999157,1.00065946828652,-0.295485631510348,-0.490629354653016,1.07145519841195,2.88883950129788,-2.76576960083219,1.00471266400616,1.08578536083803,-4.01699432279098,3.0928458510945,-1.09846141620353,1.35798988127589,-0.949327172633392,2.44006237848235,0.336115842444728,-0.687753662865274,0.26816021320951,0.253995165102823,-1.77643028073887,1.30438466749019,-0.439559308887942,2.00563884238724,-1.7260956202251,-0.885455699116854,-0.231355328498667,0.169659868409918,-0.114189955169591,0.905856937837404,-0.870110569682207,-0.97293927393356,0.186029158625444,-0.169798486902971,-1.69624278454387,-0.224709310655053,0.972949528075959,-0.897344080034086,0.310803553655163,0.367213383153188,-2.92726109279632,2.2626921527904,-0.810871262999466,3.48674591933556,-2.81539852264684,-1.51899111818549,-0.205931636839548,0.15396560034454,-0.108383719660742,0.979413666642954,-0.83438754600634,-0.896365183726257,0.0103939863188818,-0.0797716890677693,-0.54326612842317,-0.050018549014921,-0.928011764232749,0.972009211166818,-0.387870169082768,2.99145110232437,-2.39630208133206,-3.19607391673312,0.208622040386305,-0.183524714936947,-1.36192042951879,-0.0519603362986721,0.873851466283545,-0.871489963571436,-2.02209285083118,-0.287579822291554,-0.747129039747142
0,0.168974507443958,-0.653137775721146,-2.12993091808961,1.55838986135719,-0.188690710103128,-1.32849940599973,-1.28629343999159,1.41474243812483,2.59397330965399,2.53537997340692,-1.76012543922271,1.28040823136882,1.67500360298233,-0.17876758579041,2.50684079885224,2.40630038086005,-1.82446308056466,1.65351710382121,1.40721812900486,-0.178560121049442,2.18783761806657,2.14084841992958,-1.12622394967012,-0.499663055297737,-0.459133123814017,-0.150662345400436,-0.137881893101475,-1.09542052868858,-0.482991388339556,-0.452454947197622,-0.132053130867325,-0.11578375940243,-0.584867307644152,-0.491716543892917,-0.173272696819296,-0.289555223122662,-0.306650229859764,2.24118191013093,-0.130781764013622,3.80223897600087,3.7447090330076,4.14618499614443,4.08766230299161,-0.075079888588345,-0.0822923157224407,2.97784024141045,0.168974507443948,-1.20675012000561,-0.103307646316535,1.27402702557017,0.130240118608541,-0.653137775721136,0.0723141679858486,0.891972982476095,-0.0587950211659845,-0.719484482103485,-0.579477869256204,-0.295862251981148,0.612165685851728,-0.0126401276378599,0.577767893095068,0.0151022526992813,-0.514991554136766,0.8894275417093,0.14943251449301,-0.1735776336434,-1.32849940599971,-0.455996469330025,1.72135875178825,0.0950490828483056,-1.45764143093433,0.495786912576048,-0.0046159388304298,-0.798780960808378,-0.0144930017445633,0.589045570785157,0.131577701579062,-0.63561398767896,-0.669007101430994,-0.0993350509251826,-0.957612044483902,1.07641780061139,0.140452894563886,-1.55528478447988,-0.0203106913724624,-0.686157168276603,-0.191010686449231,0.759821970371135,-0.737934951795638,-0.173712659857509,0.767297055901994,-0.990737241763597,-0.0451497254644775,1.50509723558381,0.880687724887195,0.266018751369289,0.738283700339559,0.871187253418242,0.0208724808590415,-0.579877999919536,-0.745409890281964,-1.28629343999157,-0.428622988249373,1.68292583964758,0.101407484202399,-1.4391555048642,0.472520828967944,0.00414803442405434,-0.78796079493493,-0.0274328984491264,0.579826323278603,0.158109874203037,-0.62434225631893,-0.692310691077894,-0.101676300107489,-0.97519851338405,0.336115842444728,-0.0148327127102419,-0.86111177472552,-0.00952823410535697,-0.525272924493119,-0.122231333253423,0.466585811750551,-0.469897513481388,-0.14547215783036,0.404848799928983,-0.231355328498667,-0.0776088362328169,0.472906055953825,0.162893597136649,-0.0246006178411387,0.144738538807216,0.186029158625444,0.038953931019398,-0.306981949128748,-0.224709310655053,0.972949528075959,0.135156300067342,-1.40505857081016,-0.0289220125558434,-0.682891162513973,-0.180076892126842,0.684053823210765,-0.663990225484874,-0.163754928201978,0.713689322178605,-0.205931636839548,-0.067693862639733,0.431307598284864,0.181185618966533,-0.021970030247505,0.138738524839015,0.0103939863188818,-0.0203023583418706,-0.171102950405866,-0.050018549014921,-0.928011764232749,-0.0587513517088405,1.43662848996538,0.810316944690952,0.257926141654699,0.70906222508977,0.208622040386305,0.0467838149114616,-0.215426537744909,-0.0519603362986721,0.873851466283545,0.0173089636227501,-0.55703968859455,-0.287579822291554,-0.747129039747142
5775.06201171875,-1.25961843633792,0.656810527974498,-2.12993091808961,1.55838986135719,-0.188690710103128,-1.32849940599973,-1.28629343999159,-0.706578202000684,2.59397330965399,2.53537997340692,-1.76012543922271,-0.661131616852152,0.727456449878341,-0.17876758579041,1.31088584850451,1.24860679466792,-1.82446308056466,-0.676914009309313,2.21427360310853,-0.178560121049442,3.21099594469735,3.14828434627518,-1.12622394967012,-0.499663055297737,-0.459133123814017,-0.150662345400436,-0.137881893101475,-1.09542052868858,-0.482991388339556,-0.452454947197622,-0.132053130867325,-0.11578375940243,-0.584867307644152,-0.491716543892917,-0.173272696819296,-0.289555223122662,-0.306650229859764,-0.44602634159486,-0.130781764013622,-0.262904613448501,-0.266943615488728,4.14618499614443,4.08766230299161,-0.075079888588345,-0.0822923157224407,2.97784024141045,-1.25961843633793,1.24624455689412,-0.772650728281754,-0.0905281035533678,0.907385005257735,0.656810527974507,-0.593631599251815,0.920599402808284,-0.589272049467584,0.0131657778655388,-0.196520926328079,0.00449584179462019,-0.1871212779843,0.0652413557534815,-0.942254837430869,0.893542113693917,-0.893944639522441,-1.23006017831335,1.29644381322153,-0.608108605185005,-1.32849940599971,1.36943412418373,-1.42141322057309,0.900692029028572,0.150449498871345,-1.10992943744968,0.740602365848036,-0.830108515344188,0.562596718881628,0.12848873824059,-0.197025093903918,0.220413271745242,1.10413227927714,-0.972303307282386,1.33919209831551,1.07641780061139,-1.27105063491374,1.3788552160422,-0.640214553944667,0.725681109394132,-0.849466710471967,0.788530556440183,-0.298319426814917,0.155969496262826,-1.41059140335251,-0.990737241763597,1.32428434867816,-1.48470841227743,-0.660850201645505,1.01427997315996,0.336805800752327,0.871187253418242,-1.11602623428538,0.48103789565255,-0.745409890281964,-1.28629343999157,1.35798008242049,-1.38478280176364,0.877788018635239,0.127520805660365,-1.13835828591868,0.75071601477658,-0.818713098149267,0.537336266611152,0.117411384042328,-0.174805622940801,0.250456334797221,1.13849208805014,-1.02728289714821,1.38411649463832,0.336115842444728,-0.855983900404032,0.889928130974353,-0.355105441612154,0.308831979670717,-0.506743064886638,0.482130220782258,-0.22087213665818,0.0338332549644696,-0.747320347671928,-0.231355328498667,0.231477044570601,-0.437440215748314,-0.332415296663854,0.203287261956974,0.0323062823287814,0.186029158625444,-0.221986591383563,0.619191941147997,-0.224709310655053,0.972949528075959,-1.15546917505944,1.25554320158641,-0.548402879359558,0.813355457674261,-0.838469448323852,0.709698420839276,-0.246448939893481,0.137046660916761,-1.27996839330003,-0.205931636839548,0.209380466090608,-0.405533344002711,-0.350966412817747,0.196998539872805,0.0346127702462811,0.0103939863188818,-0.094639021749244,0.0770058349390033,-0.050018549014921,-0.928011764232749,1.22969935188573,-1.39242420417886,-0.643772493731325,0.973312685502809,0.31622695245967,0.208622040386305,-0.241101847399049,0.548902723437677,-0.0519603362986721,0.873851466283545,-1.09368969536998,0.419662419563202,-0.287579822291554,-0.747129039747142
0,-0.592941729239711,-0.980624851645057,-2.12993091808961,1.55838986135719,-0.188690710103128,-1.32849940599973,-1.28629343999159,1.41474243812483,2.59397330965399,2.53537997340692,-1.76012543922271,0.848954931764163,1.16964512132687,-0.17876758579041,1.86899815866678,1.78886380155758,-1.82446308056466,1.42047399250815,1.20545426047895,-0.178560121049442,1.93204803640887,1.88898943834317,-1.12622394967012,-0.499663055297737,-0.459133123814017,-0.150662345400436,-0.137881893101475,-1.09542052868858,-0.482991388339556,-0.452454947197622,-0.132053130867325,-0.11578375940243,-0.584867307644152,-0.491716543892917,-0.173272696819296,-0.289555223122662,-0.306650229859764,2.24118191013093,-0.130781764013622,3.80223897600087,3.7447090330076,4.14618499614443,4.08766230299161,-0.075079888588345,-0.0822923157224407,2.97784024141045,-0.592941729239718,-0.4902547149162,0.933140068228888,-0.281068937511717,-0.702028011214909,-0.980624851645047,0.714899687058203,0.602227542721376,-0.965314841756562,0.330899473042123,-0.310102765906546,-0.0508606193288569,0.148900304987492,-0.308351957144995,1.06566778859668,-0.57321623243127,-0.376160153603335,0.682450040812758,-0.305516701270022,-0.809472178513938,-1.32849940599971,0.517566513877313,0.803386243064081,-1.15245285271599,0.374996664688557,0.89721600008248,-0.723693249165121,-0.481695696214136,0.971682161545055,0.265086058740566,-0.136463090581313,-0.139462026856193,-1.23815287878259,0.485318930470437,-0.733318798038311,1.07641780061139,-0.612348987824182,-0.698251604562774,0.93958261134823,-1.03911673769429,0.444347816898635,0.469244881137282,-0.428705729914102,0.0952085651057525,1.46635999117585,-0.990737241763597,0.68521511407826,0.631804672425712,1.26607220652037,-0.455994735705664,0.45588080181263,0.871187253418242,-0.585473500551319,-0.845106973812558,-0.745409890281964,-1.28629343999157,0.524231982774555,0.786878585072118,-1.1007829204073,0.346285005346368,0.875240607689599,-0.716231607250909,-0.476697999415607,0.937687954803832,0.254559803510672,-0.113448782033414,-0.117310463196804,-1.27996537984137,0.51823121454156,-0.744800800023883,0.336115842444728,-0.463446679480264,-0.34965039310205,0.525582558207308,-0.733799150534078,0.248792378911354,0.309251378092603,-0.294730989261904,0.000786990128283786,0.774674326498681,-0.231355328498667,0.0872369668623394,0.207002942972255,0.286720820586775,-0.244494577281394,0.0656527531386223,0.186029158625444,-0.100214347595515,-0.538525421697934,-0.224709310655053,0.972949528075959,-0.553177286666943,-0.627923193123886,0.775470789365674,-1.05695281756103,0.455220369738991,0.424489227603589,-0.370288207448762,0.0816084629158024,1.35361750977317,-0.205931636839548,0.0800791126831154,0.186874662662864,0.314223626912604,-0.233257554267573,0.0654956017826672,0.0103939863188818,-0.059948578825803,-0.233130146742083,-0.050018549014921,-0.928011764232749,0.628422356874932,0.610290269504161,1.17383930429652,-0.432365855429138,0.432738622349958,0.208622040386305,-0.106755204987477,-0.406508853040556,-0.0519603362986721,0.873851466283545,-0.575223654506707,-0.801215215633988,-0.287579822291554,-0.747129039747142
0,-0.68818125882517,-1.63559900349288,0.469323281677592,1.55838986135719,-0.188690710103128,-1.32849940599973,-1.28629343999159,1.41474243812483,2.59397330965399,2.53537997340692,-0.129417999892563,0.79502326931358,1.10647531111994,-0.17876758579041,1.7892678286436,1.71168422914477,-0.532413945374112,0.95438776988205,0.801926523427117,-0.178560121049442,1.42046887309348,1.38527147517037,-1.12622394967012,-0.499663055297737,-0.459133123814017,-0.150662345400436,-0.137881893101475,-1.09542052868858,-0.482991388339556,-0.452454947197622,-0.132053130867325,-0.11578375940243,1.70915035796891,2.03293173809087,-0.173272696819296,3.45228159742381,3.25982526959618,2.24118191013093,-0.130781764013622,3.80223897600087,3.7447090330076,4.14618499614443,4.08766230299161,-0.075079888588345,-0.0822923157224407,2.97784024141045,-0.688181258825176,-0.305587149935131,0.895043790976805,-0.536140016360194,-0.403069827270686,-1.63559900349287,1.22031278922676,0.620193792644422,-1.47172323611763,0.901054054929387,0.666784647690796,-0.609691000534232,-0.152284830183112,0.442008325686348,1.43215709717418,-0.858465135124382,-0.308799093106075,-0.756168415345631,0.452836839381205,-1.0770181279137,-1.32849940599971,0.63926188677823,0.566790520744687,-1.10659894330714,0.675590960659174,1.70007417509534,-1.28926947727548,-0.501357207074973,1.52258835207369,-0.909751429565495,0.474917888557531,0.183103831846203,-1.66567058137801,0.768791081802299,0.82565453254412,1.07641780061139,-0.70644922312269,-0.477362218086493,0.904300212748024,-1.74503587652965,0.944076650859578,0.487262699162325,0.692712437601029,-0.5181806153399,1.99146584621456,-0.990737241763597,0.776510719021102,0.406724637007538,2.03684116978672,-1.02388035634163,-0.568251843349713,0.871187253418242,-0.661266748227614,-1.3755649215986,-0.745409890281964,-1.28629343999157,0.643338854152546,0.555933817757422,-1.05659450808214,0.639137824703346,1.68068016513291,-1.28283215866642,-0.495998476347289,1.47683259407031,-0.925017541517588,0.505956181686187,0.212328757550481,-1.7213861765108,0.818796202373987,0.856602257124368,0.336115842444728,-0.519523425326516,-0.217827736242899,0.505913713538703,-1.150851602616,0.54061384045627,0.319007216731487,0.340509501287408,-0.332819176180411,1.05247127373412,-0.231355328498667,0.107842692249234,0.138469802289985,0.534375267487027,-0.417447880600873,-0.221151437944408,0.186029158625444,-0.117610382422379,-1.00161236683631,-0.224709310655053,0.972949528075959,-0.639218985008729,-0.427626447550119,0.745904057950745,-1.80507612765515,0.95490103540716,0.440584053461075,0.694820635944215,-0.478047062265085,1.83430389887286,-0.205931636839548,0.0985507345984714,0.123875186739001,0.580299642804744,-0.399441633732444,-0.200119478375465,0.0103939863188818,-0.0649043563862946,-0.357184539414518,-0.050018549014921,-0.928011764232749,0.714319070447904,0.397312117879699,1.90088402350766,-0.975301557048933,-0.56934748820647,0.208622040386305,-0.125947582474845,-0.788673483631849,-0.0519603362986721,0.873851466283545,-0.64929023177289,-1.28956626971286,-0.287579822291554,-0.747129039747142
0,-1.45009749550884,-0.325650699797235,-2.12993091808961,-0.641448069582378,-0.188690710103128,-1.32849940599973,-1.28629343999159,1.41474243812483,2.59397330965399,2.53537997340692,-1.76012543922271,0.363569969708919,-0.599109564467246,-0.17876758579041,1.15142518845815,1.09424764984231,-1.82446308056466,1.88656021513426,-0.610420556254294,-0.178560121049442,2.44362719972426,2.39270740151598,-1.12622394967012,-0.499663055297737,-0.459133123814017,-0.150662345400436,-0.137881893101475,-1.09542052868858,-0.482991388339556,-0.452454947197622,-0.132053130867325,-0.11578375940243,-0.584867307644152,-0.491716543892917,-0.173272696819296,-0.289555223122662,-0.306650229859764,-0.44602634159486,-0.130781764013622,3.80223897600087,3.7447090330076,-0.24109540919036,-0.244547150456313,-0.075079888588345,-0.0822923157224407,2.97784024141045,-1.45009749550884,1.93259848467256,-2.02689583195726,1.59245607131494,-0.749108939623212,-0.325650699797225,0.613444515610626,-0.444063156328143,0.487944965618837,-0.422187147603618,-0.702807236973186,0.675359871924441,-1.12958344365184,1.14287200750086,0.0274851773315261,-0.0957733400073749,0.0810430931853368,0.685654126037169,-0.788887581062882,0.365275385271113,-1.32849940599971,1.61282486998557,-2.30076852764145,2.41034193471,-1.83290135947803,0.0943578250696166,-0.610161104977705,0.663320989575509,-0.609274697078285,0.737365594757455,-0.930975003221868,1.22977954604981,-0.0270904154181826,0.0108499226120009,-0.736790937153716,1.07641780061139,-1.45925110551076,2.1998347856169,-1.80181822974261,-0.333197598858919,0.344033689090573,-0.580048961346092,-0.879510932426488,0.892330208692612,-0.0211479797679478,-0.990737241763597,1.50687555856384,-2.32126336652515,0.49530324325402,-0.341999010709558,0.867577649496993,0.871187253418242,-1.26761272963797,-0.314649026026515,-0.745409890281964,-1.28629343999157,1.59619382517647,-2.24313520470225,2.33260470403719,-1.80475102526777,0.0698010502462883,-0.602493843351427,0.647293350328203,-0.609516324059735,0.728744741215734,-0.918388155706916,1.28195642426369,-0.029518546530538,0.0151526196820556,-0.748367438455199,0.336115842444728,-0.968137392096538,1.37987339188005,-1.00266352077339,-0.31674669845216,0.190212978642368,-0.258894076468789,-0.550094890330758,0.43432038797122,-0.0122625727025431,-0.231355328498667,0.27268849534439,-0.692157335644767,0.0390663736865232,-0.209776428967838,0.180946784560529,0.186029158625444,-0.256778661037291,-0.0754384765595617,-0.224709310655053,0.972949528075959,-1.32755257174301,1.99998610394389,-1.52182943921683,-0.308829507466914,0.354915911095383,-0.512816368702747,-0.798457307747402,0.808901258903067,-0.00806000429161737,-0.205931636839548,0.24632370992132,-0.639683492420817,0.0481476110204633,-0.199898240467387,0.17227170321355,0.0103939863188818,-0.104550576870227,-0.109075754069649,-0.050018549014921,-0.928011764232749,1.40149277903168,-2.18400008765048,0.446794585085383,-0.323378505365395,0.835572859470647,0.208622040386305,-0.279486602373783,-0.0243442224492625,-0.0519603362986721,0.873851466283545,-1.24182284990235,-0.312864161555112,-0.287579822291554,-0.747129039747142
0,-1.35485796592338,-1.30811192756897,-2.12993091808961,1.55838986135719,-0.188690710103128,-1.32849940599973,-1.28629343999159,1.41474243812483,2.59397330965399,2.53537997340692,-1.76012543922271,0.417501632159501,0.664286639671409,-0.17876758579041,1.23115551848133,1.17142722225511,-1.82446308056466,1.1874308811951,1.00369039195303,-0.178560121049442,1.67625845475118,1.63713045675677,-1.12622394967012,-0.499663055297737,-0.459133123814017,-0.150662345400436,-0.137881893101475,-1.09542052868858,-0.482991388339556,-0.452454947197622,-0.132053130867325,-0.11578375940243,-0.584867307644152,-0.491716543892917,-0.173272696819296,-0.289555223122662,-0.306650229859764,2.24118191013093,-0.130781764013622,3.80223897600087,3.7447090330076,4.14618499614443,4.08766230299161,-0.075079888588345,-0.0822923157224407,2.97784024141045,-1.35485796592338,1.5788542275228,-1.34882948886414,0.610994814257264,0.344136193193809,-1.30811192756896,1.82100797918305,-1.79747909390505,1.50686508354108,-0.688320560897194,0.105318073075787,-0.334790954580103,0.160965432631119,-0.183615311983227,1.38564435842638,-1.5776404350242,1.77668014135154,0.0926320231765849,-0.0766664261057939,-1.20769456413253,-1.32849940599971,1.49112949708465,-1.84755207869295,1.5941993897668,-0.676276088908082,1.29864508758891,-1.9614699372988,2.14444266326235,-1.71772670314299,-0.234512941376318,0.174167133206272,-0.152383641518604,-1.61141246594194,1.48348680025234,-0.0941565827507328,1.07641780061139,-1.36515087021225,1.77670497427548,-1.17383542617122,-1.39207630711197,1.53801595626108,-1.93734957666113,0.0481767332181201,-0.216441984865717,1.92482239747343,-0.990737241763597,1.415579953621,-1.89010605995424,1.65145668815355,-1.69882558292502,0.0203689539162058,0.871187253418242,-1.19181948196168,-1.11033594770558,-0.745409890281964,-1.28629343999157,1.47708695379848,-1.8007435742893,1.54610593529528,-0.677913370773329,1.27796038641125,-1.9562500506869,2.10121796977076,-1.69430347517252,-0.247054818088058,0.201258264898881,-0.130515428549457,-1.66536355944449,1.57658672574833,-0.0882428554484119,0.336115842444728,-0.912060646250285,1.12735742985429,-0.652582553831169,-0.942325376575036,0.887450413398115,-0.993811354968724,-0.024595317672305,-0.168711508571092,1.01721486507693,-0.231355328498667,0.252082769957496,-0.56087708107881,0.410548044036901,-0.623006891527376,-0.0563105724452523,0.186029158625444,-0.239382626210427,-0.77006889426712,-0.224709310655053,0.972949528075959,-1.24151087340123,1.61630300572482,-0.995578401219635,-1.43101447260809,1.54878309167591,-1.72525602201652,0.0826487463609346,-0.202741111184077,1.77329791612646,-0.205931636839548,0.227852088005964,-0.519003378326085,0.447261634858674,-0.596955265162939,-0.0474570659554928,0.0103939863188818,-0.0995947993097356,-0.295157343078301,-0.050018549014921,-0.928011764232749,1.3155960654587,-1.77602482657391,1.53736166390209,-1.62059322641644,0.00660205125121126,0.208622040386305,-0.260294224886416,-0.597591168336202,-0.0519603362986721,0.873851466283545,-1.16775627263616,-1.04539074267343,-0.287579822291554,-0.747129039747142
2113.72192382812,-0.0215045517269594,0.0018363761266763,-2.12993091808961,1.55838986135719,-0.188690710103128,-1.32849940599973,-1.28629343999159,-0.706578202000684,2.59397330965399,2.53537997340692,-1.76012543922271,-0.661131616852152,1.54866398256847,-0.17876758579041,2.34738013880587,2.25194123603443,-1.82446308056466,-0.676914009309313,1.8107458660567,-0.178560121049442,2.69941678138196,2.64456638310238,-1.12622394967012,-0.499663055297737,-0.459133123814017,-0.150662345400436,-0.137881893101475,-1.09542052868858,-0.482991388339556,-0.452454947197622,-0.132053130867325,-0.11578375940243,-0.584867307644152,-0.491716543892917,-0.173272696819296,-0.289555223122662,-0.306650229859764,-0.44602634159486,-0.130781764013622,-0.262904613448501,-0.266943615488728,4.14618499614443,4.08766230299161,-0.075079888588345,-0.0822923157224407,2.97784024141045,-0.0215045517269686,-1.15443378785978,0.291775307291077,1.1490625776466,-0.503324061423783,0.00183637612668535,0.17478735673871,0.147110929369987,-0.120554596272086,0.0715478480041688,-0.680090869057492,-0.198012801417593,0.6848270339083,-0.231352737769168,-0.479639853283965,-0.0553127147511696,0.478692204004273,0.139167089991882,0.0237690973781863,0.523731327539782,-1.32849940599971,-0.212605723528191,1.65433116957904,-0.380485517129196,-1.31037424402108,-0.307071262436815,-0.11928728258589,0.0163648492354327,0.0526933494874243,0.71004613065746,0.0245268058050929,-0.713433466110608,0.564481897724801,-0.0293586824950566,-0.144584775014889,1.07641780061139,-0.0477475760331307,-1.49270680814946,0.345590526667646,0.0197619705587645,-0.0896899907490064,0.012821957340559,-0.853433671806651,-0.0663101343205545,-0.7477566872538,-0.990737241763597,0.137441484421207,1.44133204815884,0.109918761620845,0.150879175161671,0.843762649284933,0.871187253418242,-0.130714014493549,-0.0494200521334932,-0.745409890281964,-1.28629343999157,-0.190409245493391,1.6174991733274,-0.356854837366083,-1.29568102293148,-0.332918728475367,-0.110730992264322,0.0122169235559564,0.0383190602715435,0.701315057322065,0.0496540038447158,-0.703868193541057,0.581292000424232,-0.0274804885367947,-0.140043524307904,0.336115842444728,-0.126986204402747,-0.823766408194608,0.194450364493726,-0.108220472411201,-0.0630641379774785,0.0621188790597233,-0.535323119810013,-0.0870587623247151,-0.396660649466282,-0.231355328498667,-0.0363973854590278,0.453490613121197,-0.0847608497636027,-0.0596671335694491,0.174277490398561,0.186029158625444,0.0041618613656699,0.156104996009625,-0.224709310655053,0.972949528075959,-0.0369270966162297,-1.34831449087257,0.277704052207338,0.0652321475801442,-0.0787659626130027,0.0167790672688331,-0.773689454236345,-0.0657609975110803,-0.673203827271876,-0.205931636839548,-0.0307506188090209,0.413459843007515,-0.0848903969256068,-0.0556640767011027,0.166095136906273,0.0103939863188818,-0.0302139134628537,-0.0470485577334314,-0.050018549014921,-0.928011764232749,0.113042075437103,1.37629176693915,0.0832722254798136,0.147845195209038,0.812270525492589,0.208622040386305,0.00839905993672694,0.166738092846384,-0.0519603362986721,0.873851466283545,-0.130824190909614,-0.0686886345156736,-0.287579822291554,-0.747129039747142
7618.63916015625,-0.973899847581546,-0.653137775721146,-2.12993091808961,1.55838986135719,-0.188690710103128,-1.32849940599973,-1.28629343999159,1.41474243812483,2.59397330965399,2.53537997340692,-1.76012543922271,0.633228281961832,0.91696588049914,-0.17876758579041,1.55007683857406,1.48014551190635,-1.82446308056466,1.65351710382121,1.40721812900486,-0.178560121049442,2.18783761806657,2.14084841992958,-1.12622394967012,-0.499663055297737,-0.459133123814017,-0.150662345400436,-0.137881893101475,-1.09542052868858,-0.482991388339556,-0.452454947197622,-0.132053130867325,-0.11578375940243,-0.584867307644152,-0.491716543892917,-0.173272696819296,-0.289555223122662,-0.306650229859764,2.24118191013093,-0.130781764013622,3.80223897600087,3.7447090330076,4.14618499614443,4.08766230299161,-0.075079888588345,-0.0822923157224407,2.97784024141045,-0.973899847581551,0.375223064134599,0.407106699202721,-0.912682947238981,0.708155675670701,-0.653137775721136,0.765648932724646,-0.0818747342904092,-0.366374378174105,0.634790548923945,-0.579477869256204,0.279947429631797,-0.163859058006077,-0.263084998458918,0.577767893095068,-0.517416559250615,0.211058131467363,0.8894275417093,-0.683909092637077,-0.1735776336434,-1.32849940599971,1.00434800548098,-0.305462191185327,-0.519302104422461,1.11933651472671,0.495786912576048,-0.780483559547499,0.266957161616641,0.320113165415012,0.589045570785157,-0.498379256349413,0.195499698376658,-0.669007101430994,0.429866820924016,-0.957612044483902,1.07641780061139,-0.988749929018216,0.336986259991208,0.452403276732899,-0.686157168276603,0.494526297140786,-0.21682095845148,-0.737934951795638,0.458313515840756,0.767297055901994,-0.990737241763597,1.05039753384963,-0.423073422611533,0.880687724887195,-0.513016935463525,0.738283700339559,0.871187253418242,-0.888646491256499,-0.579877999919536,-0.745409890281964,-1.28629343999157,1.00065946828652,-0.295485631510348,-0.490629354653016,1.07145519841195,0.472520828967944,-0.773124771387636,0.258207741789781,0.30002960676701,0.579826323278603,-0.480114866154781,0.224996445941386,-0.692310691077894,0.459435447293192,-0.97519851338405,0.336115842444728,-0.687753662865274,0.26816021320951,0.253995165102823,-0.525272924493119,0.278094585322585,-0.0622224384025862,-0.469897513481388,0.198270177709785,0.404848799928983,-0.231355328498667,0.169659868409918,-0.114189955169591,0.162893597136649,-0.261861063510823,0.144738538807216,0.186029158625444,-0.169798486902971,-0.306981949128748,-0.224709310655053,0.972949528075959,-0.897344080034086,0.310803553655163,0.367213383153188,-0.682891162513973,0.505394013334619,-0.188354691654749,-0.663990225484874,0.412904968262922,0.713689322178605,-0.205931636839548,0.15396560034454,-0.108383719660742,0.181185618966533,-0.249944333139012,0.138738524839015,0.0103939863188818,-0.0797716890677693,-0.171102950405866,-0.050018549014921,-0.928011764232749,0.972009211166818,-0.387870169082768,0.810316944690952,-0.486882798469124,0.70906222508977,0.208622040386305,-0.183524714936947,-0.215426537744909,-0.0519603362986721,0.873851466283545,-0.871489963571436,-0.55703968859455,-0.287579822291554,-0.747129039747142
9920.9453125,-1.16437890675246,-1.30811192756897,-2.12993091808961,-0.641448069582378,5.29769678474325,-1.32849940599973,-1.28629343999159,1.41474243812483,2.59397330965399,2.53537997340692,-1.76012543922271,0.525364957060667,-0.599109564467246,3.16531137917006,1.39061617852769,1.32578636708073,-1.82446308056466,1.1874308811951,-0.610420556254294,3.75675047674465,1.67625845475118,1.63713045675677,-1.12622394967012,-0.499663055297737,-0.459133123814017,-0.150662345400436,-0.137881893101475,-1.09542052868858,-0.482991388339556,-0.452454947197622,-0.132053130867325,-0.11578375940243,-0.584867307644152,-0.491716543892917,-0.173272696819296,-0.289555223122662,-0.306650229859764,-0.44602634159486,7.64346754124059,3.80223897600087,3.7447090330076,-0.24109540919036,-0.244547150456313,13.3141669096665,12.1472601596958,2.97784024141045,-1.16437890675247,0.934769472786523,-0.29210488612993,-0.553134661047583,1.07981072095586,-1.30811192756896,1.5895714917968,-1.0033793513148,0.231494974249751,0.755645793888112,0.105318073075787,-0.317349055776818,0.103542479795757,-0.0893792479806115,1.38564435842638,-1.36478630670475,1.06774155070323,0.0926320231765849,-0.062201294425452,-1.20769456413253,-1.32849940599971,1.24773875128282,-1.02235195328186,0.322291536848704,0.695618685002282,1.29864508758891,-1.70248382272954,1.27541318964369,-0.330290601673434,-0.234512941376318,0.155085054767028,-0.0908843112808294,-1.61141246594194,1.27195849250106,-0.0941565827507328,1.07641780061139,-1.17695039961523,1.00628551091706,-0.195162932856264,-1.39207630711197,1.30918238332576,-1.14097054837145,0.0481767332181201,-0.197297227579461,1.92482239747343,-0.990737241763597,1.23298874373531,-1.1050704234947,1.65145668815355,-1.43878196175012,0.0203689539162058,0.871187253418242,-1.04023298660909,-1.11033594770558,-0.745409890281964,-1.28629343999157,1.2388732110425,-0.995252887125265,0.320396080477135,0.658649756958231,1.27796038641125,-1.69679488261136,1.24814602493166,-0.336488389242378,-0.247054818088058,0.181925746376629,-0.0676675147075772,-1.66536355944449,1.35230365968078,-0.0882428554484119,0.336115842444728,-0.79990715455778,0.667585495240246,-0.107002944276627,-0.942325376575036,0.753820846388284,-0.562607904884654,-0.024595317672305,-0.158299180987259,1.01721486507693,-0.231355328498667,0.210871319183707,-0.321846739653279,0.410548044036901,-0.54380889521433,-0.0563105724452523,0.186029158625444,-0.204590556556699,-0.77006889426712,-0.224709310655053,0.972949528075959,-1.06942747671766,0.917706691528665,-0.17544859426108,-1.43101447260809,1.31997157574789,-1.01387233731835,0.0826487463609346,-0.185273458452223,1.77329791612646,-0.205931636839548,0.190908844175252,-0.299273389450696,0.447261634858674,-0.52085700129553,-0.0474570659554928,0.0103939863188818,-0.0896832441887524,-0.295157343078301,-0.050018549014921,-0.928011764232749,1.14380263831276,-1.03319822046531,1.53736166390209,-1.37197455958661,0.00660205125121126,0.208622040386305,-0.221909469911681,-0.597591168336202,-0.0519603362986721,0.873851466283545,-1.0196231181038,-1.04539074267343,-0.287579822291554,-0.747129039747142
4196.375,-0.878660317996087,-0.325650699797235,-2.12993091808961,1.55838986135719,-0.188690710103128,-1.32849940599973,-1.28629343999159,1.41474243812483,2.59397330965399,2.53537997340692,-1.76012543922271,0.687159944412415,0.980135690706072,-0.17876758579041,1.62980716859724,1.55732508431915,-1.82446308056466,1.88656021513426,1.60898199753078,-0.178560121049442,2.44362719972426,2.39270740151598,-1.12622394967012,-0.499663055297737,-0.459133123814017,-0.150662345400436,-0.137881893101475,-1.09542052868858,-0.482991388339556,-0.452454947197622,-0.132053130867325,-0.11578375940243,-0.584867307644152,-0.491716543892917,-0.173272696819296,-0.289555223122662,-0.306650229859764,2.24118191013093,-0.130781764013622,3.80223897600087,3.7447090330076,4.14618499614443,4.08766230299161,-0.075079888588345,-0.0822923157224407,2.97784024141045,-0.878660317996093,0.127151739590268,0.638281770543895,-0.878664970227119,0.345726682405881,-0.325650699797225,0.440598173135914,0.110082365999694,-0.312824824346849,0.340869741015034,-0.702807236973186,0.326180694576184,-0.055444395989633,-0.44317039855927,0.0274851773315261,-0.083107030444538,0.0416248698344899,0.685654126037169,-0.467678666040357,0.365275385271113,-1.32849940599971,0.882652632580064,0.0123663036199829,-0.797551884807006,1.07924725844415,0.0943578250696166,-0.416739561293789,0.0568873569365158,0.261858245014842,0.737365594757455,-0.548960147691641,0.0793888268044092,-0.0270904154181826,-0.0017374913528327,-0.736790937153716,1.07641780061139,-0.894649693719707,0.0402567141904984,0.666503225647057,-0.333197598858919,0.17313131080103,-0.0243128882389255,-0.879510932426488,0.50906055008824,-0.0211479797679478,-0.990737241763597,0.959101928906787,-0.120714410511085,0.49530324325402,-0.147787677347304,0.867577649496993,0.871187253418242,-0.812853243580204,-0.314649026026515,-0.745409890281964,-1.28629343999157,0.881552596908527,0.0147517094661894,-0.758772598784935,1.03239839698342,0.0698010502462883,-0.408721991105966,0.0519953378718434,0.243018397627196,0.728744741215734,-0.531359599366578,0.106339445540494,-0.029518546530538,0.00180620837707781,-0.748367438455199,0.336115842444728,-0.631676917019022,0.0910775669128808,0.373349256826175,-0.31674669845216,0.0904128902251071,0.0420120292264197,-0.550094890330758,0.225870148636137,-0.0122625727025431,-0.231355328498667,0.149054143023023,-0.022126646780938,0.0390663736865232,-0.150628089185143,0.180946784560529,0.186029158625444,-0.152402452076107,-0.0754384765595617,-0.224709310655053,0.972949528075959,-0.8113023816923,0.0417369258394057,0.546629634220027,-0.308829507466914,0.18403000589131,-0.016392478365367,-0.798457307747402,0.459206499180885,-0.00806000429161737,-0.205931636839548,0.135493978429184,-0.0237540044228023,0.0481476110204633,-0.143064909099871,0.17227170321355,0.0103939863188818,-0.0748159115072778,-0.109075754069649,-0.050018549014921,-0.928011764232749,0.886112497593847,-0.101768101413766,0.446794585085383,-0.137699800517284,0.835572859470647,0.208622040386305,-0.164332337449579,-0.0243442224492625,-0.0519603362986721,0.873851466283545,-0.797423386305254,-0.312864161555112,-0.287579822291554,-0.747129039747142
0,0.454693096200334,-0.980624851645057,-2.12993091808961,1.55838986135719,-0.188690710103128,-1.32849940599973,-1.28629343999159,1.41474243812483,2.59397330965399,2.53537997340692,-1.76012543922271,1.44220321872057,1.86451303360313,-0.17876758579041,2.74603178892178,2.63783909809847,-1.82446308056466,1.42047399250815,1.20545426047895,-0.178560121049442,1.93204803640887,1.88898943834317,-1.12622394967012,-0.499663055297737,-0.459133123814017,-0.150662345400436,-0.137881893101475,-1.09542052868858,-0.482991388339556,-0.452454947197622,-0.132053130867325,-0.11578375940243,-0.584867307644152,-0.491716543892917,-0.173272696819296,-0.289555223122662,-0.306650229859764,2.24118191013093,-0.130781764013622,3.80223897600087,3.7447090330076,4.14618499614443,4.08766230299161,-0.075079888588345,-0.0822923157224407,2.97784024141045,0.454693096200323,-1.1267152193162,-0.693892595737262,0.987009405809045,1.0180488346498,-0.980624851645047,-0.23932908709262,1.19047693042774,0.506755886172897,-0.848225571018146,-0.310102765906546,-0.333322071288543,0.315977315373713,0.118870749155812,1.06566778859668,0.327140939033744,-0.91493475888793,0.682450040812758,0.280614439117141,-0.809472178513938,-1.32849940599971,-0.821082588032777,1.61881819388728,0.805896197640422,-1.11939900951693,0.89721600008248,0.344124558728994,-1.12545116966067,-0.629738521726865,0.265086058740566,0.172560120890482,-0.318399607205679,-1.23815287878259,-0.409430118351832,-0.733318798038311,1.07641780061139,0.422753600459412,-1.45955135066443,-0.567273678198317,-1.03911673769429,-0.499148959485568,1.05918270714073,-0.428705729914102,-0.214829694001293,1.46635999117585,-0.990737241763597,-0.319036540293004,1.40754757501559,1.26607220652037,0.616183245657026,0.45588080181263,0.871187253418242,0.248252223887927,-0.845106973812558,-0.745409890281964,-1.28629343999157,-0.785943602383346,1.58283440497324,0.786435343626936,-1.1096241462655,0.875240607689599,0.353520140953844,-1.10863253144833,-0.629543257043705,0.254559803510672,0.199630161573585,-0.300171863303097,-1.27996537984137,-0.430469515702316,-0.744800800023883,0.336115842444728,0.153397524828516,-0.803979850928191,-0.31444316206298,-0.733799150534078,-0.30217164304635,0.628676195762778,-0.294730989261904,-0.16783462617505,0.774674326498681,-0.231355328498667,-0.139426012393501,0.443203800936809,0.286720820586775,0.08204428351142,0.0656527531386223,0.186029158625444,0.0911420354999903,-0.538525421697934,-0.224709310655053,0.972949528075959,0.393281395092698,-1.31824998511157,-0.487278257227167,-1.05695281756103,-0.48818546406622,0.951464611807837,-0.370288207448762,-0.20127005900507,1.35361750977317,-0.205931636839548,-0.123108728385801,0.404003632915697,0.314223626912604,0.080500893526409,0.0654956017826672,0.0103939863188818,-0.00543502566039588,-0.233130146742083,-0.050018549014921,-0.928011764232749,-0.316441492427755,1.34432378439336,1.17383930429652,0.592706242576334,0.432738622349958,0.208622040386305,0.104360947373564,-0.406508853040556,-0.0519603362986721,0.873851466283545,0.239508695421297,-0.801215215633988,-0.287579822291554,-0.747129039747142
16658.25,-1.45009749550884,-0.980624851645057,0.469323281677592,1.55838986135719,-0.188690710103128,-1.32849940599973,-1.28629343999159,1.41474243812483,2.59397330965399,2.53537997340692,-0.612590574508902,0.363569969708919,0.601116829464476,-0.17876758579041,1.15142518845815,1.09424764984231,-0.163257049605385,1.42047399250815,1.20545426047895,-0.178560121049442,1.93204803640887,1.88898943834317,-1.12622394967012,-0.499663055297737,-0.459133123814017,-0.150662345400436,-0.137881893101475,-1.09542052868858,-0.482991388339556,-0.452454947197622,-0.132053130867325,-0.11578375940243,1.70915035796891,2.03293173809087,-0.173272696819296,3.45228159742381,3.25982526959618,2.24118191013093,-0.130781764013622,3.80223897600087,3.7447090330076,4.14618499614443,4.08766230299161,-0.075079888588345,-0.0822923157224407,2.97784024141045,-1.45009749550884,1.93259848467256,-2.02689583195726,1.59245607131494,-0.749108939623212,-0.980624851645047,1.49563232045433,-1.6370974449369,1.71280115356866,-1.41120129716396,-0.310102765906546,0.180244205001795,-0.487121987666153,0.46888784635251,1.06566778859668,-1.30987209999355,1.67482614836926,0.682450040812758,-0.785078543404974,-0.809472178513938,-1.32849940599971,1.61282486998557,-2.30076852764145,2.41034193471,-1.83290135947803,0.89721600008248,-1.59736236471485,1.96892770902466,-1.941758249805,0.265086058740566,-0.389300263603691,0.541710624202695,-1.23815287878259,1.21738633405229,-0.733318798038311,1.07641780061139,-1.45925110551076,2.1998347856169,-1.80181822974261,-1.03911673769429,1.21629972484935,-1.77650758804124,-0.428705729914102,0.34887623164788,1.46635999117585,-0.990737241763597,1.50687555856384,-2.32126336652515,1.26607220652037,-1.3332312659115,0.45588080181263,0.871187253418242,-1.26761272963797,-0.845106973812558,-0.745409890281964,-1.28629343999157,1.59619382517647,-2.24313520470225,2.33260470403719,-1.80475102526777,0.875240607689599,-1.59148303760025,1.92892590384528,-1.91355206864629,0.254559803510672,-0.369604281348231,0.578799232952344,-1.27996537984137,1.29444090292291,-0.744800800023883,0.336115842444728,-0.968137392096538,1.37987339188005,-1.00266352077339,-0.733799150534078,0.699581124149476,-0.906722647271049,-0.294730989261904,0.138750130740102,0.774674326498681,-0.231355328498667,0.27268849534439,-0.692157335644767,0.286720820586775,-0.511662736111878,0.0656527531386223,0.186029158625444,-0.256778661037291,-0.538525421697934,-0.224709310655053,0.972949528075959,-1.32755257174301,1.99998610394389,-1.52182943921683,-1.05695281756103,1.22709787012507,-1.58158025651535,-0.370288207448762,0.313054526305607,1.35361750977317,-0.205931636839548,0.24632370992132,-0.639683492420817,0.314223626912604,-0.489969011553558,0.0654956017826672,0.0103939863188818,-0.104550576870227,-0.233130146742083,-0.050018549014921,-0.928011764232749,1.40149277903168,-2.18400008765048,1.17383930429652,-1.27106120834271,0.432738622349958,0.208622040386305,-0.279486602373783,-0.406508853040556,-0.0519603362986721,0.873851466283545,-1.24182284990235,-0.801215215633988,-0.287579822291554,-0.747129039747142
9722.0029296875,0.930890744127627,-0.980624851645057,-2.12993091808961,1.55838986135719,-0.188690710103128,-1.32849940599973,-1.28629343999159,1.41474243812483,2.59397330965399,2.53537997340692,-1.76012543922271,1.71186153097349,2.18036208463779,-0.17876758579041,3.14468343903769,3.02373696016251,-1.82446308056466,1.42047399250815,1.20545426047895,-0.178560121049442,1.93204803640887,1.88898943834317,-1.12622394967012,-0.499663055297737,-0.459133123814017,-0.150662345400436,-0.137881893101475,-1.09542052868858,-0.482991388339556,-0.452454947197622,-0.132053130867325,-0.11578375940243,-0.584867307644152,-0.491716543892917,-0.173272696819296,-0.289555223122662,-0.306650229859764,2.24118191013093,-0.130781764013622,3.80223897600087,3.7447090330076,4.14618499614443,4.08766230299161,-0.075079888588345,-0.0822923157224407,2.97784024141045,0.930890744127614,-0.570631987745429,-1.25578462345175,-0.413856288586075,0.898239292523557,-0.980624851645047,-0.673069438979358,0.676516333935333,1.01513216193809,0.454372042391565,-0.310102765906546,-0.461713640361128,0.170000112995162,0.266411138507226,1.06566778859668,0.736394198790568,-0.444200877486499,0.682450040812758,0.54703768474767,-0.809472178513938,-1.32849940599971,-1.42955945253736,0.906365447479561,1.48220758538795,0.531482929184702,0.89721600008248,0.829496289589956,-0.562994235505747,-1.18278551019612,0.265086058740566,0.313025217014025,-0.162059681566459,-1.23815287878259,-0.816134231452863,-0.733318798038311,1.07641780061139,0.893254776951955,-0.794394565475834,-1.0876630685033,-1.03911673769429,-0.928011130569296,0.543746901710676,-0.428705729914102,-0.355756175413586,1.46635999117585,-0.990737241763597,-0.775514565007215,0.729771629520064,1.26607220652037,1.10353687354916,0.45588080181263,0.871187253418242,0.627218462269402,-0.845106973812558,-0.745409890281964,-1.28629343999157,-1.3814779592733,0.887398189437069,1.43818187619691,0.4987411376238,0.875240607689599,0.839770935592368,-0.556503696611678,-1.17078298936464,0.254559803510672,0.341938772304038,-0.140403648939938,-1.27996537984137,-0.861697120358623,-0.744800800023883,0.336115842444728,0.43378125405978,-0.407026715016122,-0.604544132835389,-0.733799150534078,-0.552609834845307,0.349590873694935,-0.294730989261904,-0.244480815403838,0.774674326498681,-0.231355328498667,-0.242454639327973,0.236832257865899,0.286720820586775,0.230471038417244,0.0656527531386223,0.186029158625444,0.178122209634311,-0.538525421697934,-0.224709310655053,0.972949528075959,0.823489886801626,-0.715103127333988,-0.923365766715148,-1.05695281756103,-0.917006297614043,0.491039852406935,-0.370288207448762,-0.329851205332739,1.35361750977317,-0.205931636839548,-0.215466837962581,0.214295428539914,0.314223626912604,0.223118369796401,0.0654956017826672,0.0103939863188818,0.0193438621420619,-0.233130146742083,-0.050018549014921,-0.928011764232749,-0.745925060292613,0.702989834809737,1.17383930429652,1.05864810530609,0.432738622349958,0.208622040386305,0.200322834810401,-0.406508853040556,-0.0519603362986721,0.873851466283545,0.609841581752207,-0.801215215633988,-0.287579822291554,-0.747129039747142
3783.65991210938,-0.68818125882517,-1.30811192756897,-2.12993091808961,1.55838986135719,-0.188690710103128,-1.32849940599973,-1.28629343999159,1.41474243812483,2.59397330965399,2.53537997340692,-1.76012543922271,0.79502326931358,1.10647531111994,-0.17876758579041,1.7892678286436,1.71168422914477,-1.82446308056466,1.1874308811951,1.00369039195303,-0.178560121049442,1.67625845475118,1.63713045675677,-1.12622394967012,-0.499663055297737,-0.459133123814017,-0.150662345400436,-0.137881893101475,-1.09542052868858,-0.482991388339556,-0.452454947197622,-0.132053130867325,-0.11578375940243,-0.584867307644152,-0.491716543892917,-0.173272696819296,-0.289555223122662,-0.306650229859764,2.24118191013093,-0.130781764013622,3.80223897600087,3.7447090330076,4.14618499614443,4.08766230299161,-0.075079888588345,-0.0822923157224407,2.97784024141045,-0.688181258825176,-0.305587149935131,0.895043790976805,-0.536140016360194,-0.403069827270686,-1.30811192756896,1.01098027333115,0.52587105801478,-1.20128508419609,0.734565926347009,0.105318073075787,-0.273744308768604,-0.00704069939273172,0.0164877096230893,1.38564435842638,-0.832650985906137,-0.297508394350405,0.0926320231765849,-0.026038465224597,-1.20769456413253,-1.32849940599971,0.63926188677823,0.566790520744687,-1.10659894330714,0.675590960659174,1.29864508758891,-1.0550185363064,-0.398134359831506,1.22838696499622,-0.234512941376318,0.10737985866892,0.0275490175511881,-1.61141246594194,0.743137723122879,-0.0941565827507328,1.07641780061139,-0.70644922312269,-0.477362218086493,0.904300212748024,-1.39207630711197,0.737098450987479,0.392669232219547,0.0481767332181201,-0.149435334363819,1.92482239747343,-0.990737241763597,0.776510719021102,0.406724637007538,1.65145668815355,-0.78867290881286,0.0203689539162058,0.871187253418242,-0.661266748227614,-1.11033594770558,-0.745409890281964,-1.28629343999157,0.643338854152546,0.555933817757422,-1.05659450808214,0.639137824703346,1.27796038641125,-1.04815696242251,-0.394671055675187,1.18891224858394,-0.247054818088058,0.133594450071,0.0533628707887139,-1.66536355944449,0.791595994511896,-0.0882428554484119,0.336115842444728,-0.519523425326516,-0.217827736242899,0.505913713538703,-0.942325376575036,0.419746928863708,0.267789105942283,-0.024595317672305,-0.132268362027679,1.01721486507693,-0.231355328498667,0.107842692249234,0.138469802289985,0.410548044036901,-0.345813904431716,-0.0563105724452523,0.186029158625444,-0.117610382422379,-0.77006889426712,-0.224709310655053,0.972949528075959,-0.639218985008729,-0.427626447550119,0.745904057950745,-1.43101447260809,0.747942785927858,0.356086287106472,0.0826487463609346,-0.141604326622591,1.77329791612646,-0.205931636839548,0.0985507345984714,0.123875186739001,0.447261634858674,-0.330611341627008,-0.0474570659554928,0.0103939863188818,-0.0649043563862946,-0.295157343078301,-0.050018549014921,-0.928011764232749,0.714319070447904,0.397312117879699,1.53736166390209,-0.750427892512012,0.00660205125121126,0.208622040386305,-0.125947582474845,-0.597591168336202,-0.0519603362986721,0.873851466283545,-0.64929023177289,-1.04539074267343,-0.287579822291554,-0.747129039747142
3515.92895507812,-0.878660317996087,-1.30811192756897,-2.12993091808961,1.55838986135719,-0.188690710103128,-1.32849940599973,-1.28629343999159,1.41474243812483,2.59397330965399,2.53537997340692,-1.76012543922271,0.687159944412415,0.980135690706072,-0.17876758579041,1.62980716859724,1.55732508431915,-1.82446308056466,1.1874308811951,1.00369039195303,-0.178560121049442,1.67625845475118,1.63713045675677,-1.12622394967012,-0.499663055297737,-0.459133123814017,-0.150662345400436,-0.137881893101475,-1.09542052868858,-0.482991388339556,-0.452454947197622,-0.132053130867325,-0.11578375940243,-0.584867307644152,-0.491716543892917,-0.173272696819296,-0.289555223122662,-0.306650229859764,2.24118191013093,-0.130781764013622,3.80223897600087,3.7447090330076,4.14618499614443,4.08766230299161,-0.075079888588345,-0.0822923157224407,2.97784024141045,-0.878660317996093,0.127151739590268,0.638281770543895,-0.878664970227119,0.345726682405881,-1.30811192756896,1.24241676071741,-0.00765785763486828,-0.891396769668268,1.15942803966882,0.105318073075787,-0.29118620757189,0.031539851785535,-0.00640968684932192,1.38564435842638,-1.04550511422558,0.17880360683097,0.0926320231765849,-0.040503596904939,-1.20769456413253,-1.32849940599971,0.882652632580064,0.0123663036199829,-0.797551884807006,1.07924725844415,1.29864508758891,-1.31400465087565,0.185737322603464,0.891268953630597,-0.234512941376318,0.126461937108163,-0.0137703145366326,-1.61141246594194,0.954666030874153,-0.0941565827507328,1.07641780061139,-0.894649693719707,0.0402567141904984,0.666503225647057,-1.39207630711197,0.965932023922792,-0.142391058851158,0.0481767332181201,-0.168580091650076,1.92482239747343,-0.990737241763597,0.959101928906787,-0.120714410511085,1.65145668815355,-1.04871652998776,0.0203689539162058,0.871187253418242,-0.812853243580204,-1.11033594770558,-0.745409890281964,-1.28629343999157,0.881552596908527,0.0147517094661894,-0.758772598784935,1.03239839698342,1.27796038641125,-1.30761213049805,0.178479299740538,0.858991525686383,-0.247054818088058,0.152926968593252,0.0111374707230674,-1.66536355944449,1.01587906057945,-0.0882428554484119,0.336115842444728,-0.631676917019022,0.0910775669128808,0.373349256826175,-0.942325376575036,0.553376495873538,-0.0219219930656509,-0.024595317672305,-0.142680689611511,1.01721486507693,-0.231355328498667,0.149054143023023,-0.022126646780938,0.410548044036901,-0.425011900744761,-0.0563105724452523,0.186029158625444,-0.152402452076107,-0.77006889426712,-0.224709310655053,0.972949528075959,-0.8113023816923,0.0417369258394057,0.546629634220027,-1.43101447260809,0.976754301855873,-0.121868490551356,0.0826487463609346,-0.159071979354444,1.77329791612646,-0.205931636839548,0.135493978429184,-0.0237540044228023,0.447261634858674,-0.406709605494417,-0.0474570659554928,0.0103939863188818,-0.0748159115072778,-0.295157343078301,-0.050018549014921,-0.928011764232749,0.886112497593847,-0.101768101413766,1.53736166390209,-0.999046559341849,0.00660205125121126,0.208622040386305,-0.164332337449579,-0.597591168336202,-0.0519603362986721,0.873851466283545,-0.797423386305254,-1.04539074267343,-0.287579822291554,-0.747129039747142
17014.58984375,-0.307223140483335,-0.653137775721146,-2.12993091808961,1.55838986135719,-0.188690710103128,-1.32849940599973,-1.28629343999159,1.41474243812483,2.59397330965399,2.53537997340692,-1.76012543922271,1.01074991911591,1.35915455194767,-0.17876758579041,2.10818914873633,2.020402518796,-1.82446308056466,1.65351710382121,1.40721812900486,-0.178560121049442,2.18783761806657,2.14084841992958,-1.12622394967012,-0.499663055297737,-0.459133123814017,-0.150662345400436,-0.137881893101475,-1.09542052868858,-0.482991388339556,-0.452454947197622,-0.132053130867325,-0.11578375940243,-0.584867307644152,-0.491716543892917,-0.173272696819296,-0.289555223122662,-0.306650229859764,2.24118191013093,-0.130781764013622,3.80223897600087,3.7447090330076,4.14618499614443,4.08766230299161,-0.075079888588345,-0.0822923157224407,2.97784024141045,-0.307223140483343,-0.917449890732883,0.761345937089723,0.553378705649552,-1.03191523669504,-0.653137775721136,0.361203653293681,0.713882499930785,-0.579841491653227,-0.273171967889907,-0.579477869256204,-0.0559415513090877,0.470251689729609,-0.436899470859975,0.577767893095068,-0.206780585613176,-0.38221664833277,0.8894275417093,-0.197793155144526,-0.1735776336434,-1.32849940599971,0.152480395174561,1.35070786505043,-0.945675889337096,-0.608377079417517,0.495786912576048,-0.327894114129209,-0.603886201369197,0.552337503714741,0.589045570785157,-0.130904364224469,-0.483625709787721,-0.669007101430994,0.121165729011983,-0.957612044483902,1.07641780061139,-0.330048281928656,-1.20923944534276,0.780477589828134,-0.686157168276603,0.0946297233799425,0.581220318928144,-0.737934951795638,0.0896315800167681,0.767297055901994,-0.990737241763597,0.411328299249733,1.15248682531569,0.880687724887195,-0.0585794514777169,0.738283700339559,0.871187253418242,-0.358093757522434,-0.579877999919536,-0.745409890281964,-1.28629343999157,0.166911368640582,1.32112773969252,-0.901516471048259,-0.611763025848614,0.472520828967944,-0.31971563466415,-0.596644784925024,0.527296080177595,0.579826323278603,-0.107817100946054,-0.469021114495877,-0.692310691077894,0.132120261309461,-0.97519851338405,0.336115842444728,-0.295216441941505,-0.654598384804546,0.436886435539062,-0.525272924493119,0.0445711328199134,0.369881044852901,-0.469897513481388,-0.00224618468863279,0.404848799928983,-0.231355328498667,0.0254197907016558,0.3655420296063,0.162893597136649,-0.123459136870174,0.144738538807216,0.186029158625444,-0.0480262431149223,-0.306981949128748,-0.224709310655053,0.972949528075959,-0.295052191641586,-1.09127366536121,0.642140414315048,-0.682891162513973,0.105535985148767,0.524513834859293,-0.663990225484874,0.0765200286583969,0.713689322178605,-0.205931636839548,0.0246642469370473,0.332612611806304,0.181185618966533,-0.116959323118966,0.138738524839015,0.0103939863188818,-0.0450812461443284,-0.171102950405866,-0.050018549014921,-0.928011764232749,0.370732216156017,1.10297689228847,0.810316944690952,-0.0524109167302273,0.70906222508977,0.208622040386305,-0.0491780725253751,-0.215426537744909,-0.0519603362986721,0.873851466283545,-0.353023922708161,-0.55703968859455,-0.287579822291554,-0.747129039747142
0,-0.0215045517269594,-0.653137775721146,0.469323281677592,1.55838986135719,-0.188690710103128,-1.32849940599973,-1.28629343999159,1.41474243812483,2.59397330965399,2.53537997340692,0.293358002896733,1.17254490646766,1.54866398256847,-0.17876758579041,2.34738013880587,2.25194123603443,0.0213213982789787,1.65351710382121,1.40721812900486,-0.178560121049442,2.18783761806657,2.14084841992958,-1.12622394967012,-0.499663055297737,-0.459133123814017,-0.150662345400436,-0.137881893101475,-1.09542052868858,-0.482991388339556,-0.452454947197622,-0.132053130867325,-0.11578375940243,1.70915035796891,2.03293173809087,-0.173272696819296,3.45228159742381,3.25982526959618,2.24118191013093,-0.130781764013622,3.80223897600087,3.7447090330076,4.14618499614443,4.08766230299161,-0.075079888588345,-0.0822923157224407,2.97784024141045,-0.0215045517269686,-1.15443378785978,0.291775307291077,1.1490625776466,-0.503324061423783,-0.653137775721136,0.187869962108982,0.859767543647811,-0.29687485160624,-0.642091396740815,-0.579477869256204,-0.199893971712324,0.586502312628932,-0.206495375141141,0.577767893095068,-0.0736508826257015,-0.490980871220491,0.8894275417093,0.0105422466379957,-0.1735776336434,-1.32849940599971,-0.212605723528191,1.65433116957904,-0.380485517129196,-1.31037424402108,0.495786912576048,-0.133927208949941,-0.763536678444919,0.244506757915875,0.589045570785157,0.0265848752576494,-0.608128806459368,-0.669007101430994,-0.0111347389503162,-0.957612044483902,1.07641780061139,-0.0477475760331307,-1.49270680814946,0.345590526667646,-0.686157168276603,-0.0767545225175618,0.727524093033899,-0.737934951795638,-0.0683749639077981,0.767297055901994,-0.990737241763597,0.137441484421207,1.44133204815884,0.880687724887195,0.136179470230486,0.738283700339559,0.871187253418242,-0.130714014493549,-0.579877999919536,-0.745409890281964,-1.28629343999157,-0.190409245493391,1.6174991733274,-0.356854837366083,-1.29568102293148,0.472520828967944,-0.125397433211227,-0.75336368469532,0.22603735545787,0.579826323278603,0.0517390841434009,-0.596254368295779,-0.692310691077894,-0.00815767554070886,-0.97519851338405,0.336115842444728,-0.126986204402747,-0.823766408194608,0.194450364493726,-0.525272924493119,-0.0555103468240887,0.449097962819975,-0.469897513481388,-0.0881817685736689,0.404848799928983,-0.231355328498667,-0.0363973854590278,0.453490613121197,0.162893597136649,-0.0641440254527527,0.144738538807216,0.186029158625444,0.0041618613656699,-0.306981949128748,-0.224709310655053,0.972949528075959,-0.0369270966162297,-1.34831449087257,0.277704052207338,-0.682891162513973,-0.0658317412165987,0.655203009500318,-0.663990225484874,-0.0676449454578281,0.713689322178605,-0.205931636839548,-0.0307506188090209,0.413459843007515,0.181185618966533,-0.0599657473960894,0.138738524839015,0.0103939863188818,-0.0302139134628537,-0.171102950405866,-0.050018549014921,-0.928011764232749,0.113042075437103,1.37629176693915,0.810316944690952,0.133791318300728,0.70906222508977,0.208622040386305,0.00839905993672694,-0.215426537744909,-0.0519603362986721,0.873851466283545,-0.130824190909614,-0.55703968859455,-0.287579822291554,-0.747129039747142
0,-1.25961843633792,-1.63559900349288,-2.12993091808961,-0.641448069582378,5.29769678474325,-1.32849940599973,-1.28629343999159,1.41474243812483,2.59397330965399,2.53537997340692,-1.76012543922271,0.471433294610084,-0.599109564467246,3.01330778985367,1.31088584850451,1.24860679466792,-1.82446308056466,0.95438776988205,-0.610420556254294,3.26483665202038,1.42046887309348,1.38527147517037,-1.12622394967012,-0.499663055297737,-0.459133123814017,-0.150662345400436,-0.137881893101475,-1.09542052868858,-0.482991388339556,-0.452454947197622,-0.132053130867325,-0.11578375940243,-0.584867307644152,-0.491716543892917,-0.173272696819296,-0.289555223122662,-0.306650229859764,-0.44602634159486,7.64346754124059,3.80223897600087,3.7447090330076,-0.24109540919036,-0.244547150456313,13.3141669096665,12.1472601596958,2.97784024141045,-1.25961843633793,1.24624455689412,-0.772650728281754,-0.0905281035533678,0.907385005257735,-1.63559900349287,2.08844329128022,-1.77206736194142,1.04492692493699,0.209948294733491,0.666784647690796,-0.940972897618632,0.723645995000657,-0.499565784463164,1.43215709717418,-1.51846251904557,1.45662520882471,-0.756168415345631,0.807079637672634,-1.0770181279137,-1.32849940599971,1.36943412418373,-1.42141322057309,0.900692029028572,0.150449498871345,1.70007417509534,-2.26074008765787,2.1166331289335,-1.2151983208134,-0.909751429565495,0.837352461591238,-0.755008132508398,-1.66567058137801,1.42467749022373,0.82565453254412,1.07641780061139,-1.27105063491374,1.3788552160422,-0.640214553944667,-1.74503587652965,1.80244348317098,-1.91186490600459,0.692712437601029,-0.881805676151334,1.99146584621456,-0.990737241763597,1.32428434867816,-1.48470841227743,2.03684116978672,-1.99931772992049,-0.568251843349713,0.871187253418242,-1.11602623428538,-1.3755649215986,-0.745409890281964,-1.28629343999157,1.35798008242049,-1.38478280176364,0.877788018635239,0.127520805660365,1.68068016513291,-2.25606221355341,2.07391908721825,-1.20250380388498,-0.925017541517588,0.873147476837177,-0.746354526996576,-1.7213861765108,1.5142313251556,0.856602257124368,0.336115842444728,-0.855983900404032,0.889928130974353,-0.355105441612154,-1.150851602616,1.04186541235651,-0.980012551232072,0.340509501287408,-0.530585237888466,1.05247127373412,-0.231355328498667,0.231477044570601,-0.437440215748314,0.534375267487027,-0.714523752592157,-0.221151437944408,0.186029158625444,-0.221986591383563,-1.00161236683631,-0.224709310655053,0.972949528075959,-1.15546917505944,1.25554320158641,-0.548402879359558,-1.80507612765515,1.81318513071786,-1.70249126017454,0.694820635944215,-0.80981811539892,1.83430389887286,-0.205931636839548,0.209380466090608,-0.405533344002711,0.580299642804744,-0.684890245412908,-0.200119478375465,0.0103939863188818,-0.094639021749244,-0.357184539414518,-0.050018549014921,-0.928011764232749,1.22969935188573,-1.39242420417886,1.90088402350766,-1.90788332275225,-0.56934748820647,0.208622040386305,-0.241101847399049,-0.788673483631849,-0.0519603362986721,0.873851466283545,-1.09368969536998,-1.28956626971286,-0.287579822291554,-0.747129039747142
5970.2568359375,-0.116744081312418,0.0018363761266763,-2.12993091808961,1.55838986135719,-0.188690710103128,-1.32849940599973,-1.28629343999159,-0.706578202000684,2.59397330965399,2.53537997340692,-1.76012543922271,-0.661131616852152,1.48549417236153,-0.17876758579041,2.26764980878269,2.17476166362162,-1.82446308056466,-0.676914009309313,1.8107458660567,-0.178560121049442,2.69941678138196,2.64456638310238,-1.12622394967012,-0.499663055297737,-0.459133123814017,-0.150662345400436,-0.137881893101475,-1.09542052868858,-0.482991388339556,-0.452454947197622,-0.132053130867325,-0.11578375940243,-0.584867307644152,-0.491716543892917,-0.173272696819296,-0.289555223122662,-0.306650229859764,-0.44602634159486,-0.130781764013622,-0.262904613448501,-0.266943615488728,4.14618499614443,4.08766230299161,-0.075079888588345,-0.0822923157224407,2.97784024141045,-0.116744081312427,-1.09657374200524,0.470960688052502,0.997720460014642,-0.7567879467004,0.00183637612668535,0.174624907168714,0.147211073971232,-0.120251001896244,0.0712843166294496,-0.680090869057492,-0.141697319332184,0.651516214608851,-0.334539012339954,-0.479639853283965,-0.0184730587971818,0.456647318125113,0.139167089991882,0.0129031451228575,0.523731327539782,-1.32849940599971,-0.0909103506272735,1.58020099223148,-0.596158827212901,-1.132021694192,-0.307071262436815,-0.119105495420772,0.0162552551813896,0.0523630784592907,0.71004613065746,-0.0370844017026108,-0.677757957007808,0.564481897724801,-0.0659688725045789,-0.144584775014889,1.07641780061139,-0.141847811331639,-1.42349774032204,0.511540863114465,0.0197619705587645,-0.0898506132849934,0.0129223893844823,-0.853433671806651,-0.0044965526604764,-0.7477566872538,-0.990737241763597,0.228737089364049,1.37080996610521,0.109918761620845,0.15106170461032,0.843762649284933,0.871187253418242,-0.206507262169844,-0.0494200521334932,-0.745409890281964,-1.28629343999157,-0.0713023741154002,1.54513955333638,-0.564694501996151,-1.1219217475324,-0.332918728475367,-0.110548875861835,0.0121093419195868,0.0379958403524636,0.701315057322065,-0.0127658113820896,-0.667410376623553,0.581292000424232,-0.0662982040092142,-0.140043524307904,0.336115842444728,-0.183062950249,-0.782463730210414,0.286962538262324,-0.108220472411201,-0.063157935053059,0.0621732584975291,-0.535323119810013,-0.0534399886964522,-0.396660649466282,-0.231355328498667,-0.0157916600721333,0.432017807851692,-0.0847608497636027,-0.0596115430245403,0.174277490398561,0.186029158625444,-0.0132341734611942,0.156104996009625,-0.224709310655053,0.972949528075959,-0.122968794958015,-1.28555750978278,0.416770816957042,0.0652321475801442,-0.0789265696667666,0.0168687804769037,-0.773689454236345,-0.00936236250068053,-0.673203827271876,-0.205931636839548,-0.0122789968936648,0.393720845711803,-0.0848903969256068,-0.0556106619159826,0.166095136906273,0.0103939863188818,-0.0351696910233452,-0.0470485577334314,-0.050018549014921,-0.928011764232749,0.198938789010074,1.30956144740377,0.0832722254798136,0.148019705269986,0.812270525492589,0.208622040386305,-0.0107933175506404,0.166738092846384,-0.0519603362986721,0.873851466283545,-0.204890768175796,-0.0686886345156736,-0.287579822291554,-0.747129039747142
1859.1669921875,-1.5453370250943,-0.653137775721146,-2.12993091808961,-0.641448069582378,5.29769678474325,-1.32849940599973,-1.28629343999159,1.41474243812483,2.59397330965399,2.53537997340692,-1.76012543922271,0.309638307258336,-0.599109564467246,2.55729702190452,1.07169485843496,1.0170680774295,-1.82446308056466,1.65351710382121,-0.610420556254294,4.74057812619317,2.18783761806657,2.14084841992958,-1.12622394967012,-0.499663055297737,-0.459133123814017,-0.150662345400436,-0.137881893101475,-1.09542052868858,-0.482991388339556,-0.452454947197622,-0.132053130867325,-0.11578375940243,-0.584867307644152,-0.491716543892917,-0.173272696819296,-0.289555223122662,-0.306650229859764,-0.44602634159486,7.64346754124059,3.80223897600087,3.7447090330076,-0.24109540919036,-0.244547150456313,13.3141669096665,12.1472601596958,2.97784024141045,-1.5453370250943,2.30747732834342,-2.81310442164129,2.89747837926436,-2.53328379623812,-0.653137775721136,1.11231631509405,-1.27135216809078,1.57414801245732,-1.72492171874411,-0.579477869256204,0.56785227043827,-1.1117114840039,1.31697513358118,0.577767893095068,-0.783675965225564,1.09787000356526,0.8894275417093,-1.10057989620212,-0.1735776336434,-1.32849940599971,1.73452024288648,-2.78106256741859,3.35664797950482,-3.37083448641257,0.495786912576048,-1.16841736990603,1.56867140824899,-1.79092174190932,0.589045570785157,-0.813357735313651,1.21063888026872,-0.669007101430994,0.694467756848615,-0.957612044483902,1.07641780061139,-1.55335134080927,2.64824465006647,-2.52995564486555,-0.686157168276603,0.837294788935794,-1.40971252118206,-0.737934951795638,0.774326603689888,0.767297055901994,-0.990737241763597,1.59817116350668,-2.77818033199014,0.880687724887195,-0.902534778879931,0.738283700339559,0.871187253418242,-1.34340597731427,-0.579877999919536,-0.745409890281964,-1.28629343999157,1.71530069655446,-2.71195769300247,3.24453919844091,-3.30307637023472,0.472520828967944,-1.16176117429348,1.53601929791048,-1.76593583917609,0.579826323278603,-0.79922723633369,1.26239603378081,-0.692310691077894,0.739991320993533,-0.97519851338405,0.336115842444728,-1.02421413794279,1.64747601705163,-1.40857758227852,-0.525272924493119,0.478257544610589,-0.70811960439187,-0.469897513481388,0.370141345479857,0.404848799928983,-0.231355328498667,0.293294220731285,-0.831280979446185,0.162893597136649,-0.380491286345665,0.144738538807216,0.186029158625444,-0.274174695864155,-0.306981949128748,-0.224709310655053,0.972949528075959,-1.4135942700848,2.40659249624363,-2.13201027272668,-0.682891162513973,0.84812946606535,-1.25393221843005,-0.663990225484874,0.701234916495372,0.713689322178605,-0.205931636839548,0.264795331836676,-0.767573686286908,0.181185618966533,-0.363931484584765,0.138738524839015,0.0103939863188818,-0.109506354430719,-0.171102950405866,-0.050018549014921,-0.928011764232749,1.48738949260465,-2.61634998740856,0.810316944690952,-0.859287268531036,0.70906222508977,0.208622040386305,-0.298678979861151,-0.215426537744909,-0.0519603362986721,0.873851466283545,-1.31588942716853,-0.55703968859455,-0.287579822291554,-0.747129039747142
6191.94287109375,-0.783420788410629,0.0018363761266763,0.469323281677592,1.55838986135719,-0.188690710103128,-1.32849940599973,-1.28629343999159,-0.706578202000684,2.59397330965399,2.53537997340692,-0.189814571719606,-0.661131616852152,1.043305500913,-0.17876758579041,1.70953749862042,1.63450465673196,0.390478294047706,-0.676914009309313,1.8107458660567,-0.178560121049442,2.69941678138196,2.64456638310238,-1.12622394967012,-0.499663055297737,-0.459133123814017,-0.150662345400436,-0.137881893101475,-1.09542052868858,-0.482991388339556,-0.452454947197622,-0.132053130867325,-0.11578375940243,-0.584867307644152,2.03293173809087,-0.173272696819296,3.45228159742381,3.25982526959618,-0.44602634159486,-0.130781764013622,-0.262904613448501,-0.266943615488728,4.14618499614443,4.08766230299161,-0.075079888588345,-0.0822923157224407,2.97784024141045,-0.783420788410635,-0.0997849984329752,0.798842579775198,-0.743811221480749,-0.0415316024030472,0.00183637612668535,0.173487760178744,0.148936323403297,-0.119695470536238,0.068251795046413,-0.680090869057492,0.252511055265681,0.0776513096218875,-0.523354142024745,-0.479639853283965,0.239404532880733,0.0768672164479852,0.139167089991882,-0.0631585206644441,0.523731327539782,-1.32849940599971,0.760957259679147,0.303117207596654,-0.990808059219693,0.920325800761001,-0.307071262436815,-0.117832985264952,0.0143672145167269,0.0517587328981434,0.71004613065746,-0.468362854256537,-0.0631551621141107,0.564481897724801,-0.322240202571235,-0.144584775014889,1.07641780061139,-0.800549458421199,-0.231192778502069,0.815204644249866,0.0197619705587645,-0.0909749710369031,0.0146525907591658,-0.853433671806651,0.42819851896007,-0.7477566872538,-0.990737241763597,0.867806323963944,0.155884942695272,0.109918761620845,0.152339410750867,0.843762649284933,0.871187253418242,-0.737059995903909,-0.0494200521334932,-0.745409890281964,-1.28629343999157,0.762445725530536,0.298558192555446,-0.945009358734665,0.877569787250318,-0.332918728475367,-0.109274061044425,0.010255970347467,0.0374043972444376,0.701315057322065,-0.449704517969727,-0.0393303089038606,0.581292000424232,-0.338022212316151,-0.140043524307904,0.336115842444728,-0.575600171172769,-0.0709184162379221,0.456245693024897,-0.108220472411201,-0.0638145145821228,0.0631100847769779,-0.535323119810013,0.181891426701388,-0.396660649466282,-0.231355328498667,0.128448417636128,0.0620932723722539,-0.0847608497636027,-0.0592224092101789,0.174277490398561,0.186029158625444,-0.135006417249243,0.156104996009625,-0.224709310655053,0.972949528075959,-0.725260683350514,-0.204406407895688,0.671241766027371,0.0652321475801442,-0.080050819043114,0.0184143222170415,-0.773689454236345,0.385428082572118,-0.673203827271876,-0.205931636839548,0.117022356513827,0.0536656310437785,-0.0848903969256068,-0.0552367584201421,0.166095136906273,0.0103939863188818,-0.0698601339467862,-0.0470485577334314,-0.050018549014921,-0.928011764232749,0.800215784020875,0.159959327573723,0.0832722254798136,0.149241275696623,0.812270525492589,0.208622040386305,-0.145139959962212,0.166738092846384,-0.0519603362986721,0.873851466283545,-0.723356809039072,-0.0686886345156736,-0.287579822291554,-0.747129039747142
7284.39404296875,-0.307223140483335,0.0018363761266763,-2.12993091808961,1.55838986135719,-0.188690710103128,-1.32849940599973,-1.28629343999159,-0.706578202000684,2.59397330965399,2.53537997340692,-1.76012543922271,-0.661131616852152,1.35915455194767,-0.17876758579041,2.10818914873633,2.020402518796,-1.82446308056466,-0.676914009309313,1.8107458660567,-0.178560121049442,2.69941678138196,2.64456638310238,-1.12622394967012,-0.499663055297737,-0.459133123814017,-0.150662345400436,-0.137881893101475,-1.09542052868858,-0.482991388339556,-0.452454947197622,-0.132053130867325,-0.11578375940243,-0.584867307644152,-0.491716543892917,-0.173272696819296,-0.289555223122662,-0.306650229859764,-0.44602634159486,-0.130781764013622,-0.262904613448501,-0.266943615488728,4.14618499614443,4.08766230299161,-0.075079888588345,-0.0822923157224407,2.97784024141045,-0.307223140483343,-0.917449890732883,0.761345937089723,0.553378705649552,-1.03191523669504,0.00183637612668535,0.174300008028722,0.147521102876223,-0.119759001220404,0.0705105862548179,-0.680090869057492,-0.0290663551613656,0.548392164950223,-0.501761203743816,-0.479639853283965,0.0552062531107938,0.38840048559647,0.139167089991882,-0.00882875938780009,0.523731327539782,-1.32849940599971,0.152480395174561,1.35070786505043,-0.945675889337096,-0.608377079417517,-0.307071262436815,-0.118741921090538,0.0159159725426218,0.0518278459847059,0.71004613065746,-0.160306816718018,-0.567313271176412,0.564481897724801,-0.139189252523624,-0.144584775014889,1.07641780061139,-0.330048281928656,-1.20923944534276,0.780477589828134,0.0197619705587645,-0.0901718583569676,0.0132333081581027,-0.853433671806651,0.11913061065968,-0.7477566872538,-0.990737241763597,0.411328299249733,1.15248682531569,0.109918761620845,0.151426763507619,0.843762649284933,0.871187253418242,-0.358093757522434,-0.0494200521334932,-0.745409890281964,-1.28629343999157,0.166911368640582,1.32112773969252,-0.901516471048259,-0.611763025848614,-0.332918728475367,-0.11018464305686,0.0117762893485404,0.0374720348037244,0.701315057322065,-0.1376054418357,-0.554543812506705,0.581292000424232,-0.143933634954053,-0.140043524307904,0.336115842444728,-0.295216441941505,-0.654598384804546,0.436886435539062,-0.108220472411201,-0.0633455292042201,0.0623416070390131,-0.535323119810013,0.0137975585600736,-0.396660649466282,-0.231355328498667,0.0254197907016558,0.3655420296063,-0.0847608497636027,-0.0595003619347228,0.174277490398561,0.186029158625444,-0.0480262431149223,0.156104996009625,-0.224709310655053,0.972949528075959,-0.295052191641586,-1.09127366536121,0.642140414315048,0.0652321475801442,-0.0792477837742944,0.0171465157448638,-0.773689454236345,0.103434907520119,-0.673203827271876,-0.205931636839548,0.0246642469370473,0.332612611806304,-0.0848903969256068,-0.0555038323457424,0.166095136906273,0.0103939863188818,-0.0450812461443284,-0.0470485577334314,-0.050018549014921,-0.928011764232749,0.370732216156017,1.10297689228847,0.0832722254798136,0.148368725391882,0.812270525492589,0.208622040386305,-0.0491780725253751,0.166738092846384,-0.0519603362986721,0.873851466283545,-0.353023922708161,-0.0686886345156736,-0.287579822291554,-0.747129039747142
445.830902099609,0.0737349778584993,-0.653137775721146,-2.12993091808961,1.55838986135719,-0.188690710103128,-1.32849940599973,-1.28629343999159,1.41474243812483,2.59397330965399,2.53537997340692,-1.76012543922271,1.22647656891824,1.6118337927754,-0.17876758579041,2.42711046882906,2.32912080844724,-1.82446308056466,1.65351710382121,1.40721812900486,-0.178560121049442,2.18783761806657,2.14084841992958,-1.12622394967012,-0.499663055297737,-0.459133123814017,-0.150662345400436,-0.137881893101475,-1.09542052868858,-0.482991388339556,-0.452454947197622,-0.132053130867325,-0.11578375940243,-0.584867307644152,-0.491716543892917,-0.173272696819296,-0.289555223122662,-0.306650229859764,2.24118191013093,-0.130781764013622,3.80223897600087,3.7447090330076,4.14618499614443,4.08766230299161,-0.075079888588345,-0.0822923157224407,2.97784024141045,0.0737349778584896,-1.19115924719324,0.0982676411413403,1.24270200647636,-0.199571328281243,-0.653137775721136,0.130092065047415,0.88237538876026,-0.180265739709261,-0.70008424534017,-0.579477869256204,-0.247878111846736,0.604517703444672,-0.111547020187573,0.577767893095068,-0.0292743149632101,-0.507836092579516,0.8894275417093,0.079987380565503,-0.1735776336434,-1.32849940599971,-0.334301096429108,1.70138375609796,-0.147573441893252,-1.42072575196642,0.495786912576048,-0.0692715738901856,-0.788277756528684,0.117651274611448,0.589045570785157,0.0790812884183557,-0.627423085391981,-0.669007101430994,-0.0552348949377494,-0.957612044483902,1.07641780061139,0.0463526592653779,-1.53663582286874,0.166375781769771,-0.686157168276603,-0.133882604483397,0.750196828909177,-0.737934951795638,-0.121043811882653,0.767297055901994,-0.990737241763597,0.0461458794783647,1.48609447131837,0.880687724887195,0.201099110799887,0.738283700339559,0.871187253418242,-0.0549207668172536,-0.579877999919536,-0.745409890281964,-1.28629343999157,-0.309516116871382,1.66342793543113,-0.132402550773254,-1.40319054874512,0.472520828967944,-0.0606246993935865,-0.777650455442517,0.101890168584711,0.579826323278603,0.104924479173219,-0.615971740425033,-0.692310691077894,-0.054916987824099,-0.97519851338405,0.336115842444728,-0.0709094585564946,-0.849982423032977,0.0945436937579272,-0.525272924493119,-0.0888708400387561,0.461374230256677,-0.469897513481388,-0.116826963202014,0.404848799928983,-0.231355328498667,-0.0570031108459224,0.467120029155241,0.162893597136649,-0.0443723216469457,0.144738538807216,0.186029158625444,0.021557896192534,-0.306981949128748,-0.224709310655053,0.972949528075959,0.0491146017255559,-1.38814817788169,0.127521682577868,-0.682891162513973,-0.12295431667172,0.675455946627232,-0.663990225484874,-0.115699936829903,0.713689322178605,-0.205931636839548,-0.0492222407243769,0.425988760531869,0.181185618966533,-0.0409678888217972,0.138738524839015,0.0103939863188818,-0.0252581359023621,-0.171102950405866,-0.050018549014921,-0.928011764232749,0.0271453618641311,1.41864744779302,0.810316944690952,0.195858729977714,0.70906222508977,0.208622040386305,0.0275914374240943,-0.215426537744909,-0.0519603362986721,0.873851466283545,-0.0567576136434321,-0.55703968859455,-0.287579822291554,-0.747129039747142
0,-1.35485796592338,0.0018363761266763,-2.12993091808961,1.55838986135719,-0.188690710103128,-1.32849940599973,-1.28629343999159,-0.706578202000684,2.59397330965399,2.53537997340692,-1.76012543922271,-0.661131616852152,0.664286639671409,-0.17876758579041,1.23115551848133,1.17142722225511,-1.82446308056466,-0.676914009309313,1.8107458660567,-0.178560121049442,2.69941678138196,2.64456638310238,-1.12622394967012,-0.499663055297737,-0.459133123814017,-0.150662345400436,-0.137881893101475,-1.09542052868858,-0.482991388339556,-0.452454947197622,-0.132053130867325,-0.11578375940243,-0.584867307644152,-0.491716543892917,-0.173272696819296,-0.289555223122662,-0.306650229859764,-0.44602634159486,-0.130781764013622,-0.262904613448501,-0.266943615488728,4.14618499614443,4.08766230299161,-0.075079888588345,-0.0822923157224407,2.97784024141045,-1.35485796592338,1.5788542275228,-1.34882948886414,0.610994814257264,0.344136193193809,0.00183637612668535,0.17251306275877,0.151841724763312,-0.123334278336414,0.0706109129354864,-0.680090869057492,0.590403947778136,-0.888764238429158,0.713411261608763,-0.479639853283965,0.460442468604659,-0.562700375003736,0.139167089991882,-0.128354234196417,0.523731327539782,-1.32849940599971,1.49112949708465,-1.84755207869295,1.5941993897668,-0.676276088908082,-0.307071262436815,-0.116742262274248,0.0111876650481564,0.0557172805161979,0.71004613065746,-0.838030099302759,0.971864912644407,0.564481897724801,-0.541901342628369,-0.144584775014889,1.07641780061139,-1.36515087021225,1.77670497427548,-1.17383542617122,0.0197619705587645,-0.0919387062528257,0.0175663314239506,-0.853433671806651,0.799080008920539,-0.7477566872538,-0.990737241763597,1.415579953621,-1.89010605995424,0.109918761620845,0.153434587442764,0.843762649284933,0.871187253418242,-1.19181948196168,-0.0494200521334932,-0.745409890281964,-1.28629343999157,1.47708695379848,-1.8007435742893,1.54610593529528,-0.677913370773329,-0.332918728475367,-0.108181362629502,0.0071348052648016,0.0412784319970824,0.701315057322065,-0.82422340933056,1.01838612851977,0.581292000424232,-0.570928505150669,-0.140043524307904,0.336115842444728,-0.912060646250285,1.12735742985429,-0.652582553831169,-0.108220472411201,-0.0643772970356059,0.0646877443871308,-0.535323119810013,0.383604068470965,-0.396660649466282,-0.231355328498667,0.252082769957496,-0.56087708107881,-0.0847608497636027,-0.0588888659407262,0.174277490398561,0.186029158625444,-0.239382626210427,0.156104996009625,-0.224709310655053,0.972949528075959,-1.24151087340123,1.61630300572482,-0.995578401219635,0.0652321475801442,-0.0810144613656974,0.0210170873536638,-0.773689454236345,0.723819892634517,-0.673203827271876,-0.205931636839548,0.227852088005964,-0.519003378326085,-0.0848903969256068,-0.0549162697094216,0.166095136906273,0.0103939863188818,-0.0995947993097356,-0.0470485577334314,-0.050018549014921,-0.928011764232749,1.3155960654587,-1.77602482657391,0.0832722254798136,0.150288336062313,0.812270525492589,0.208622040386305,-0.260294224886416,0.166738092846384,-0.0519603362986721,0.873851466283545,-1.16775627263616,-0.0686886345156736,-0.287579822291554,-0.747129039747142
0,-0.878660317996087,-0.325650699797235,-2.12993091808961,1.55838986135719,-0.188690710103128,-1.32849940599973,-1.28629343999159,1.41474243812483,2.59397330965399,2.53537997340692,-1.76012543922271,0.687159944412415,0.980135690706072,-0.17876758579041,1.62980716859724,1.55732508431915,-1.82446308056466,1.88656021513426,1.60898199753078,-0.178560121049442,2.44362719972426,2.39270740151598,-1.12622394967012,-0.499663055297737,-0.459133123814017,-0.150662345400436,-0.137881893101475,-1.09542052868858,-0.482991388339556,-0.452454947197622,-0.132053130867325,-0.11578375940243,-0.584867307644152,-0.491716543892917,-0.173272696819296,-0.289555223122662,-0.306650229859764,2.24118191013093,-0.130781764013622,3.80223897600087,3.7447090330076,4.14618499614443,4.08766230299161,-0.075079888588345,-0.0822923157224407,2.97784024141045,-0.878660317996093,0.127151739590268,0.638281770543895,-0.878664970227119,0.345726682405881,-0.325650699797225,0.440598173135914,0.110082365999694,-0.312824824346849,0.340869741015034,-0.702807236973186,0.326180694576184,-0.055444395989633,-0.44317039855927,0.0274851773315261,-0.083107030444538,0.0416248698344899,0.685654126037169,-0.467678666040357,0.365275385271113,-1.32849940599971,0.882652632580064,0.0123663036199829,-0.797551884807006,1.07924725844415,0.0943578250696166,-0.416739561293789,0.0568873569365158,0.261858245014842,0.737365594757455,-0.548960147691641,0.0793888268044092,-0.0270904154181826,-0.0017374913528327,-0.736790937153716,1.07641780061139,-0.894649693719707,0.0402567141904984,0.666503225647057,-0.333197598858919,0.17313131080103,-0.0243128882389255,-0.879510932426488,0.50906055008824,-0.0211479797679478,-0.990737241763597,0.959101928906787,-0.120714410511085,0.49530324325402,-0.147787677347304,0.867577649496993,0.871187253418242,-0.812853243580204,-0.314649026026515,-0.745409890281964,-1.28629343999157,0.881552596908527,0.0147517094661894,-0.758772598784935,1.03239839698342,0.0698010502462883,-0.408721991105966,0.0519953378718434,0.243018397627196,0.728744741215734,-0.531359599366578,0.106339445540494,-0.029518546530538,0.00180620837707781,-0.748367438455199,0.336115842444728,-0.631676917019022,0.0910775669128808,0.373349256826175,-0.31674669845216,0.0904128902251071,0.0420120292264197,-0.550094890330758,0.225870148636137,-0.0122625727025431,-0.231355328498667,0.149054143023023,-0.022126646780938,0.0390663736865232,-0.150628089185143,0.180946784560529,0.186029158625444,-0.152402452076107,-0.0754384765595617,-0.224709310655053,0.972949528075959,-0.8113023816923,0.0417369258394057,0.546629634220027,-0.308829507466914,0.18403000589131,-0.016392478365367,-0.798457307747402,0.459206499180885,-0.00806000429161737,-0.205931636839548,0.135493978429184,-0.0237540044228023,0.0481476110204633,-0.143064909099871,0.17227170321355,0.0103939863188818,-0.0748159115072778,-0.109075754069649,-0.050018549014921,-0.928011764232749,0.886112497593847,-0.101768101413766,0.446794585085383,-0.137699800517284,0.835572859470647,0.208622040386305,-0.164332337449579,-0.0243442224492625,-0.0519603362986721,0.873851466283545,-0.797423386305254,-0.312864161555112,-0.287579822291554,-0.747129039747142
7367.0400390625,-0.878660317996087,-0.653137775721146,-2.12993091808961,1.55838986135719,-0.188690710103128,-1.32849940599973,-1.28629343999159,1.41474243812483,2.59397330965399,2.53537997340692,-1.76012543922271,0.687159944412415,0.980135690706072,-0.17876758579041,1.62980716859724,1.55732508431915,-1.82446308056466,1.65351710382121,1.40721812900486,-0.178560121049442,2.18783761806657,2.14084841992958,-1.12622394967012,-0.499663055297737,-0.459133123814017,-0.150662345400436,-0.137881893101475,-1.09542052868858,-0.482991388339556,-0.452454947197622,-0.132053130867325,-0.11578375940243,-0.584867307644152,-0.491716543892917,-0.173272696819296,-0.289555223122662,-0.306650229859764,2.24118191013093,-0.130781764013622,3.80223897600087,3.7447090330076,4.14618499614443,4.08766230299161,-0.075079888588345,-0.0822923157224407,2.97784024141045,-0.878660317996093,0.127151739590268,0.638281770543895,-0.878664970227119,0.345726682405881,-0.653137775721136,0.70787103566308,0.0708356247881729,-0.505682139453989,0.613722507232963,-0.579477869256204,0.231963289497385,-0.0421695831034994,-0.376515609074279,0.577767893095068,-0.473039991588124,0.0972053120905911,0.8894275417093,-0.61446395870957,-0.1735776336434,-1.32849940599971,0.882652632580064,0.0123663036199829,-0.797551884807006,1.07924725844415,0.495786912576048,-0.715827924487744,0.0998373454921651,0.471661814553427,0.589045570785157,-0.445882843188707,0.0651716529877008,-0.669007101430994,0.385766664936583,-0.957612044483902,1.07641780061139,-0.894649693719707,0.0402567141904984,0.666503225647057,-0.686157168276603,0.437398215174951,-0.063672278443003,-0.737934951795638,0.4056446678659,0.767297055901994,-0.990737241763597,0.959101928906787,-0.120714410511085,0.880687724887195,-0.448097294894123,0.738283700339559,0.871187253418242,-0.812853243580204,-0.579877999919536,-0.745409890281964,-1.28629343999157,0.881552596908527,0.0147517094661894,-0.758772598784935,1.03239839698342,0.472520828967944,-0.708352037569995,0.0941566584947416,0.448342773646925,0.579826323278603,-0.426929471124963,0.0918105114585635,-0.692310691077894,0.412676135009802,-0.97519851338405,0.336115842444728,-0.631676917019022,0.0910775669128808,0.373349256826175,-0.525272924493119,0.244734092107918,0.0207006884623962,-0.469897513481388,0.169624983081439,0.404848799928983,-0.231355328498667,0.149054143023023,-0.022126646780938,0.162893597136649,-0.242089359705016,0.144738538807216,0.186029158625444,-0.152402452076107,-0.306981949128748,-0.224709310655053,0.972949528075959,-0.8113023816923,0.0417369258394057,0.546629634220027,-0.682891162513973,0.448271437879498,-0.0515511490940301,-0.663990225484874,0.364849976890847,0.713689322178605,-0.205931636839548,0.135493978429184,-0.0237540044228023,0.181185618966533,-0.230946474564719,0.138738524839015,0.0103939863188818,-0.0748159115072778,-0.171102950405866,-0.050018549014921,-0.928011764232749,0.886112497593847,-0.101768101413766,0.810316944690952,-0.424815386792139,0.70906222508977,0.208622040386305,-0.164332337449579,-0.215426537744909,-0.0519603362986721,0.873851466283545,-0.797423386305254,-0.55703968859455,-0.287579822291554,-0.747129039747142
0,0.0737349778584993,-0.325650699797235,-2.12993091808961,1.55838986135719,-0.188690710103128,-1.32849940599973,-1.28629343999159,1.41474243812483,2.59397330965399,2.53537997340692,-1.76012543922271,1.22647656891824,1.6118337927754,-0.17876758579041,2.42711046882906,2.32912080844724,-1.82446308056466,1.88656021513426,1.60898199753078,-0.178560121049442,2.44362719972426,2.39270740151598,-1.12622394967012,-0.499663055297737,-0.459133123814017,-0.150662345400436,-0.137881893101475,-1.09542052868858,-0.482991388339556,-0.452454947197622,-0.132053130867325,-0.11578375940243,-0.584867307644152,-0.491716543892917,-0.173272696819296,-0.289555223122662,-0.306650229859764,2.24118191013093,-0.130781764013622,3.80223897600087,3.7447090330076,4.14618499614443,4.08766230299161,-0.075079888588345,-0.0822923157224407,2.97784024141045,0.0737349778584896,-1.19115924719324,0.0982676411413403,1.24270200647636,-0.199571328281243,-0.325650699797225,0.15252093567806,0.514711376714918,-0.15057409832605,-0.314186671701835,-0.702807236973186,-0.255784601004245,0.72887633333862,-0.121808959719202,0.0274851773315261,-0.0619965145064763,0.0128422557449567,0.685654126037169,0.0676695256638498,0.365275385271113,-1.32849940599971,-0.334301096429108,1.70138375609796,-0.147573441893252,-1.42072575196642,0.0943578250696166,-0.0943703218205962,-0.385921672374718,0.0853506468432107,0.737365594757455,0.0877312781920722,-0.760609765458621,-0.0270904154181826,-0.0227165146275554,-0.736790937153716,1.07641780061139,0.0463526592653779,-1.53663582286874,0.166375781769771,-0.333197598858919,-0.111705986348208,0.381477519550535,-0.879510932426488,-0.129722214252378,-0.0211479797679478,-0.990737241763597,0.0461458794783647,1.48609447131837,0.49530324325402,0.175897878256454,0.867577649496993,0.871187253418242,-0.0549207668172536,-0.314649026026515,-0.745409890281964,-1.28629343999157,-0.309516116871382,1.66342793543113,-0.132402550773254,-1.40319054874512,0.0698010502462883,-0.0857689040301976,-0.38268262334148,0.0702791418698426,0.728744741215734,0.113687994533986,-0.752078994948802,-0.029518546530538,-0.0204378104645518,-0.748367438455199,0.336115842444728,-0.0709094585564946,-0.849982423032977,0.0945436937579272,-0.31674669845216,-0.075920590470327,0.261729296550276,-0.550094890330758,-0.121546916922334,-0.0122625727025431,-0.231355328498667,-0.0570031108459224,0.467120029155241,0.0390663736865232,-0.0520475228806518,0.180946784560529,0.186029158625444,0.021557896192534,-0.0754384765595617,-0.224709310655053,0.972949528075959,0.0491146017255559,-1.38814817788169,0.127521682577868,-0.308829507466914,-0.10077983611548,0.346089035152634,-0.798457307747402,-0.123618100356085,-0.00806000429161737,-0.205931636839548,-0.0492222407243769,0.425988760531869,0.0481476110204633,-0.04834269015401,0.17227170321355,0.0103939863188818,-0.0252581359023621,-0.109075754069649,-0.050018549014921,-0.928011764232749,0.0271453618641311,1.41864744779302,0.446794585085383,0.171764707562902,0.835572859470647,0.208622040386305,0.0275914374240943,-0.0243442224492625,-0.0519603362986721,0.873851466283545,-0.0567576136434321,-0.312864161555112,-0.287579822291554,-0.747129039747142
2015.50305175781,-1.35485796592338,-0.653137775721146,-2.12993091808961,1.55838986135719,-0.188690710103128,-1.32849940599973,-1.28629343999159,1.41474243812483,2.59397330965399,2.53537997340692,-1.76012543922271,0.417501632159501,0.664286639671409,-0.17876758579041,1.23115551848133,1.17142722225511,-1.82446308056466,1.65351710382121,1.40721812900486,-0.178560121049442,2.18783761806657,2.14084841992958,-1.12622394967012,-0.499663055297737,-0.459133123814017,-0.150662345400436,-0.137881893101475,-1.09542052868858,-0.482991388339556,-0.452454947197622,-0.132053130867325,-0.11578375940243,-0.584867307644152,-0.491716543892917,-0.173272696819296,-0.289555223122662,-0.306650229859764,2.24118191013093,-0.130781764013622,3.80223897600087,3.7447090330076,4.14618499614443,4.08766230299161,-0.075079888588345,-0.0822923157224407,2.97784024141045,-1.35485796592338,1.5788542275228,-1.34882948886414,0.610994814257264,0.344136193193809,-0.653137775721136,0.996760520970912,-0.822818684570871,0.691765402602334,-0.308854823980854,-0.579477869256204,0.471883990169446,-0.754291041703226,0.598499742743924,0.577767893095068,-0.694922829900581,0.763467006992195,0.8894275417093,-0.961689628347106,-0.1735776336434,-1.32849940599971,1.49112949708465,-1.84755207869295,1.5941993897668,-0.676276088908082,0.495786912576048,-1.03910609978652,1.07781516415525,-0.831004711313398,0.589045570785157,-0.708364908992238,0.827845646388832,-0.669007101430994,0.606267444873749,-0.957612044483902,1.07641780061139,-1.36515087021225,1.77670497427548,-1.17383542617122,-0.686157168276603,0.723038625004125,-0.95989162261859,-0.737934951795638,0.668988907740177,0.767297055901994,-0.990737241763597,1.415579953621,-1.89010605995424,0.880687724887195,-0.772695497741129,0.738283700339559,0.871187253418242,-1.19181948196168,-0.579877999919536,-0.745409890281964,-1.28629343999157,1.47708695379848,-1.8007435742893,1.54610593529528,-0.677913370773329,0.472520828967944,-1.0322157066582,1.05417638751778,-0.826512521587717,0.579826323278603,-0.692856446274054,0.871208746226244,-0.692310691077894,0.646472696426752,-0.97519851338405,0.336115842444728,-0.912060646250285,1.12735742985429,-0.652582553831169,-0.525272924493119,0.411536558181254,-0.464561805290796,-0.469897513481388,0.312850956223166,0.404848799928983,-0.231355328498667,0.252082769957496,-0.56087708107881,0.162893597136649,-0.340947878734051,0.144738538807216,0.186029158625444,-0.239382626210427,-0.306981949128748,-0.224709310655053,0.972949528075959,-1.24151087340123,1.61630300572482,-0.995578401219635,-0.682891162513973,0.733884315155106,-0.852119467331429,-0.663990225484874,0.605124933751222,0.713689322178605,-0.205931636839548,0.227852088005964,-0.519003378326085,0.181185618966533,-0.32593576743618,0.138738524839015,0.0103939863188818,-0.0995947993097356,-0.171102950405866,-0.050018549014921,-0.928011764232749,1.3155960654587,-1.77602482657391,0.810316944690952,-0.735152445177065,0.70906222508977,0.208622040386305,-0.260294224886416,-0.215426537744909,-0.0519603362986721,0.873851466283545,-1.16775627263616,-0.55703968859455,-0.287579822291554,-0.747129039747142
15791.1298828125,-0.878660317996087,-0.980624851645057,-2.12993091808961,-0.641448069582378,5.29769678474325,-1.32849940599973,-1.28629343999159,1.41474243812483,2.59397330965399,2.53537997340692,-1.76012543922271,0.687159944412415,-0.599109564467246,3.62132214711921,1.62980716859724,1.55732508431915,-1.82446308056466,1.42047399250815,-0.610420556254294,4.24866430146891,1.93204803640887,1.88898943834317,-1.12622394967012,-0.499663055297737,-0.459133123814017,-0.150662345400436,-0.137881893101475,-1.09542052868858,-0.482991388339556,-0.452454947197622,-0.132053130867325,-0.11578375940243,-0.584867307644152,-0.491716543892917,-0.173272696819296,-0.289555223122662,-0.306650229859764,-0.44602634159486,7.64346754124059,3.80223897600087,3.7447090330076,-0.24109540919036,-0.244547150456313,13.3141669096665,12.1472601596958,2.97784024141045,-0.878660317996093,0.127151739590268,0.638281770543895,-0.878664970227119,0.345726682405881,-0.980624851645047,0.975143898190246,0.0315888835766523,-0.698539454561128,0.886575273450891,-0.310102765906546,0.0261743221146939,-0.0131748338451101,-0.230928705170963,1.06566778859668,-0.818768188285364,0.146484875471131,0.682450040812758,-0.465370648648339,-0.809472178513938,-1.32849940599971,0.882652632580064,0.0123663036199829,-0.797551884807006,1.07924725844415,0.89721600008248,-1.0149162876817,0.142787334047814,0.681465384092012,0.265086058740566,-0.220742148255439,0.0341186058740202,-1.23815287878259,0.729341398331055,-0.733318798038311,1.07641780061139,-0.894649693719707,0.0402567141904984,0.666503225647057,-1.03911673769429,0.701665119548872,-0.10303166864708,-0.428705729914102,0.179764453953129,1.46635999117585,-0.990737241763597,0.959101928906787,-0.120714410511085,1.26607220652037,-0.748406912440943,0.45588080181263,0.871187253418242,-0.812853243580204,-0.845106973812558,-0.745409890281964,-1.28629343999157,0.881552596908527,0.0147517094661894,-0.758772598784935,1.03239839698342,0.875240607689599,-1.00798208403402,0.13631797911764,0.653667149666654,0.254559803510672,-0.198833948471686,0.0600765198527546,-1.27996537984137,0.776967777335345,-0.744800800023883,0.336115842444728,-0.631676917019022,0.0910775669128808,0.373349256826175,-0.733799150534078,0.399055293990728,-0.000610652301627356,-0.294730989261904,0.0467747036655566,0.774674326498681,-0.231355328498667,0.149054143023023,-0.022126646780938,0.286720820586775,-0.333550630224889,0.0656527531386223,0.186029158625444,-0.152402452076107,-0.538525421697934,-0.224709310655053,0.972949528075959,-0.8113023816923,0.0417369258394057,0.546629634220027,-1.05695281756103,0.712512869867685,-0.0867098198226932,-0.370288207448762,0.158757150712404,1.35361750977317,-0.205931636839548,0.135493978429184,-0.0237540044228023,0.314223626912604,-0.318828040029568,0.0654956017826672,0.0103939863188818,-0.0748159115072778,-0.233130146742083,-0.050018549014921,-0.928011764232749,0.886112497593847,-0.101768101413766,1.17383930429652,-0.711930973066994,0.432738622349958,0.208622040386305,-0.164332337449579,-0.406508853040556,-0.0519603362986721,0.873851466283545,-0.797423386305254,-0.801215215633988,-0.287579822291554,-0.747129039747142
1135.46997070312,-0.68818125882517,-0.653137775721146,-2.12993091808961,1.55838986135719,-0.188690710103128,-1.32849940599973,-1.28629343999159,1.41474243812483,2.59397330965399,2.53537997340692,-1.76012543922271,0.79502326931358,1.10647531111994,-0.17876758579041,1.7892678286436,1.71168422914477,-1.82446308056466,1.65351710382121,1.40721812900486,-0.178560121049442,2.18783761806657,2.14084841992958,-1.12622394967012,-0.499663055297737,-0.459133123814017,-0.150662345400436,-0.137881893101475,-1.09542052868858,-0.482991388339556,-0.452454947197622,-0.132053130867325,-0.11578375940243,-0.584867307644152,-0.491716543892917,-0.173272696819296,-0.289555223122662,-0.306650229859764,2.24118191013093,-0.130781764013622,3.80223897600087,3.7447090330076,4.14618499614443,4.08766230299161,-0.075079888588345,-0.0822923157224407,2.97784024141045,-0.688181258825176,-0.305587149935131,0.895043790976805,-0.536140016360194,-0.403069827270686,-0.653137775721136,0.592315241539947,0.337225588755497,-0.660408780352997,0.401589669182251,-0.579477869256204,0.135995009228561,0.170107141475605,-0.502500961178079,0.577767893095068,-0.384286856263141,-0.101401047257628,0.8894275417093,-0.475573690854555,-0.1735776336434,-1.32849940599971,0.63926188677823,0.566790520744687,-1.10659894330714,0.675590960659174,0.495786912576048,-0.586516654368232,-0.191688665344573,0.639984190841268,0.589045570785157,-0.340890016867294,-0.162174307853311,-0.669007101430994,0.297566352961716,-0.957612044483902,1.07641780061139,-0.70644922312269,-0.477362218086493,0.904300212748024,-0.686157168276603,0.323142051243282,0.203482298333992,-0.737934951795638,0.30030697191619,0.767297055901994,-0.990737241763597,0.776510719021102,0.406724637007538,0.880687724887195,-0.318258013755321,0.738283700339559,0.871187253418242,-0.661266748227614,-0.579877999919536,-0.745409890281964,-1.28629343999157,0.643338854152546,0.555933817757422,-1.05659450808214,0.639137824703346,0.472520828967944,-0.578806569934713,-0.192016214330984,0.613071557611218,0.579826323278603,-0.320558681065326,-0.140520788801011,-0.692310691077894,0.319157510443022,-0.97519851338405,0.336115842444728,-0.519523425326516,-0.217827736242899,0.505913713538703,-0.525272924493119,0.178013105678583,0.165352884363877,-0.469897513481388,0.112334593824749,0.404848799928983,-0.231355328498667,0.107842692249234,0.138469802289985,0.162893597136649,-0.202545952093402,0.144738538807216,0.186029158625444,-0.117610382422379,-0.306981949128748,-0.224709310655053,0.972949528075959,-0.639218985008729,-0.427626447550119,0.745904057950745,-0.682891162513973,0.334026286969254,0.187090754397266,-0.663990225484874,0.268739994146697,0.713689322178605,-0.205931636839548,0.0985507345984714,0.123875186739001,0.181185618966533,-0.192950757416135,0.138738524839015,0.0103939863188818,-0.0649043563862946,-0.171102950405866,-0.050018549014921,-0.928011764232749,0.714319070447904,0.397312117879699,0.810316944690952,-0.300680563438168,0.70906222508977,0.208622040386305,-0.125947582474845,-0.215426537744909,-0.0519603362986721,0.873851466283545,-0.64929023177289,-0.55703968859455,-0.287579822291554,-0.747129039747142
6378.72021484375,-1.35485796592338,-0.325650699797235,-2.12993091808961,-0.641448069582378,5.29769678474325,-1.32849940599973,-1.28629343999159,1.41474243812483,2.59397330965399,2.53537997340692,-1.76012543922271,0.417501632159501,-0.599109564467246,2.86130420053729,1.23115551848133,1.17142722225511,-1.82446308056466,1.88656021513426,-0.610420556254294,5.23249195091743,2.44362719972426,2.39270740151598,-1.12622394967012,-0.499663055297737,-0.459133123814017,-0.150662345400436,-0.137881893101475,-1.09542052868858,-0.482991388339556,-0.452454947197622,-0.132053130867325,-0.11578375940243,-0.584867307644152,-0.491716543892917,-0.173272696819296,-0.289555223122662,-0.306650229859764,-0.44602634159486,7.64346754124059,3.80223897600087,3.7447090330076,-0.24109540919036,-0.244547150456313,13.3141669096665,12.1472601596958,2.97784024141045,-1.35485796592338,1.5788542275228,-1.34882948886414,0.610994814257264,0.344136193193809,-0.325650699797225,0.584636791864841,-0.33548847990378,0.28421556213296,-0.119121955522684,-0.702807236973186,0.617163342366398,-0.919125549767244,0.739355944159132,0.0274851773315261,-0.0936622884135688,0.073319813517637,0.685654126037169,-0.735352761892461,0.365275385271113,-1.32849940599971,1.49112949708465,-1.84755207869295,1.5941993897668,-0.676276088908082,0.0943578250696166,-0.577924181030385,0.544501414601705,-0.3876437153986,0.737365594757455,-0.867305860633497,1.0043815322231,-0.0270904154181826,0.00875202028452864,-0.736790937153716,1.07641780061139,-1.36515087021225,1.77670497427548,-1.17383542617122,-0.333197598858919,0.31554995937565,-0.47116264559732,-0.879510932426488,0.82845193225855,-0.0211479797679478,-0.990737241763597,1.415579953621,-1.89010605995424,0.49530324325402,-0.309630455149183,0.867577649496993,0.871187253418242,-1.19181948196168,-0.314649026026515,-0.745409890281964,-1.28629343999157,1.47708695379848,-1.8007435742893,1.54610593529528,-0.677913370773329,0.0698010502462883,-0.570198534643851,0.53065559639129,-0.392617044795317,0.728744741215734,-0.85388339631686,1.05161578643328,-0.029518546530538,0.0129282177978926,-0.748367438455199,0.336115842444728,-0.912060646250285,1.12735742985429,-0.652582553831169,-0.31674669845216,0.173579630572824,-0.199937030451833,-0.550094890330758,0.399578681415373,-0.0122625727025431,-0.231355328498667,0.252082769957496,-0.56087708107881,0.0390663736865232,-0.199918372337388,0.180946784560529,0.186029158625444,-0.239382626210427,-0.0754384765595617,-0.224709310655053,0.972949528075959,-1.24151087340123,1.61630300572482,-0.995578401219635,-0.308829507466914,0.326434926894704,-0.415551189988882,-0.798457307747402,0.75061879894937,-0.00806000429161737,-0.205931636839548,0.227852088005964,-0.519003378326085,0.0481476110204633,-0.190426018572801,0.17227170321355,0.0103939863188818,-0.0995947993097356,-0.109075754069649,-0.050018549014921,-0.928011764232749,1.3155960654587,-1.77602482657391,0.446794585085383,-0.292432054557376,0.835572859470647,0.208622040386305,-0.260294224886416,-0.0243442224492625,-0.0519603362986721,0.873851466283545,-1.16775627263616,-0.312864161555112,-0.287579822291554,-0.747129039747142
7176.18701171875,-0.783420788410629,-0.325650699797235,-2.12993091808961,1.55838986135719,-0.188690710103128,-1.32849940599973,-1.28629343999159,1.41474243812483,2.59397330965399,2.53537997340692,-1.76012543922271,0.741091606862997,1.043305500913,-0.17876758579041,1.70953749862042,1.63450465673196,-1.82446308056466,1.88656021513426,1.60898199753078,-0.178560121049442,2.44362719972426,2.39270740151598,-1.12622394967012,-0.499663055297737,-0.459133123814017,-0.150662345400436,-0.137881893101475,-1.09542052868858,-0.482991388339556,-0.452454947197622,-0.132053130867325,-0.11578375940243,-0.584867307644152,-0.491716543892917,-0.173272696819296,-0.289555223122662,-0.306650229859764,2.24118191013093,-0.130781764013622,3.80223897600087,3.7447090330076,4.14618499614443,4.08766230299161,-0.075079888588345,-0.0822923157224407,2.97784024141045,-0.783420788410635,-0.0997849984329752,0.798842579775198,-0.743811221480749,-0.0415316024030472,-0.325650699797225,0.411790449390129,0.179736027936719,-0.361066354428826,0.299228283471233,-0.702807236973186,0.267984165018141,0.0795701716368105,-0.538719847854204,0.0274851773315261,-0.0809959788507318,0.0366701720289309,0.685654126037169,-0.414143846869937,0.365275385271113,-1.32849940599971,0.760957259679147,0.303117207596654,-0.990808059219693,0.920325800761001,0.0943578250696166,-0.38450263734647,-0.0193386911557563,0.314338728866746,0.737365594757455,-0.485291005103269,-0.0652102415363551,-0.0270904154181826,-0.00383539368030498,-0.736790937153716,1.07641780061139,-0.800549458421199,-0.231192778502069,0.815204644249866,-0.333197598858919,0.144647581086107,0.0455406989556602,-0.879510932426488,0.445182273654178,-0.0211479797679478,-0.990737241763597,0.867806323963944,0.155884942695272,0.49530324325402,-0.115419121786928,0.867577649496993,0.871187253418242,-0.737059995903909,-0.314649026026515,-0.745409890281964,-1.28629343999157,0.762445725530536,0.298558192555446,-0.945009358734665,0.877569787250318,0.0698010502462883,-0.376426682398389,-0.0228310115990232,0.294378451337454,0.728744741215734,-0.466854839976522,-0.041430452986212,-0.029518546530538,-0.00041819350708515,-0.748367438455199,0.336115842444728,-0.575600171172769,-0.0709184162379221,0.456245693024897,-0.31674669845216,0.0737795421555637,0.0798346070807642,-0.550094890330758,0.19112844208029,-0.0122625727025431,-0.231355328498667,0.128448417636128,0.0620932723722539,0.0390663736865232,-0.140770032554694,0.180946784560529,0.186029158625444,-0.135006417249243,-0.0754384765595617,-0.224709310655053,0.972949528075959,-0.725260683350514,-0.204406407895688,0.671241766027371,-0.308829507466914,0.155549021690631,0.0460058275701749,-0.798457307747402,0.400924039227188,-0.00806000429161737,-0.205931636839548,0.117022356513827,0.0536656310437785,0.0481476110204633,-0.133592687205285,0.17227170321355,0.0103939863188818,-0.0698601339467862,-0.109075754069649,-0.050018549014921,-0.928011764232749,0.800215784020875,0.159959327573723,0.446794585085383,-0.106753349709265,0.835572859470647,0.208622040386305,-0.145139959962212,-0.0243442224492625,-0.0519603362986721,0.873851466283545,-0.723356809039072,-0.312864161555112,-0.287579822291554,-0.747129039747142
0,0.359453566614875,-1.30811192756897,-2.12993091808961,1.55838986135719,-0.188690710103128,-1.32849940599973,-1.28629343999159,1.41474243812483,2.59397330965399,2.53537997340692,-1.76012543922271,1.38827155626999,1.8013432233962,-0.17876758579041,2.6663014588986,2.56065952568566,-1.82446308056466,1.1874308811951,1.00369039195303,-0.178560121049442,1.67625845475118,1.63713045675677,-1.12622394967012,-0.499663055297737,-0.459133123814017,-0.150662345400436,-0.137881893101475,-1.09542052868858,-0.482991388339556,-0.452454947197622,-0.132053130867325,-0.11578375940243,-0.584867307644152,-0.491716543892917,-0.173272696819296,-0.289555223122662,-0.306650229859764,2.24118191013093,-0.130781764013622,3.80223897600087,3.7447090330076,4.14618499614443,4.08766230299161,-0.075079888588345,-0.0822923157224407,2.97784024141045,0.359453566614864,-1.17452810606709,-0.50564242883601,1.14429061438513,0.764547960487831,-1.30811192756896,-0.261920407293261,1.5971986814625,0.489215290852765,-1.34981157960994,0.105318073075787,-0.177813865350535,-0.0845105590249643,-0.108421993355655,1.38564435842638,0.338046719850821,-1.25394428615942,0.0926320231765849,0.0535197590172838,-1.20769456413253,-1.32849940599971,-0.69938721513186,1.68007597068291,0.579312218261767,-1.30475061572321,1.29864508758891,0.369405093824522,-1.57055040626044,-0.610656645014275,-0.234512941376318,0.00242842725308162,0.110518357262029,-1.61141246594194,-0.42026796950913,-0.0941565827507328,1.07641780061139,0.328653365160903,-1.51674254837772,-0.392928101563205,-1.39207630711197,-0.521486200156744,1.46707186199274,0.0481767332181201,-0.044139169289407,1.92482239747343,-0.990737241763597,-0.227740935350162,1.46582378743242,1.65145668815355,0.641567007649109,0.0203689539162058,0.871187253418242,0.172458976211632,-1.11033594770558,-0.745409890281964,-1.28629343999157,-0.666836731005355,1.64262907441863,0.56808130498243,-1.29020222501641,1.27796038641125,0.378846461992942,-1.54555864608455,-0.610868768149571,-0.247054818088058,0.0272655981986153,0.138151597649704,-1.66536355944449,-0.441960868859648,-0.0882428554484119,0.336115842444728,0.0973207789822635,-0.838110488673126,-0.217250901855525,-0.942325376575036,-0.31521568969036,0.849529840291554,-0.024595317672305,-0.075000560316601,1.01721486507693,-0.231355328498667,-0.118820287006606,0.460947941844608,0.410548044036901,0.0897750752900349,-0.0563105724452523,0.186029158625444,0.0737460006731262,-0.77006889426712,-0.224709310655053,0.972949528075959,0.307239696750913,-1.37010947442509,-0.341176261833886,-1.43101447260809,-0.510520551676225,1.3158208788861,0.0826487463609346,-0.0455322365973992,1.77329791612646,-0.205931636839548,-0.104637106470445,0.420315034476778,0.447261634858674,0.0879291096437418,-0.0474570659554928,0.0103939863188818,-0.0103908032208874,-0.295157343078301,-0.050018549014921,-0.928011764232749,-0.230544778854784,1.39946665826555,1.53736166390209,0.616974775052094,0.00660205125121126,0.208622040386305,0.0851685698861964,-0.597591168336202,-0.0519603362986721,0.873851466283545,0.165442118155114,-1.04539074267343,-0.287579822291554,-0.747129039747142
7952.5400390625,-0.0215045517269594,-0.653137775721146,-2.12993091808961,1.55838986135719,-0.188690710103128,-1.32849940599973,-1.28629343999159,1.41474243812483,2.59397330965399,2.53537997340692,-1.76012543922271,1.17254490646766,1.54866398256847,-0.17876758579041,2.34738013880587,2.25194123603443,-1.82446308056466,1.65351710382121,1.40721812900486,-0.178560121049442,2.18783761806657,2.14084841992958,-1.12622394967012,-0.499663055297737,-0.459133123814017,-0.150662345400436,-0.137881893101475,-1.09542052868858,-0.482991388339556,-0.452454947197622,-0.132053130867325,-0.11578375940243,-0.584867307644152,-0.491716543892917,-0.173272696819296,-0.289555223122662,-0.306650229859764,2.24118191013093,-0.130781764013622,3.80223897600087,3.7447090330076,4.14618499614443,4.08766230299161,-0.075079888588345,-0.0822923157224407,2.97784024141045,-0.0215045517269686,-1.15443378785978,0.291775307291077,1.1490625776466,-0.503324061423783,-0.653137775721136,0.187869962108982,0.859767543647811,-0.29687485160624,-0.642091396740815,-0.579477869256204,-0.199893971712324,0.586502312628932,-0.206495375141141,0.577767893095068,-0.0736508826257015,-0.490980871220491,0.8894275417093,0.0105422466379957,-0.1735776336434,-1.32849940599971,-0.212605723528191,1.65433116957904,-0.380485517129196,-1.31037424402108,0.495786912576048,-0.133927208949941,-0.763536678444919,0.244506757915875,0.589045570785157,0.0265848752576494,-0.608128806459368,-0.669007101430994,-0.0111347389503162,-0.957612044483902,1.07641780061139,-0.0477475760331307,-1.49270680814946,0.345590526667646,-0.686157168276603,-0.0767545225175618,0.727524093033899,-0.737934951795638,-0.0683749639077981,0.767297055901994,-0.990737241763597,0.137441484421207,1.44133204815884,0.880687724887195,0.136179470230486,0.738283700339559,0.871187253418242,-0.130714014493549,-0.579877999919536,-0.745409890281964,-1.28629343999157,-0.190409245493391,1.6174991733274,-0.356854837366083,-1.29568102293148,0.472520828967944,-0.125397433211227,-0.75336368469532,0.22603735545787,0.579826323278603,0.0517390841434009,-0.596254368295779,-0.692310691077894,-0.00815767554070886,-0.97519851338405,0.336115842444728,-0.126986204402747,-0.823766408194608,0.194450364493726,-0.525272924493119,-0.0555103468240887,0.449097962819975,-0.469897513481388,-0.0881817685736689,0.404848799928983,-0.231355328498667,-0.0363973854590278,0.453490613121197,0.162893597136649,-0.0641440254527527,0.144738538807216,0.186029158625444,0.0041618613656699,-0.306981949128748,-0.224709310655053,0.972949528075959,-0.0369270966162297,-1.34831449087257,0.277704052207338,-0.682891162513973,-0.0658317412165987,0.655203009500318,-0.663990225484874,-0.0676449454578281,0.713689322178605,-0.205931636839548,-0.0307506188090209,0.413459843007515,0.181185618966533,-0.0599657473960894,0.138738524839015,0.0103939863188818,-0.0302139134628537,-0.171102950405866,-0.050018549014921,-0.928011764232749,0.113042075437103,1.37629176693915,0.810316944690952,0.133791318300728,0.70906222508977,0.208622040386305,0.00839905993672694,-0.215426537744909,-0.0519603362986721,0.873851466283545,-0.130824190909614,-0.55703968859455,-0.287579822291554,-0.747129039747142
0,-1.45009749550884,0.0018363761266763,-2.12993091808961,1.55838986135719,-0.188690710103128,-1.32849940599973,-1.28629343999159,-0.706578202000684,2.59397330965399,2.53537997340692,-1.76012543922271,-0.661131616852152,0.601116829464476,-0.17876758579041,1.15142518845815,1.09424764984231,-1.82446308056466,-0.676914009309313,1.8107458660567,-0.178560121049442,2.69941678138196,2.64456638310238,-1.12622394967012,-0.499663055297737,-0.459133123814017,-0.150662345400436,-0.137881893101475,-1.09542052868858,-0.482991388339556,-0.452454947197622,-0.132053130867325,-0.11578375940243,-0.584867307644152,-0.491716543892917,-0.173272696819296,-0.289555223122662,-0.306650229859764,-0.44602634159486,-0.130781764013622,-0.262904613448501,-0.266943615488728,4.14618499614443,4.08766230299161,-0.075079888588345,-0.0822923157224407,2.97784024141045,-1.45009749550884,1.93259848467256,-2.02689583195726,1.59245607131494,-0.749108939623212,0.00183637612668535,0.172350613188774,0.152453987976234,-0.124483128356076,0.0723199271765515,-0.680090869057492,0.646719429863546,-1.09241964267402,1.10388474531764,-0.479639853283965,0.497282124558647,-0.697478211144398,0.139167089991882,-0.139220186451746,0.523731327539782,-1.32849940599971,1.61282486998557,-2.30076852764145,2.41034193471,-1.83290135947803,-0.307071262436815,-0.116560475109131,0.0105176298509328,0.0569670792850736,0.71004613065746,-0.899641306810462,1.18997753733425,0.564481897724801,-0.578511532637891,-0.144584775014889,1.07641780061139,-1.45925110551076,2.1998347856169,-1.80181822974261,0.0197619705587645,-0.0920993287888127,0.0181803520014838,-0.853433671806651,0.860893590580617,-0.7477566872538,-0.990737241763597,1.50687555856384,-2.32126336652515,0.109918761620845,0.153617116891413,0.843762649284933,0.871187253418242,-1.26761272963797,-0.0494200521334932,-0.745409890281964,-1.28629343999157,1.59619382517647,-2.24313520470225,2.33260470403719,-1.80475102526777,-0.332918728475367,-0.107999246227015,0.00647707356966585,0.0425015482335411,0.701315057322065,-0.886643224557365,1.24128162008586,0.581292000424232,-0.609746220623088,-0.140043524307904,0.336115842444728,-0.968137392096538,1.37987339188005,-1.00266352077339,-0.108220472411201,-0.0644710941111865,0.0650202089323406,-0.535323119810013,0.417222842099228,-0.396660649466282,-0.231355328498667,0.27268849534439,-0.692157335644767,-0.0847608497636027,-0.0588332753958174,0.174277490398561,0.186029158625444,-0.256778661037291,0.156104996009625,-0.224709310655053,0.972949528075959,-1.32755257174301,1.99998610394389,-1.52182943921683,0.0652321475801442,-0.0811750684194613,0.0215655752035563,-0.773689454236345,0.780218527644917,-0.673203827271876,-0.205931636839548,0.24632370992132,-0.639683492420817,-0.0848903969256068,-0.0548628549243016,0.166095136906273,0.0103939863188818,-0.104550576870227,-0.0470485577334314,-0.050018549014921,-0.928011764232749,1.40149277903168,-2.18400008765048,0.0832722254798136,0.150462846123261,0.812270525492589,0.208622040386305,-0.279486602373783,0.166738092846384,-0.0519603362986721,0.873851466283545,-1.24182284990235,-0.0686886345156736,-0.287579822291554,-0.747129039747142
7152.1318359375,-0.211983610897877,-1.30811192756897,-2.12993091808961,1.55838986135719,-0.188690710103128,-1.32849940599973,-1.28629343999159,1.41474243812483,2.59397330965399,2.53537997340692,-1.76012543922271,1.06468158156649,1.4223243621546,-0.17876758579041,2.18791947875951,2.09758209120881,-1.82446308056466,1.1874308811951,1.00369039195303,-0.178560121049442,1.67625845475118,1.63713045675677,-1.12622394967012,-0.499663055297737,-0.459133123814017,-0.150662345400436,-0.137881893101475,-1.09542052868858,-0.482991388339556,-0.452454947197622,-0.132053130867325,-0.11578375940243,-0.584867307644152,-0.491716543892917,-0.173272696819296,-0.289555223122662,-0.306650229859764,2.24118191013093,-0.130781764013622,3.80223897600087,3.7447090330076,4.14618499614443,4.08766230299161,-0.075079888588345,-0.0822923157224407,2.97784024141045,-0.211983610897885,-1.0175791096296,0.629569119345442,0.79588810722833,-0.93866114295672,-1.30811192756896,0.432389054865511,1.40369439999284,-0.880881395196587,-0.917659049389438,0.105318073075787,-0.230139561760391,-0.070517874438481,-0.00718665934891688,1.38564435842638,-0.30051566510752,-1.08119186573672,0.0926320231765849,0.0101243639762579,-1.20769456413253,-1.32849940599971,0.0307850222736437,1.47899322405527,-0.787065056497742,-0.8941677820049,1.29864508758891,-0.407553249883251,-1.35878743134747,0.879829599629593,-0.234512941376318,0.0596746625708116,0.0955323510083198,-1.61141246594194,0.214316953744693,-0.0941565827507328,1.07641780061139,-0.235948046630148,-1.32900861938647,0.658434110903527,-1.39207630711197,0.165014518649196,1.2730121697631,0.0481767332181201,-0.101573441148177,1.92482239747343,-0.990737241763597,0.320032694306891,1.27452822515749,1.65145668815355,-0.138563855875601,0.0203689539162058,0.871187253418242,-0.282300509846139,-1.11033594770558,-0.745409890281964,-1.28629343999157,0.0478044972625907,1.44634907545809,-0.748666671083521,-0.890193502143839,1.27796038641125,-0.399519042233671,-1.3376841627236,0.847796395748936,-0.247054818088058,0.0852631537653705,0.122836971844423,-1.66536355944449,0.230888329343012,-0.0882428554484119,0.336115842444728,-0.239139696095253,-0.726074389080393,0.368850975224008,-0.942325376575036,0.0856730113391316,0.744455239078882,-0.024595317672305,-0.106237543068098,1.01721486507693,-0.231355328498667,0.00481406531476125,0.402701613346727,0.410548044036901,-0.147818913649102,-0.0563105724452523,0.186029158625444,-0.0306302082880582,-0.77006889426712,-0.224709310655053,0.972949528075959,-0.209010493299801,-1.19987723461233,0.539867697451454,-1.43101447260809,0.17591399610782,1.14247264393045,0.0826487463609346,-0.0979351947929583,1.77329791612646,-0.205931636839548,0.0061926250216912,0.366771768644733,0.447261634858674,-0.140365681958485,-0.0474570659554928,0.0103939863188818,-0.0401254685838368,-0.295157343078301,-0.050018549014921,-0.928011764232749,0.284835502583046,1.21845648918688,1.53736166390209,-0.128881225437418,0.00660205125121126,0.208622040386305,-0.0299856950380078,-0.597591168336202,-0.0519603362986721,0.873851466283545,-0.278957345441979,-1.04539074267343,-0.287579822291554,-0.747129039747142
8329.8232421875,-1.35485796592338,-0.980624851645057,-2.12993091808961,-0.641448069582378,5.29769678474325,-1.32849940599973,-1.28629343999159,1.41474243812483,2.59397330965399,2.53537997340692,-1.76012543922271,0.417501632159501,-0.599109564467246,2.86130420053729,1.23115551848133,1.17142722225511,-1.82446308056466,1.42047399250815,-0.610420556254294,4.24866430146891,1.93204803640887,1.88898943834317,-1.12622394967012,-0.499663055297737,-0.459133123814017,-0.150662345400436,-0.137881893101475,-1.09542052868858,-0.482991388339556,-0.452454947197622,-0.132053130867325,-0.11578375940243,-0.584867307644152,-0.491716543892917,-0.173272696819296,-0.289555223122662,-0.306650229859764,-0.44602634159486,7.64346754124059,3.80223897600087,3.7447090330076,-0.24109540919036,-0.244547150456313,13.3141669096665,12.1472601596958,2.97784024141045,-1.35485796592338,1.5788542275228,-1.34882948886414,0.610994814257264,0.344136193193809,-0.980624851645047,1.40888425007698,-1.31014888923796,1.09931524307171,-0.498587692439024,-0.310102765906546,0.154565891187279,-0.394260714237105,0.290842657363138,1.06566778859668,-1.22802144804219,1.37537563855761,0.682450040812758,-0.731793894278868,-0.809472178513938,-1.32849940599971,1.49112949708465,-1.84755207869295,1.5941993897668,-0.676276088908082,0.89721600008248,-1.50028801854266,1.6111289137088,-1.2743657072282,0.265086058740566,-0.361207244378982,0.442257255141596,-1.23815287878259,1.13604551143209,-0.733318798038311,1.07641780061139,-1.36515087021225,1.77670497427548,-1.17383542617122,-1.03911673769429,1.1305272906326,-1.44862059963986,-0.428705729914102,0.320690935365422,1.46635999117585,-0.990737241763597,1.415579953621,-1.89010605995424,1.26607220652037,-1.23576054033308,0.45588080181263,0.871187253418242,-1.19181948196168,-0.845106973812558,-0.745409890281964,-1.28629343999157,1.47708695379848,-1.8007435742893,1.54610593529528,-0.677913370773329,0.875240607689599,-1.49423287867255,1.57769717864427,-1.26040799838012,0.254559803510672,-0.34114255920214,0.477165007898665,-1.27996537984137,1.20819538199165,-0.744800800023883,0.336115842444728,-0.912060646250285,1.12735742985429,-0.652582553831169,-0.733799150534078,0.649493485789684,-0.72918658012976,-0.294730989261904,0.123420892894345,0.774674326498681,-0.231355328498667,0.252082769957496,-0.56087708107881,0.286720820586775,-0.481977385130713,0.0656527531386223,0.186029158625444,-0.239382626210427,-0.538525421697934,-0.224709310655053,0.972949528075959,-1.24151087340123,1.61630300572482,-0.995578401219635,-1.05695281756103,1.14133370341551,-1.28868774467397,-0.370288207448762,0.287338297040073,1.35361750977317,-0.205931636839548,0.227852088005964,-0.519003378326085,0.314223626912604,-0.46144551629956,0.0654956017826672,0.0103939863188818,-0.0995947993097356,-0.233130146742083,-0.050018549014921,-0.928011764232749,1.3155960654587,-1.77602482657391,1.17383930429652,-1.17787283579675,0.432738622349958,0.208622040386305,-0.260294224886416,-0.406508853040556,-0.0519603362986721,0.873851466283545,-1.16775627263616,-0.801215215633988,-0.287579822291554,-0.747129039747142
0,-1.069139377167,-0.653137775721146,-2.12993091808961,1.55838986135719,-0.188690710103128,-1.32849940599973,-1.28629343999159,1.41474243812483,2.59397330965399,2.53537997340692,-1.76012543922271,0.579296619511249,0.853796070292207,-0.17876758579041,1.47034650855087,1.40296593949354,-1.82446308056466,1.65351710382121,1.40721812900486,-0.178560121049442,2.18783761806657,2.14084841992958,-1.12622394967012,-0.499663055297737,-0.459133123814017,-0.150662345400436,-0.137881893101475,-1.09542052868858,-0.482991388339556,-0.452454947197622,-0.132053130867325,-0.11578375940243,-0.584867307644152,-0.491716543892917,-0.173272696819296,-0.289555223122662,-0.306650229859764,2.24118191013093,-0.130781764013622,3.80223897600087,3.7447090330076,4.14618499614443,4.08766230299161,-0.075079888588345,-0.0822923157224407,2.97784024141045,-1.06913937716701,0.644428975200017,0.0990627016715037,-0.815246104441951,0.980171520710378,-0.653137775721136,0.823426829786213,-0.247595344765605,-0.180744848905147,0.574445882762001,-0.579477869256204,0.327931569766209,-0.295915941317339,-0.111937132325917,0.577767893095068,-0.561793126913107,0.334610710645909,0.8894275417093,-0.753354226564584,-0.1735776336434,-1.32849940599971,1.1260433783819,-0.650368276819275,-0.148530402419433,1.00450985819474,0.495786912576048,-0.845139194607255,0.448314851545187,0.118172482839613,0.589045570785157,-0.55087566951012,0.33693112041125,-0.669007101430994,0.473966976911449,-0.957612044483902,1.07641780061139,-1.08285016431672,0.658995858900061,0.167112117300692,-0.686157168276603,0.55165437910662,-0.383017232873278,-0.737934951795638,0.510982363815611,0.767297055901994,-0.990737241763597,1.14169313879247,-0.751192093606072,0.880687724887195,-0.577936576032926,0.738283700339559,0.871187253418242,-0.964439738932794,-0.579877999919536,-0.745409890281964,-1.28629343999157,1.11976633966451,-0.632153830374166,-0.133324752758972,0.959585776558346,0.472520828967944,-0.837897505205277,0.436235256339604,0.102400249297158,0.579826323278603,-0.533300261184599,0.369529236659565,-0.692310691077894,0.506194759576582,-0.97519851338405,0.336115842444728,-0.743830408711527,0.460329522651965,0.0949541780151277,-0.525272924493119,0.311455078537252,-0.152210251210397,-0.469897513481388,0.22691537233813,0.404848799928983,-0.231355328498667,0.190265593796812,-0.214096652793704,0.162893597136649,-0.28163276731663,0.144738538807216,0.186029158625444,-0.187194521729835,-0.306981949128748,-0.224709310655053,0.972949528075959,-0.983385778375871,0.602793475551582,0.128138733451327,-0.682891162513973,0.562516588789741,-0.336813294758848,-0.663990225484874,0.460959959634997,0.713689322178605,-0.205931636839548,0.172437222259896,-0.20022351467004,0.181185618966533,-0.268942191713304,0.138738524839015,0.0103939863188818,-0.0847274666282609,-0.171102950405866,-0.050018549014921,-0.928011764232749,1.05790592473979,-0.698346875433284,0.810316944690952,-0.548950210146109,0.70906222508977,0.208622040386305,-0.202717092424314,-0.215426537744909,-0.0519603362986721,0.873851466283545,-0.945556540837618,-0.55703968859455,-0.287579822291554,-0.747129039747142
12429.91015625,0.359453566614875,-0.653137775721146,-2.12993091808961,1.55838986135719,-0.188690710103128,-1.32849940599973,-1.28629343999159,1.41474243812483,2.59397330965399,2.53537997340692,-1.76012543922271,1.38827155626999,1.8013432233962,-0.17876758579041,2.6663014588986,2.56065952568566,-1.82446308056466,1.65351710382121,1.40721812900486,-0.178560121049442,2.18783761806657,2.14084841992958,-1.12622394967012,-0.499663055297737,-0.459133123814017,-0.150662345400436,-0.137881893101475,-1.09542052868858,-0.482991388339556,-0.452454947197622,-0.132053130867325,-0.11578375940243,-0.584867307644152,-0.491716543892917,-0.173272696819296,-0.289555223122662,-0.306650229859764,2.24118191013093,-0.130781764013622,3.80223897600087,3.7447090330076,4.14618499614443,4.08766230299161,-0.075079888588345,-0.0822923157224407,2.97784024141045,0.359453566614864,-1.17452810606709,-0.50564242883601,1.14429061438513,0.764547960487831,-0.653137775721136,-0.0432416261372843,0.872137415717925,0.183654813552999,-0.639136020502379,-0.579477869256204,-0.391830532249973,0.59635942543979,0.184773372824005,0.577767893095068,0.103855388024264,-0.500203197845942,0.8894275417093,0.288322782348025,-0.1735776336434,-1.32849940599971,-0.69938721513186,1.68007597068291,0.579312218261767,-1.30475061572321,0.495786912576048,0.124695331289082,-0.777073747955554,-0.278246755289376,0.589045570785157,0.236570527900474,-0.618685662316015,-0.669007101430994,-0.187535362900049,-0.957612044483902,1.07641780061139,0.328653365160903,-1.51674254837772,-0.392928101563205,-0.686157168276603,-0.305266850380901,0.739929470055093,-0.737934951795638,-0.27905035580722,0.767297055901994,-0.990737241763597,-0.227740935350162,1.46582378743242,0.880687724887195,0.395858032508091,0.738283700339559,0.871187253418242,0.172458976211632,-0.579877999919536,-0.745409890281964,-1.28629343999157,-0.666836731005355,1.64262907441863,0.56808130498243,-1.29020222501641,0.472520828967944,0.133693502059336,-0.766652180155403,-0.285555651024556,0.579826323278603,0.264480664262674,-0.607042719400653,-0.692310691077894,-0.195194924674269,-0.97519851338405,0.336115842444728,0.0973207789822635,-0.838110488673126,-0.217250901855525,-0.525272924493119,-0.188952319682758,0.455814916909814,-0.469897513481388,-0.20276254708705,0.404848799928983,-0.231355328498667,-0.118820287006606,0.460947941844608,0.162893597136649,0.0149427897704753,0.144738538807216,0.186029158625444,0.0737460006731262,-0.306981949128748,-0.224709310655053,0.972949528075959,0.307239696750913,-1.37010947442509,-0.341176261833886,-0.682891162513973,-0.294322043037086,0.666284394747691,-0.663990225484874,-0.259864910946128,0.713689322178605,-0.205931636839548,-0.104637106470445,0.420315034476778,0.181185618966533,0.0160256869010794,0.138738524839015,0.0103939863188818,-0.0103908032208874,-0.171102950405866,-0.050018549014921,-0.928011764232749,-0.230544778854784,1.39946665826555,0.810316944690952,0.38206096500867,0.70906222508977,0.208622040386305,0.0851685698861964,-0.215426537744909,-0.0519603362986721,0.873851466283545,0.165442118155114,-0.55703968859455,-0.287579822291554,-0.747129039747142
0,-0.973899847581546,-0.325650699797235,-2.12993091808961,1.55838986135719,-0.188690710103128,-1.32849940599973,-1.28629343999159,1.41474243812483,2.59397330965399,2.53537997340692,-1.76012543922271,0.633228281961832,0.91696588049914,-0.17876758579041,1.55007683857406,1.48014551190635,-1.82446308056466,1.88656021513426,1.60898199753078,-0.178560121049442,2.44362719972426,2.39270740151598,-1.12622394967012,-0.499663055297737,-0.459133123814017,-0.150662345400436,-0.137881893101475,-1.09542052868858,-0.482991388339556,-0.452454947197622,-0.132053130867325,-0.11578375940243,-0.584867307644152,-0.491716543892917,-0.173272696819296,-0.289555223122662,-0.306650229859764,2.24118191013093,-0.130781764013622,3.80223897600087,3.7447090330076,4.14618499614443,4.08766230299161,-0.075079888588345,-0.0822923157224407,2.97784024141045,-0.973899847581551,0.375223064134599,0.407106699202721,-0.912682947238981,0.708155675670701,-0.325650699797225,0.469405896881699,0.0339418683147782,-0.243366784046102,0.351374144182421,-0.702807236973186,0.384377224134227,-0.203032851325769,-0.305598528667001,0.0274851773315261,-0.0852180820383441,0.0470409979504057,0.685654126037169,-0.521213485210778,0.365275385271113,-1.32849940599971,1.00434800548098,-0.305462191185327,-0.519302104422461,1.11933651472671,0.0943578250696166,-0.448976485241108,0.14021232617571,0.186296969155764,0.737365594757455,-0.612629290280012,0.237454386059498,-0.0270904154181826,0.00036041097463956,-0.736790937153716,1.07641780061139,-0.988749929018216,0.336986259991208,0.452403276732899,-0.333197598858919,0.201615040515954,-0.100671930192542,-0.879510932426488,0.572938826522302,-0.0211479797679478,-0.990737241763597,1.05039753384963,-0.423073422611533,0.49530324325402,-0.180156232907679,0.867577649496993,0.871187253418242,-0.888646491256499,-0.314649026026515,-0.745409890281964,-1.28629343999157,1.00065946828652,-0.295485631510348,-0.490629354653016,1.07145519841195,0.0698010502462883,-0.441017299813543,0.133790254753718,0.169070314421841,0.728744741215734,-0.595864358756635,0.267871133951151,-0.029518546530538,0.00403061026124077,-0.748367438455199,0.336115842444728,-0.687753662865274,0.26816021320951,0.253995165102823,-0.31674669845216,0.107046238294651,0.000667040011639833,-0.550094890330758,0.260611855191984,-0.0122625727025431,-0.231355328498667,0.169659868409918,-0.114189955169591,0.0390663736865232,-0.160486145815592,0.180946784560529,0.186029158625444,-0.169798486902971,-0.0754384765595617,-0.224709310655053,0.972949528075959,-0.897344080034086,0.310803553655163,0.367213383153188,-0.308829507466914,0.212510990091989,-0.0846019297639626,-0.798457307747402,0.517488959134582,-0.00806000429161737,-0.205931636839548,0.15396560034454,-0.108383719660742,0.0481476110204633,-0.152537130994457,0.17227170321355,0.0103939863188818,-0.0797716890677693,-0.109075754069649,-0.050018549014921,-0.928011764232749,0.972009211166818,-0.387870169082768,0.446794585085383,-0.168646251325302,0.835572859470647,0.208622040386305,-0.183524714936947,-0.0243442224492625,-0.0519603362986721,0.873851466283545,-0.871489963571436,-0.312864161555112,-0.287579822291554,-0.747129039747142
5088.759765625,-1.069139377167,-0.325650699797235,-2.12993091808961,1.55838986135719,-0.188690710103128,-1.32849940599973,-1.28629343999159,1.41474243812483,2.59397330965399,2.53537997340692,-1.76012543922271,0.579296619511249,0.853796070292207,-0.17876758579041,1.47034650855087,1.40296593949354,-1.82446308056466,1.88656021513426,1.60898199753078,-0.178560121049442,2.44362719972426,2.39270740151598,-1.12622394967012,-0.499663055297737,-0.459133123814017,-0.150662345400436,-0.137881893101475,-1.09542052868858,-0.482991388339556,-0.452454947197622,-0.132053130867325,-0.11578375940243,-0.584867307644152,-0.491716543892917,-0.173272696819296,-0.289555223122662,-0.306650229859764,2.24118191013093,-0.130781764013622,3.80223897600087,3.7447090330076,4.14618499614443,4.08766230299161,-0.075079888588345,-0.0822923157224407,2.97784024141045,-1.06913937716701,0.644428975200017,0.0990627016715037,-0.815246104441951,0.980171520710378,-0.325650699797225,0.498213620627485,-0.0486854651180268,-0.150812979387166,0.321286644277872,-0.702807236973186,0.44257375369227,-0.363195194371598,-0.122282098813212,0.0274851773315261,-0.0873291336321503,0.0529185563766783,0.685654126037169,-0.574748304381199,0.365275385271113,-1.32849940599971,1.1260433783819,-0.650368276819275,-0.148530402419433,1.00450985819474,0.0943578250696166,-0.481213409188428,0.230636216561826,0.0856105182371971,0.737365594757455,-0.676298432868383,0.408986436228912,-0.0270904154181826,0.00245831330211183,-0.736790937153716,1.07641780061139,-1.08285016431672,0.658995858900061,0.167112117300692,-0.333197598858919,0.230098770230878,-0.18353642690519,-0.879510932426488,0.636817102956364,-0.0211479797679478,-0.990737241763597,1.14169313879247,-0.751192093606072,0.49530324325402,-0.212524788468055,0.867577649496993,0.871187253418242,-0.964439738932794,-0.314649026026515,-0.745409890281964,-1.28629343999157,1.11976633966451,-0.632153830374166,-0.133324752758972,0.959585776558346,0.0698010502462883,-0.47331260852112,0.222553739046599,0.0705334651491509,0.728744741215734,-0.660369118146691,0.443164612245758,-0.029518546530538,0.00625501214540373,-0.748367438455199,0.336115842444728,-0.743830408711527,0.460329522651965,0.0949541780151277,-0.31674669845216,0.123679586364194,-0.0442003605635753,-0.550094890330758,0.295353561747832,-0.0122625727025431,-0.231355328498667,0.190265593796812,-0.214096652793704,0.0390663736865232,-0.170344202446041,0.180946784560529,0.186029158625444,-0.187194521729835,-0.0754384765595617,-0.224709310655053,0.972949528075959,-0.983385778375871,0.602793475551582,0.128138733451327,-0.308829507466914,0.240991974292668,-0.158622526625612,-0.798457307747402,0.575771419088279,-0.00806000429161737,-0.205931636839548,0.172437222259896,-0.20022351467004,0.0481476110204633,-0.162009352889043,0.17227170321355,0.0103939863188818,-0.0847274666282609,-0.109075754069649,-0.050018549014921,-0.928011764232749,1.05790592473979,-0.698346875433284,0.446794585085383,-0.199592702133321,0.835572859470647,0.208622040386305,-0.202717092424314,-0.0243442224492625,-0.0519603362986721,0.873851466283545,-0.945556540837618,-0.312864161555112,-0.287579822291554,-0.747129039747142
4374.0400390625,-1.35485796592338,-1.63559900349288,-2.12993091808961,-0.641448069582378,5.29769678474325,-1.32849940599973,-1.28629343999159,1.41474243812483,2.59397330965399,2.53537997340692,-1.76012543922271,0.417501632159501,-0.599109564467246,2.86130420053729,1.23115551848133,1.17142722225511,-1.82446308056466,0.95438776988205,-0.610420556254294,3.26483665202038,1.42046887309348,1.38527147517037,-1.12622394967012,-0.499663055297737,-0.459133123814017,-0.150662345400436,-0.137881893101475,-1.09542052868858,-0.482991388339556,-0.452454947197622,-0.132053130867325,-0.11578375940243,-0.584867307644152,-0.491716543892917,-0.173272696819296,-0.289555223122662,-0.306650229859764,-0.44602634159486,7.64346754124059,3.80223897600087,3.7447090330076,-0.24109540919036,-0.244547150456313,13.3141669096665,12.1472601596958,2.97784024141045,-1.35485796592338,1.5788542275228,-1.34882948886414,0.610994814257264,0.344136193193809,-1.63559900349287,2.23313170828913,-2.28480929857215,1.91441492401046,-0.878053429355364,0.666784647690796,-0.996186547132699,0.911387398901447,-0.824874165295168,1.43215709717418,-1.62846208303243,1.83501494851165,-0.756168415345631,0.866120104054539,-1.0770181279137,-1.32849940599971,1.49112949708465,-1.84755207869295,1.5941993897668,-0.676276088908082,1.70007417509534,-2.42265185605493,2.6777564128159,-2.16108769905779,-0.909751429565495,0.897758223763523,-0.95607704359177,-1.66567058137801,1.5339918916273,0.82565453254412,1.07641780061139,-1.36515087021225,1.77670497427548,-1.17383542617122,-1.74503587652965,1.94550462188955,-2.4260785536824,0.692712437601029,-0.94240985295324,1.99146584621456,-0.990737241763597,1.415579953621,-1.89010605995424,2.03684116978672,-2.16189062551697,-0.568251843349713,0.871187253418242,-1.19181948196168,-1.3755649215986,-0.745409890281964,-1.28629343999157,1.47708695379848,-1.8007435742893,1.54610593529528,-0.677913370773329,1.68068016513291,-2.41826722270125,2.62473876089725,-2.12819895196491,-0.925017541517588,0.934346026029009,-0.951832563118121,-1.7213861765108,1.63013717895253,0.856602257124368,0.336115842444728,-0.912060646250285,1.12735742985429,-0.652582553831169,-1.150851602616,1.12540734100654,-1.25843612980769,0.340509501287408,-0.563546248173142,1.05247127373412,-0.231355328498667,0.252082769957496,-0.56087708107881,0.534375267487027,-0.764036397924038,-0.221151437944408,0.186029158625444,-0.239382626210427,-1.00161236683631,-0.224709310655053,0.972949528075959,-1.24151087340123,1.61630300572482,-0.995578401219635,-1.80507612765515,1.95623247993631,-2.16182429935907,0.694820635944215,-0.865113290921226,1.83430389887286,-0.205931636839548,0.227852088005964,-0.519003378326085,0.580299642804744,-0.732465014026318,-0.200119478375465,0.0103939863188818,-0.0995947993097356,-0.357184539414518,-0.050018549014921,-0.928011764232749,1.3155960654587,-1.77602482657391,1.90088402350766,-2.06331361703613,-0.56934748820647,0.208622040386305,-0.260294224886416,-0.788673483631849,-0.0519603362986721,0.873851466283545,-1.16775627263616,-1.28956626971286,-0.287579822291554,-0.747129039747142
1553.291015625,-1.25961843633792,-0.325650699797235,-2.12993091808961,1.55838986135719,-0.188690710103128,-1.32849940599973,-1.28629343999159,1.41474243812483,2.59397330965399,2.53537997340692,-1.76012543922271,0.471433294610084,0.727456449878341,-0.17876758579041,1.31088584850451,1.24860679466792,-1.82446308056466,1.88656021513426,1.60898199753078,-0.178560121049442,2.44362719972426,2.39270740151598,-1.12622394967012,-0.499663055297737,-0.459133123814017,-0.150662345400436,-0.137881893101475,-1.09542052868858,-0.482991388339556,-0.452454947197622,-0.132053130867325,-0.11578375940243,-0.584867307644152,-0.491716543892917,-0.173272696819296,-0.289555223122662,-0.306650229859764,2.24118191013093,-0.130781764013622,3.80223897600087,3.7447090330076,4.14618499614443,4.08766230299161,-0.075079888588345,-0.0822923157224407,2.97784024141045,-1.25961843633793,1.24624455689412,-0.772650728281754,-0.0905281035533678,0.907385005257735,-0.325650699797225,0.555829068119055,-0.233400639227306,0.111098939562946,0.0975011422375184,-0.702807236973186,0.558966812808355,-0.721241543592336,0.396472998235668,0.0274851773315261,-0.0915512368197626,0.0660579641602939,0.685654126037169,-0.68181794272204,0.365275385271113,-1.32849940599971,1.36943412418373,-1.42141322057309,0.900692029028572,0.150449498871345,0.0943578250696166,-0.545687257083066,0.432780760774823,-0.199315440987669,0.737365594757455,-0.803636718045126,0.792450009310714,-0.0270904154181826,0.00665411795705637,-0.736790937153716,1.07641780061139,-1.27105063491374,1.3788552160422,-0.640214553944667,-0.333197598858919,0.287066229660726,-0.368781784607579,-0.879510932426488,0.764573655824488,-0.0211479797679478,-0.990737241763597,1.32428434867816,-1.48470841227743,0.49530324325402,-0.277261899588807,0.867577649496993,0.871187253418242,-1.11602623428538,-0.314649026026515,-0.745409890281964,-1.28629343999157,1.35798008242049,-1.38478280176364,0.877788018635239,0.127520805660365,0.0698010502462883,-0.537903225936274,0.420986409865386,-0.208309477887189,0.728744741215734,-0.789378636926804,0.835036938486822,-0.029518546530538,0.0107038159137296,-0.748367438455199,0.336115842444728,-0.855983900404032,0.889928130974353,-0.355105441612154,-0.31674669845216,0.156946282503281,-0.144502395795312,-0.550094890330758,0.364836974859526,-0.0122625727025431,-0.231355328498667,0.231477044570601,-0.437440215748314,0.0390663736865232,-0.190060315706939,0.180946784560529,0.186029158625444,-0.221986591383563,-0.0754384765595617,-0.224709310655053,0.972949528075959,-1.15546917505944,1.25554320158641,-0.548402879359558,-0.308829507466914,0.297953942694026,-0.324097156738072,-0.798457307747402,0.692336338995673,-0.00806000429161737,-0.205931636839548,0.209380466090608,-0.405533344002711,0.0481476110204633,-0.180953796678215,0.17227170321355,0.0103939863188818,-0.094639021749244,-0.109075754069649,-0.050018549014921,-0.928011764232749,1.22969935188573,-1.39242420417886,0.446794585085383,-0.261485603749358,0.835572859470647,0.208622040386305,-0.241101847399049,-0.0243442224492625,-0.0519603362986721,0.873851466283545,-1.09368969536998,-0.312864161555112,-0.287579822291554,-0.747129039747142
0,-0.878660317996087,-0.653137775721146,-2.12993091808961,1.55838986135719,-0.188690710103128,-1.32849940599973,-1.28629343999159,1.41474243812483,2.59397330965399,2.53537997340692,-1.76012543922271,0.687159944412415,0.980135690706072,-0.17876758579041,1.62980716859724,1.55732508431915,-1.82446308056466,1.65351710382121,1.40721812900486,-0.178560121049442,2.18783761806657,2.14084841992958,-1.12622394967012,-0.499663055297737,-0.459133123814017,-0.150662345400436,-0.137881893101475,-1.09542052868858,-0.482991388339556,-0.452454947197622,-0.132053130867325,-0.11578375940243,-0.584867307644152,-0.491716543892917,-0.173272696819296,-0.289555223122662,-0.306650229859764,2.24118191013093,-0.130781764013622,3.80223897600087,3.7447090330076,4.14618499614443,4.08766230299161,-0.075079888588345,-0.0822923157224407,2.97784024141045,-0.878660317996093,0.127151739590268,0.638281770543895,-0.878664970227119,0.345726682405881,-0.653137775721136,0.70787103566308,0.0708356247881729,-0.505682139453989,0.613722507232963,-0.579477869256204,0.231963289497385,-0.0421695831034994,-0.376515609074279,0.577767893095068,-0.473039991588124,0.0972053120905911,0.8894275417093,-0.61446395870957,-0.1735776336434,-1.32849940599971,0.882652632580064,0.0123663036199829,-0.797551884807006,1.07924725844415,0.495786912576048,-0.715827924487744,0.0998373454921651,0.471661814553427,0.589045570785157,-0.445882843188707,0.0651716529877008,-0.669007101430994,0.385766664936583,-0.957612044483902,1.07641780061139,-0.894649693719707,0.0402567141904984,0.666503225647057,-0.686157168276603,0.437398215174951,-0.063672278443003,-0.737934951795638,0.4056446678659,0.767297055901994,-0.990737241763597,0.959101928906787,-0.120714410511085,0.880687724887195,-0.448097294894123,0.738283700339559,0.871187253418242,-0.812853243580204,-0.579877999919536,-0.745409890281964,-1.28629343999157,0.881552596908527,0.0147517094661894,-0.758772598784935,1.03239839698342,0.472520828967944,-0.708352037569995,0.0941566584947416,0.448342773646925,0.579826323278603,-0.426929471124963,0.0918105114585635,-0.692310691077894,0.412676135009802,-0.97519851338405,0.336115842444728,-0.631676917019022,0.0910775669128808,0.373349256826175,-0.525272924493119,0.244734092107918,0.0207006884623962,-0.469897513481388,0.169624983081439,0.404848799928983,-0.231355328498667,0.149054143023023,-0.022126646780938,0.162893597136649,-0.242089359705016,0.144738538807216,0.186029158625444,-0.152402452076107,-0.306981949128748,-0.224709310655053,0.972949528075959,-0.8113023816923,0.0417369258394057,0.546629634220027,-0.682891162513973,0.448271437879498,-0.0515511490940301,-0.663990225484874,0.364849976890847,0.713689322178605,-0.205931636839548,0.135493978429184,-0.0237540044228023,0.181185618966533,-0.230946474564719,0.138738524839015,0.0103939863188818,-0.0748159115072778,-0.171102950405866,-0.050018549014921,-0.928011764232749,0.886112497593847,-0.101768101413766,0.810316944690952,-0.424815386792139,0.70906222508977,0.208622040386305,-0.164332337449579,-0.215426537744909,-0.0519603362986721,0.873851466283545,-0.797423386305254,-0.55703968859455,-0.287579822291554,-0.747129039747142
1698.30395507812,-1.16437890675246,-0.325650699797235,0.469323281677592,1.55838986135719,-0.188690710103128,-1.32849940599973,-1.28629343999159,1.41474243812483,2.59397330965399,2.53537997340692,-0.431400859027775,0.525364957060667,0.790626260085274,-0.17876758579041,1.39061617852769,1.32578636708073,0.205899846163342,1.88656021513426,1.60898199753078,-0.178560121049442,2.44362719972426,2.39270740151598,-1.12622394967012,-0.499663055297737,-0.459133123814017,-0.150662345400436,-0.137881893101475,-1.09542052868858,-0.482991388339556,-0.452454947197622,-0.132053130867325,-0.11578375940243,1.70915035796891,2.03293173809087,-0.173272696819296,3.45228159742381,3.25982526959618,2.24118191013093,-0.130781764013622,3.80223897600087,3.7447090330076,4.14618499614443,4.08766230299161,-0.075079888588345,-0.0822923157224407,2.97784024141045,-1.16437890675247,0.934769472786523,-0.29210488612993,-0.553134661047583,1.07981072095586,-0.325650699797225,0.52702134437327,-0.137799634298721,-0.0332841562306228,0.240349312959192,-0.702807236973186,0.500770283250313,-0.535931425127121,0.110501030366282,0.0274851773315261,-0.0894401852259564,0.0592575451133077,0.685654126037169,-0.62828312355162,0.365275385271113,-1.32849940599971,1.24773875128282,-1.02235195328186,0.322291536848704,0.695618685002282,0.0943578250696166,-0.513450333135747,0.328159028094863,-0.0422454907931753,0.737365594757455,-0.739967575456755,0.593984977312651,-0.0270904154181826,0.0045562156295841,-0.736790937153716,1.07641780061139,-1.17695039961523,1.00628551091706,-0.195162932856264,-0.333197598858919,0.258582499945802,-0.272906378376869,-0.879510932426488,0.700695379390426,-0.0211479797679478,-0.990737241763597,1.23298874373531,-1.1050704234947,0.49530324325402,-0.244893344028431,0.867577649496993,0.871187253418242,-1.04023298660909,-0.314649026026515,-0.745409890281964,-1.28629343999157,1.2388732110425,-0.995252887125265,0.320396080477135,0.658649756958231,0.0698010502462883,-0.505607917228697,0.318285790750489,-0.0545928867631129,0.728744741215734,-0.724873877536747,0.632219880424315,-0.029518546530538,0.00847941402956669,-0.748367438455199,0.336115842444728,-0.79990715455778,0.667585495240246,-0.107002944276627,-0.31674669845216,0.140312934433737,-0.0925901724992258,-0.550094890330758,0.330095268303679,-0.0122625727025431,-0.231355328498667,0.210871319183707,-0.321846739653279,0.0390663736865232,-0.18020225907649,0.180946784560529,0.186029158625444,-0.204590556556699,-0.0754384765595617,-0.224709310655053,0.972949528075959,-1.06942747671766,0.917706691528665,-0.17544859426108,-0.308829507466914,0.269472958493347,-0.238454268950315,-0.798457307747402,0.634053879041976,-0.00806000429161737,-0.205931636839548,0.190908844175252,-0.299273389450696,0.0481476110204633,-0.171481574783629,0.17227170321355,0.0103939863188818,-0.0896832441887524,-0.109075754069649,-0.050018549014921,-0.928011764232749,1.14380263831276,-1.03319822046531,0.446794585085383,-0.230539152941339,0.835572859470647,0.208622040386305,-0.221909469911681,-0.0243442224492625,-0.0519603362986721,0.873851466283545,-1.0196231181038,-0.312864161555112,-0.287579822291554,-0.747129039747142
0,-1.069139377167,-0.325650699797235,-2.12993091808961,1.55838986135719,-0.188690710103128,-1.32849940599973,-1.28629343999159,1.41474243812483,2.59397330965399,2.53537997340692,-1.76012543922271,0.579296619511249,0.853796070292207,-0.17876758579041,1.47034650855087,1.40296593949354,-1.82446308056466,1.88656021513426,1.60898199753078,-0.178560121049442,2.44362719972426,2.39270740151598,-1.12622394967012,-0.499663055297737,-0.459133123814017,-0.150662345400436,-0.137881893101475,-1.09542052868858,-0.482991388339556,-0.452454947197622,-0.132053130867325,-0.11578375940243,-0.584867307644152,-0.491716543892917,-0.173272696819296,-0.289555223122662,-0.306650229859764,2.24118191013093,-0.130781764013622,3.80223897600087,3.7447090330076,4.14618499614443,4.08766230299161,-0.075079888588345,-0.0822923157224407,2.97784024141045,-1.06913937716701,0.644428975200017,0.0990627016715037,-0.815246104441951,0.980171520710378,-0.325650699797225,0.498213620627485,-0.0486854651180268,-0.150812979387166,0.321286644277872,-0.702807236973186,0.44257375369227,-0.363195194371598,-0.122282098813212,0.0274851773315261,-0.0873291336321503,0.0529185563766783,0.685654126037169,-0.574748304381199,0.365275385271113,-1.32849940599971,1.1260433783819,-0.650368276819275,-0.148530402419433,1.00450985819474,0.0943578250696166,-0.481213409188428,0.230636216561826,0.0856105182371971,0.737365594757455,-0.676298432868383,0.408986436228912,-0.0270904154181826,0.00245831330211183,-0.736790937153716,1.07641780061139,-1.08285016431672,0.658995858900061,0.167112117300692,-0.333197598858919,0.230098770230878,-0.18353642690519,-0.879510932426488,0.636817102956364,-0.0211479797679478,-0.990737241763597,1.14169313879247,-0.751192093606072,0.49530324325402,-0.212524788468055,0.867577649496993,0.871187253418242,-0.964439738932794,-0.314649026026515,-0.745409890281964,-1.28629343999157,1.11976633966451,-0.632153830374166,-0.133324752758972,0.959585776558346,0.0698010502462883,-0.47331260852112,0.222553739046599,0.0705334651491509,0.728744741215734,-0.660369118146691,0.443164612245758,-0.029518546530538,0.00625501214540373,-0.748367438455199,0.336115842444728,-0.743830408711527,0.460329522651965,0.0949541780151277,-0.31674669845216,0.123679586364194,-0.0442003605635753,-0.550094890330758,0.295353561747832,-0.0122625727025431,-0.231355328498667,0.190265593796812,-0.214096652793704,0.0390663736865232,-0.170344202446041,0.180946784560529,0.186029158625444,-0.187194521729835,-0.0754384765595617,-0.224709310655053,0.972949528075959,-0.983385778375871,0.602793475551582,0.128138733451327,-0.308829507466914,0.240991974292668,-0.158622526625612,-0.798457307747402,0.575771419088279,-0.00806000429161737,-0.205931636839548,0.172437222259896,-0.20022351467004,0.0481476110204633,-0.162009352889043,0.17227170321355,0.0103939863188818,-0.0847274666282609,-0.109075754069649,-0.050018549014921,-0.928011764232749,1.05790592473979,-0.698346875433284,0.446794585085383,-0.199592702133321,0.835572859470647,0.208622040386305,-0.202717092424314,-0.0243442224492625,-0.0519603362986721,0.873851466283545,-0.945556540837618,-0.312864161555112,-0.287579822291554,-0.747129039747142
11294.6298828125,-0.973899847581546,0.0018363761266763,-2.12993091808961,-0.641448069582378,-0.188690710103128,-1.32849940599973,-1.28629343999159,-0.706578202000684,2.59397330965399,2.53537997340692,-1.76012543922271,-0.661131616852152,-0.599109564467246,-0.17876758579041,1.55007683857406,1.48014551190635,-1.82446308056466,-0.676914009309313,-0.610420556254294,-0.178560121049442,2.69941678138196,2.64456638310238,-1.12622394967012,-0.499663055297737,-0.459133123814017,-0.150662345400436,-0.137881893101475,-1.09542052868858,-0.482991388339556,-0.452454947197622,-0.132053130867325,-0.11578375940243,-0.584867307644152,-0.491716543892917,-0.173272696819296,-0.289555223122662,-0.306650229859764,-0.44602634159486,-0.130781764013622,-0.262904613448501,-0.266943615488728,-0.24109540919036,-0.244547150456313,-0.075079888588345,-0.0822923157224407,2.97784024141045,-0.973899847581551,0.375223064134599,0.407106699202721,-0.912682947238981,0.708155675670701,0.00183637612668535,0.173162861038752,0.149758470919965,-0.120359189918099,0.0679577394408975,-0.680090869057492,0.365142019436499,-0.195817324982153,-0.297767847204189,-0.479639853283965,0.313083844788708,-0.104112566342159,0.139167089991882,-0.0848904251751017,0.523731327539782,-1.32849940599971,1.00434800548098,-0.305462191185327,-0.519302104422461,1.11933651472671,-0.307071262436815,-0.117469410934717,0.0134674907347788,0.0524807728965167,0.71004613065746,-0.591585269271944,0.229726639304334,0.564481897724801,-0.39546058259028,-0.144584775014889,1.07641780061139,-0.988749929018216,0.336986259991208,0.452403276732899,0.0197619705587645,-0.0912962161088773,0.015477098066396,-0.853433671806651,0.551825682280226,-0.7477566872538,-0.990737241763597,1.05039753384963,-0.423073422611533,0.109918761620845,0.152704469648166,0.843762649284933,0.871187253418242,-0.888646491256499,-0.0494200521334932,-0.745409890281964,-1.28629343999157,1.00065946828652,-0.295485631510348,-0.490629354653016,1.07145519841195,-0.332918728475367,-0.108909828239451,0.00937276771765453,0.0381110220766715,0.701315057322065,-0.574544148423338,0.259973929861566,0.581292000424232,-0.41565764326099,-0.140043524307904,0.336115842444728,-0.687753662865274,0.26816021320951,0.253995165102823,-0.108220472411201,-0.0640021087332838,0.0635565184258659,-0.535323119810013,0.249128973957914,-0.396660649466282,-0.231355328498667,0.169659868409918,-0.114189955169591,-0.0847608497636027,-0.0591112281203613,0.174277490398561,0.186029158625444,-0.169798486902971,0.156104996009625,-0.224709310655053,0.972949528075959,-0.897344080034086,0.310803553655163,0.367213383153188,0.0652321475801442,-0.0803720331506418,0.0191508321268236,-0.773689454236345,0.498225352592918,-0.673203827271876,-0.205931636839548,0.15396560034454,-0.108383719660742,-0.0848903969256068,-0.0551299288499019,0.166095136906273,0.0103939863188818,-0.0797716890677693,-0.0470485577334314,-0.050018549014921,-0.928011764232749,0.972009211166818,-0.387870169082768,0.0832722254798136,0.14959029581852,0.812270525492589,0.208622040386305,-0.183524714936947,0.166738092846384,-0.0519603362986721,0.873851466283545,-0.871489963571436,-0.0686886345156736,-0.287579822291554,-0.747129039747142
0,-0.497702199654253,-0.325650699797235,-2.12993091808961,1.55838986135719,-0.188690710103128,-1.32849940599973,-1.28629343999159,1.41474243812483,2.59397330965399,2.53537997340692,-1.76012543922271,0.902886594214745,1.2328149315338,-0.17876758579041,1.94872848868996,1.86604337397039,-1.82446308056466,1.88656021513426,1.60898199753078,-0.178560121049442,2.44362719972426,2.39270740151598,-1.12622394967012,-0.499663055297737,-0.459133123814017,-0.150662345400436,-0.137881893101475,-1.09542052868858,-0.482991388339556,-0.452454947197622,-0.132053130867325,-0.11578375940243,-0.584867307644152,-0.491716543892917,-0.173272696819296,-0.289555223122662,-0.306650229859764,2.24118191013093,-0.130781764013622,3.80223897600087,3.7447090330076,4.14618499614443,4.08766230299161,-0.075079888588345,-0.0822923157224407,2.97784024141045,-0.49770219965426,-0.653787693376182,0.919386075611619,-0.00141483486751773,-0.913890409064484,-0.325650699797225,0.325367278152772,0.349775999260459,-0.397284424756324,0.0699838768365369,-0.702807236973186,0.0933945763440122,0.409170548257983,-0.610455065796856,0.0274851773315261,-0.0746628240693133,0.0245746604743949,0.685654126037169,-0.253539389358675,0.365275385271113,-1.32849940599971,0.395871140976395,1.01290437455484,-1.13589810309284,0.0454319469670141,0.0943578250696166,-0.287791865504512,-0.205423308551041,0.353739258902577,0.737365594757455,-0.294283577338156,-0.4182085010727,-0.0270904154181826,-0.0101291006627218,-0.736790937153716,1.07641780061139,-0.518248752525673,-0.893860937930912,0.926844520257185,-0.333197598858919,0.0591963919413351,0.216068731985231,-0.879510932426488,0.253547444351993,-0.0211479797679478,-0.990737241763597,0.593919509135418,0.831125048949794,0.49530324325402,-0.0183134551058004,0.867577649496993,0.871187253418242,-0.509680252875024,-0.314649026026515,-0.745409890281964,-1.28629343999157,0.405125111396564,0.991392494499533,-1.08482946929009,0.0252078656964038,0.0698010502462883,-0.279540756275659,-0.205498655545577,0.33293780122004,0.728744741215734,-0.273340561806353,-0.402169409262628,-0.029518546530538,-0.00709139915957402,-0.748367438455199,0.336115842444728,-0.407369933634011,-0.466386386815375,0.518481466870427,-0.31674669845216,0.0238794979469335,0.172167872481186,-0.550094890330758,0.086903322412749,-0.0122625727025431,-0.231355328498667,0.0666312414754449,0.267692694419064,0.0390663736865232,-0.111195862663346,0.180946784560529,0.186029158625444,-0.0828183127686505,-0.0754384765595617,-0.224709310655053,0.972949528075959,-0.467135588325158,-0.805296644616991,0.764796239647684,-0.308829507466914,0.070106069088594,0.198333872598478,-0.798457307747402,0.226076659366097,-0.00806000429161737,-0.205931636839548,0.0616074907677593,0.242664058815369,0.0481476110204633,-0.105176021521526,0.17227170321355,0.0103939863188818,-0.0549928012653115,-0.109075754069649,-0.050018549014921,-0.928011764232749,0.542525643301961,0.79889378244711,0.446794585085383,-0.0139139972852096,0.835572859470647,0.208622040386305,-0.0875628275001099,-0.0243442224492625,-0.0519603362986721,0.873851466283545,-0.501157077240525,-0.312864161555112,-0.287579822291554,-0.747129039747142
14626.3896484375,-0.973899847581546,-0.325650699797235,-2.12993091808961,1.55838986135719,-0.188690710103128,-1.32849940599973,-1.28629343999159,1.41474243812483,2.59397330965399,2.53537997340692,-1.76012543922271,0.633228281961832,0.91696588049914,-0.17876758579041,1.55007683857406,1.48014551190635,-1.82446308056466,1.88656021513426,1.60898199753078,-0.178560121049442,2.44362719972426,2.39270740151598,-1.12622394967012,-0.499663055297737,-0.459133123814017,-0.150662345400436,-0.137881893101475,-1.09542052868858,-0.482991388339556,-0.452454947197622,-0.132053130867325,-0.11578375940243,-0.584867307644152,-0.491716543892917,-0.173272696819296,-0.289555223122662,-0.306650229859764,2.24118191013093,-0.130781764013622,3.80223897600087,3.7447090330076,4.14618499614443,4.08766230299161,-0.075079888588345,-0.0822923157224407,2.97784024141045,-0.973899847581551,0.375223064134599,0.407106699202721,-0.912682947238981,0.708155675670701,-0.325650699797225,0.469405896881699,0.0339418683147782,-0.243366784046102,0.351374144182421,-0.702807236973186,0.384377224134227,-0.203032851325769,-0.305598528667001,0.0274851773315261,-0.0852180820383441,0.0470409979504057,0.685654126037169,-0.521213485210778,0.365275385271113,-1.32849940599971,1.00434800548098,-0.305462191185327,-0.519302104422461,1.11933651472671,0.0943578250696166,-0.448976485241108,0.14021232617571,0.186296969155764,0.737365594757455,-0.612629290280012,0.237454386059498,-0.0270904154181826,0.00036041097463956,-0.736790937153716,1.07641780061139,-0.988749929018216,0.336986259991208,0.452403276732899,-0.333197598858919,0.201615040515954,-0.100671930192542,-0.879510932426488,0.572938826522302,-0.0211479797679478,-0.990737241763597,1.05039753384963,-0.423073422611533,0.49530324325402,-0.180156232907679,0.867577649496993,0.871187253418242,-0.888646491256499,-0.314649026026515,-0.745409890281964,-1.28629343999157,1.00065946828652,-0.295485631510348,-0.490629354653016,1.07145519841195,0.0698010502462883,-0.441017299813543,0.133790254753718,0.169070314421841,0.728744741215734,-0.595864358756635,0.267871133951151,-0.029518546530538,0.00403061026124077,-0.748367438455199,0.336115842444728,-0.687753662865274,0.26816021320951,0.253995165102823,-0.31674669845216,0.107046238294651,0.000667040011639833,-0.550094890330758,0.260611855191984,-0.0122625727025431,-0.231355328498667,0.169659868409918,-0.114189955169591,0.0390663736865232,-0.160486145815592,0.180946784560529,0.186029158625444,-0.169798486902971,-0.0754384765595617,-0.224709310655053,0.972949528075959,-0.897344080034086,0.310803553655163,0.367213383153188,-0.308829507466914,0.212510990091989,-0.0846019297639626,-0.798457307747402,0.517488959134582,-0.00806000429161737,-0.205931636839548,0.15396560034454,-0.108383719660742,0.0481476110204633,-0.152537130994457,0.17227170321355,0.0103939863188818,-0.0797716890677693,-0.109075754069649,-0.050018549014921,-0.928011764232749,0.972009211166818,-0.387870169082768,0.446794585085383,-0.168646251325302,0.835572859470647,0.208622040386305,-0.183524714936947,-0.0243442224492625,-0.0519603362986721,0.873851466283545,-0.871489963571436,-0.312864161555112,-0.287579822291554,-0.747129039747142
12898.3798828125,-1.16437890675246,-0.980624851645057,-2.12993091808961,1.55838986135719,-0.188690710103128,-1.32849940599973,-1.28629343999159,1.41474243812483,2.59397330965399,2.53537997340692,-1.76012543922271,0.525364957060667,0.790626260085274,-0.17876758579041,1.39061617852769,1.32578636708073,-1.82446308056466,1.42047399250815,1.20545426047895,-0.178560121049442,1.93204803640887,1.88898943834317,-1.12622394967012,-0.499663055297737,-0.459133123814017,-0.150662345400436,-0.137881893101475,-1.09542052868858,-0.482991388339556,-0.452454947197622,-0.132053130867325,-0.11578375940243,-0.584867307644152,-0.491716543892917,-0.173272696819296,-0.289555223122662,-0.306650229859764,2.24118191013093,-0.130781764013622,3.80223897600087,3.7447090330076,4.14618499614443,4.08766230299161,-0.075079888588345,-0.0822923157224407,2.97784024141045,-1.16437890675247,0.934769472786523,-0.29210488612993,-0.553134661047583,1.07981072095586,-0.980624851645047,1.23538810932229,-0.714852778976105,0.143235264089626,0.583880300245139,-0.310102765906546,0.103209263558245,-0.225182264729658,0.01337020423226,1.06566778859668,-1.06432014413946,0.830146976128661,0.682450040812758,-0.625224596026656,-0.809472178513938,-1.32849940599971,1.24773875128282,-1.02235195328186,0.322291536848704,0.695618685002282,0.89721600008248,-1.30613932619827,0.959661802460747,-0.234275564713348,0.265086058740566,-0.305021205929565,0.261176156226983,-1.23815287878259,0.973363866191674,-0.733318798038311,1.07641780061139,-1.17695039961523,1.00628551091706,-0.195162932856264,-1.03911673769429,0.958982422199109,-0.851615825039922,-0.428705729914102,0.264320342800504,1.46635999117585,-0.990737241763597,1.23298874373531,-1.1050704234947,1.26607220652037,-1.04081908917622,0.45588080181263,0.871187253418242,-1.04023298660909,-0.845106973812558,-0.745409890281964,-1.28629343999157,1.2388732110425,-0.995252887125265,0.320396080477135,0.658649756958231,0.875240607689599,-1.29973256081714,0.938192613537934,-0.24252322174929,0.254559803510672,-0.284219114909958,0.292113085235804,-1.27996537984137,1.03570434012913,-0.744800800023883,0.336115842444728,-0.79990715455778,0.667585495240246,-0.107002944276627,-0.733799150534078,0.549318209070102,-0.405935327422844,-0.294730989261904,0.0927624172028294,0.774674326498681,-0.231355328498667,0.210871319183707,-0.321846739653279,0.286720820586775,-0.422606683168383,0.0656527531386223,0.186029158625444,-0.204590556556699,-0.538525421697934,-0.224709310655053,0.972949528075959,-1.06942747671766,0.917706691528665,-0.17544859426108,-1.05695281756103,0.969805369996379,-0.75539964786234,-0.370288207448762,0.235905838509005,1.35361750977317,-0.205931636839548,0.190908844175252,-0.299273389450696,0.314223626912604,-0.404398525791563,0.0654956017826672,0.0103939863188818,-0.0896832441887524,-0.233130146742083,-0.050018549014921,-0.928011764232749,1.14380263831276,-1.03319822046531,1.17383930429652,-0.99149609070485,0.432738622349958,0.208622040386305,-0.221909469911681,-0.406508853040556,-0.0519603362986721,0.873851466283545,-1.0196231181038,-0.801215215633988,-0.287579822291554,-0.747129039747142
5767.1328125,-0.592941729239711,-0.325650699797235,-2.12993091808961,1.55838986135719,-0.188690710103128,-1.32849940599973,-1.28629343999159,1.41474243812483,2.59397330965399,2.53537997340692,-1.76012543922271,0.848954931764163,1.16964512132687,-0.17876758579041,1.86899815866678,1.78886380155758,-1.82446308056466,1.88656021513426,1.60898199753078,-0.178560121049442,2.44362719972426,2.39270740151598,-1.12622394967012,-0.499663055297737,-0.459133123814017,-0.150662345400436,-0.137881893101475,-1.09542052868858,-0.482991388339556,-0.452454947197622,-0.132053130867325,-0.11578375940243,-0.584867307644152,-0.491716543892917,-0.173272696819296,-0.289555223122662,-0.306650229859764,2.24118191013093,-0.130781764013622,3.80223897600087,3.7447090330076,4.14618499614443,4.08766230299161,-0.075079888588345,-0.0822923157224407,2.97784024141045,-0.592941729239718,-0.4902547149162,0.933140068228888,-0.281068937511717,-0.702028011214909,-0.325650699797225,0.354175001898558,0.299582844567102,-0.401416900494145,0.156338201803136,-0.702807236973186,0.151591105902055,0.311877643760619,-0.618640042108811,0.0274851773315261,-0.0767738756631194,0.0281450673488834,0.685654126037169,-0.307074208529095,0.365275385271113,-1.32849940599971,0.517566513877313,0.803386243064081,-1.15245285271599,0.374996664688557,0.0943578250696166,-0.320028789451831,-0.150494023899535,0.358234852758298,0.737365594757455,-0.357952719926527,-0.31400890547491,-0.0270904154181826,-0.00803119833524952,-0.736790937153716,1.07641780061139,-0.612348987824182,-0.698251604562774,0.93958261134823,-0.333197598858919,0.0876801216562589,0.165731509067739,-0.879510932426488,0.317425720786055,-0.0211479797679478,-0.990737241763597,0.68521511407826,0.631804672425712,0.49530324325402,-0.0506820106661762,0.867577649496993,0.871187253418242,-0.585473500551319,-0.314649026026515,-0.745409890281964,-1.28629343999157,0.524231982774555,0.786878585072118,-1.1007829204073,0.346285005346368,0.0698010502462883,-0.311836064983236,-0.151578008307734,0.337337416561638,0.728744741215734,-0.337845321196409,-0.295684880387773,-0.029518546530538,-0.00486699727541107,-0.748367438455199,0.336115842444728,-0.463446679480264,-0.34965039310205,0.525582558207308,-0.31674669845216,0.0405128460164769,0.144912528708147,-0.550094890330758,0.121645028968596,-0.0122625727025431,-0.231355328498667,0.0872369668623394,0.207002942972255,0.0390663736865232,-0.121053919293796,0.180946784560529,0.186029158625444,-0.100214347595515,-0.0754384765595617,-0.224709310655053,0.972949528075959,-0.553177286666943,-0.627923193123886,0.775470789365674,-0.308829507466914,0.0985870532892729,0.153369003052097,-0.798457307747402,0.284359119319794,-0.00806000429161737,-0.205931636839548,0.0800791126831154,0.186874662662864,0.0481476110204633,-0.114648243416112,0.17227170321355,0.0103939863188818,-0.059948578825803,-0.109075754069649,-0.050018549014921,-0.928011764232749,0.628422356874932,0.610290269504161,0.446794585085383,-0.0448604480932281,0.835572859470647,0.208622040386305,-0.106755204987477,-0.0243442224492625,-0.0519603362986721,0.873851466283545,-0.575223654506707,-0.312864161555112,-0.287579822291554,-0.747129039747142
6527.9189453125,-1.5453370250943,-0.653137775721146,-2.12993091808961,-0.641448069582378,5.29769678474325,-1.32849940599973,-1.28629343999159,1.41474243812483,2.59397330965399,2.53537997340692,-1.76012543922271,0.309638307258336,-0.599109564467246,2.55729702190452,1.07169485843496,1.0170680774295,-1.82446308056466,1.65351710382121,-0.610420556254294,4.74057812619317,2.18783761806657,2.14084841992958,-1.12622394967012,-0.499663055297737,-0.459133123814017,-0.150662345400436,-0.137881893101475,-1.09542052868858,-0.482991388339556,-0.452454947197622,-0.132053130867325,-0.11578375940243,-0.584867307644152,-0.491716543892917,-0.173272696819296,-0.289555223122662,-0.306650229859764,-0.44602634159486,7.64346754124059,3.80223897600087,3.7447090330076,-0.24109540919036,-0.244547150456313,13.3141669096665,12.1472601596958,2.97784024141045,-1.5453370250943,2.30747732834342,-2.81310442164129,2.89747837926436,-2.53328379623812,-0.653137775721136,1.11231631509405,-1.27135216809078,1.57414801245732,-1.72492171874411,-0.579477869256204,0.56785227043827,-1.1117114840039,1.31697513358118,0.577767893095068,-0.783675965225564,1.09787000356526,0.8894275417093,-1.10057989620212,-0.1735776336434,-1.32849940599971,1.73452024288648,-2.78106256741859,3.35664797950482,-3.37083448641257,0.495786912576048,-1.16841736990603,1.56867140824899,-1.79092174190932,0.589045570785157,-0.813357735313651,1.21063888026872,-0.669007101430994,0.694467756848615,-0.957612044483902,1.07641780061139,-1.55335134080927,2.64824465006647,-2.52995564486555,-0.686157168276603,0.837294788935794,-1.40971252118206,-0.737934951795638,0.774326603689888,0.767297055901994,-0.990737241763597,1.59817116350668,-2.77818033199014,0.880687724887195,-0.902534778879931,0.738283700339559,0.871187253418242,-1.34340597731427,-0.579877999919536,-0.745409890281964,-1.28629343999157,1.71530069655446,-2.71195769300247,3.24453919844091,-3.30307637023472,0.472520828967944,-1.16176117429348,1.53601929791048,-1.76593583917609,0.579826323278603,-0.79922723633369,1.26239603378081,-0.692310691077894,0.739991320993533,-0.97519851338405,0.336115842444728,-1.02421413794279,1.64747601705163,-1.40857758227852,-0.525272924493119,0.478257544610589,-0.70811960439187,-0.469897513481388,0.370141345479857,0.404848799928983,-0.231355328498667,0.293294220731285,-0.831280979446185,0.162893597136649,-0.380491286345665,0.144738538807216,0.186029158625444,-0.274174695864155,-0.306981949128748,-0.224709310655053,0.972949528075959,-1.4135942700848,2.40659249624363,-2.13201027272668,-0.682891162513973,0.84812946606535,-1.25393221843005,-0.663990225484874,0.701234916495372,0.713689322178605,-0.205931636839548,0.264795331836676,-0.767573686286908,0.181185618966533,-0.363931484584765,0.138738524839015,0.0103939863188818,-0.109506354430719,-0.171102950405866,-0.050018549014921,-0.928011764232749,1.48738949260465,-2.61634998740856,0.810316944690952,-0.859287268531036,0.70906222508977,0.208622040386305,-0.298678979861151,-0.215426537744909,-0.0519603362986721,0.873851466283545,-1.31588942716853,-0.55703968859455,-0.287579822291554,-0.747129039747142
3931.23803710938,-0.783420788410629,-0.653137775721146,-2.12993091808961,1.55838986135719,-0.188690710103128,-1.32849940599973,-1.28629343999159,1.41474243812483,2.59397330965399,2.53537997340692,-1.76012543922271,0.741091606862997,1.043305500913,-0.17876758579041,1.70953749862042,1.63450465673196,-1.82446308056466,1.65351710382121,1.40721812900486,-0.178560121049442,2.18783761806657,2.14084841992958,-1.12622394967012,-0.499663055297737,-0.459133123814017,-0.150662345400436,-0.137881893101475,-1.09542052868858,-0.482991388339556,-0.452454947197622,-0.132053130867325,-0.11578375940243,-0.584867307644152,-0.491716543892917,-0.173272696819296,-0.289555223122662,-0.306650229859764,2.24118191013093,-0.130781764013622,3.80223897600087,3.7447090330076,4.14618499614443,4.08766230299161,-0.075079888588345,-0.0822923157224407,2.97784024141045,-0.783420788410635,-0.0997849984329752,0.798842579775198,-0.743811221480749,-0.0415316024030472,-0.653137775721136,0.650093138601513,0.210535732470142,-0.602437238321414,0.530204771896053,-0.579477869256204,0.183979149362973,0.0691524833903946,-0.4552979385285,0.577767893095068,-0.428663423925633,-0.00694774748440575,0.8894275417093,-0.545018824782062,-0.1735776336434,-1.32849940599971,0.760957259679147,0.303117207596654,-0.990808059219693,0.920325800761001,0.495786912576048,-0.651172289427988,-0.0530445968282395,0.576918724835349,0.589045570785157,-0.393386430028001,-0.0540530157556222,-0.669007101430994,0.341666508949149,-0.957612044483902,1.07641780061139,-0.800549458421199,-0.231192778502069,0.815204644249866,-0.686157168276603,0.380270133209116,0.0764288071521547,-0.737934951795638,0.352975819891045,0.767297055901994,-0.990737241763597,0.867806323963944,0.155884942695272,0.880687724887195,-0.383177654324722,0.738283700339559,0.871187253418242,-0.737059995903909,-0.579877999919536,-0.745409890281964,-1.28629343999157,0.762445725530536,0.298558192555446,-0.945009358734665,0.877569787250318,0.472520828967944,-0.643579303752354,-0.0559179935455133,0.551352505430471,0.579826323278603,-0.373744076095145,-0.030028566788902,-0.692310691077894,0.365916822726412,-0.97519851338405,0.336115842444728,-0.575600171172769,-0.0709184162379221,0.456245693024897,-0.525272924493119,0.21137359889325,0.0965591293845505,-0.469897513481388,0.140979788453094,0.404848799928983,-0.231355328498667,0.128448417636128,0.0620932723722539,0.162893597136649,-0.222317655899209,0.144738538807216,0.186029158625444,-0.135006417249243,-0.306981949128748,-0.224709310655053,0.972949528075959,-0.725260683350514,-0.204406407895688,0.671241766027371,-0.682891162513973,0.391148862424376,0.0735973329233082,-0.663990225484874,0.316794985518772,0.713689322178605,-0.205931636839548,0.117022356513827,0.0536656310437785,0.181185618966533,-0.211948615990427,0.138738524839015,0.0103939863188818,-0.0698601339467862,-0.171102950405866,-0.050018549014921,-0.928011764232749,0.800215784020875,0.159959327573723,0.810316944690952,-0.362747975115154,0.70906222508977,0.208622040386305,-0.145139959962212,-0.215426537744909,-0.0519603362986721,0.873851466283545,-0.723356809039072,-0.55703968859455,-0.287579822291554,-0.747129039747142
20942.240234375,-0.878660317996087,-0.653137775721146,-2.12993091808961,1.55838986135719,-0.188690710103128,-1.32849940599973,-1.28629343999159,1.41474243812483,2.59397330965399,2.53537997340692,-1.76012543922271,0.687159944412415,0.980135690706072,-0.17876758579041,1.62980716859724,1.55732508431915,-1.82446308056466,1.65351710382121,1.40721812900486,-0.178560121049442,2.18783761806657,2.14084841992958,-1.12622394967012,-0.499663055297737,-0.459133123814017,-0.150662345400436,-0.137881893101475,-1.09542052868858,-0.482991388339556,-0.452454947197622,-0.132053130867325,-0.11578375940243,-0.584867307644152,-0.491716543892917,-0.173272696819296,-0.289555223122662,-0.306650229859764,2.24118191013093,-0.130781764013622,3.80223897600087,3.7447090330076,4.14618499614443,4.08766230299161,-0.075079888588345,-0.0822923157224407,2.97784024141045,-0.878660317996093,0.127151739590268,0.638281770543895,-0.878664970227119,0.345726682405881,-0.653137775721136,0.70787103566308,0.0708356247881729,-0.505682139453989,0.613722507232963,-0.579477869256204,0.231963289497385,-0.0421695831034994,-0.376515609074279,0.577767893095068,-0.473039991588124,0.0972053120905911,0.8894275417093,-0.61446395870957,-0.1735776336434,-1.32849940599971,0.882652632580064,0.0123663036199829,-0.797551884807006,1.07924725844415,0.495786912576048,-0.715827924487744,0.0998373454921651,0.471661814553427,0.589045570785157,-0.445882843188707,0.0651716529877008,-0.669007101430994,0.385766664936583,-0.957612044483902,1.07641780061139,-0.894649693719707,0.0402567141904984,0.666503225647057,-0.686157168276603,0.437398215174951,-0.063672278443003,-0.737934951795638,0.4056446678659,0.767297055901994,-0.990737241763597,0.959101928906787,-0.120714410511085,0.880687724887195,-0.448097294894123,0.738283700339559,0.871187253418242,-0.812853243580204,-0.579877999919536,-0.745409890281964,-1.28629343999157,0.881552596908527,0.0147517094661894,-0.758772598784935,1.03239839698342,0.472520828967944,-0.708352037569995,0.0941566584947416,0.448342773646925,0.579826323278603,-0.426929471124963,0.0918105114585635,-0.692310691077894,0.412676135009802,-0.97519851338405,0.336115842444728,-0.631676917019022,0.0910775669128808,0.373349256826175,-0.525272924493119,0.244734092107918,0.0207006884623962,-0.469897513481388,0.169624983081439,0.404848799928983,-0.231355328498667,0.149054143023023,-0.022126646780938,0.162893597136649,-0.242089359705016,0.144738538807216,0.186029158625444,-0.152402452076107,-0.306981949128748,-0.224709310655053,0.972949528075959,-0.8113023816923,0.0417369258394057,0.546629634220027,-0.682891162513973,0.448271437879498,-0.0515511490940301,-0.663990225484874,0.364849976890847,0.713689322178605,-0.205931636839548,0.135493978429184,-0.0237540044228023,0.181185618966533,-0.230946474564719,0.138738524839015,0.0103939863188818,-0.0748159115072778,-0.171102950405866,-0.050018549014921,-0.928011764232749,0.886112497593847,-0.101768101413766,0.810316944690952,-0.424815386792139,0.70906222508977,0.208622040386305,-0.164332337449579,-0.215426537744909,-0.0519603362986721,0.873851466283545,-0.797423386305254,-0.55703968859455,-0.287579822291554,-0.747129039747142
0,-0.973899847581546,-0.653137775721146,-2.12993091808961,1.55838986135719,-0.188690710103128,-1.32849940599973,-1.28629343999159,1.41474243812483,2.59397330965399,2.53537997340692,-1.76012543922271,0.633228281961832,0.91696588049914,-0.17876758579041,1.55007683857406,1.48014551190635,-1.82446308056466,1.65351710382121,1.40721812900486,-0.178560121049442,2.18783761806657,2.14084841992958,-1.12622394967012,-0.499663055297737,-0.459133123814017,-0.150662345400436,-0.137881893101475,-1.09542052868858,-0.482991388339556,-0.452454947197622,-0.132053130867325,-0.11578375940243,-0.584867307644152,-0.491716543892917,-0.173272696819296,-0.289555223122662,-0.306650229859764,2.24118191013093,-0.130781764013622,3.80223897600087,3.7447090330076,4.14618499614443,4.08766230299161,-0.075079888588345,-0.0822923157224407,2.97784024141045,-0.973899847581551,0.375223064134599,0.407106699202721,-0.912682947238981,0.708155675670701,-0.653137775721136,0.765648932724646,-0.0818747342904092,-0.366374378174105,0.634790548923945,-0.579477869256204,0.279947429631797,-0.163859058006077,-0.263084998458918,0.577767893095068,-0.517416559250615,0.211058131467363,0.8894275417093,-0.683909092637077,-0.1735776336434,-1.32849940599971,1.00434800548098,-0.305462191185327,-0.519302104422461,1.11933651472671,0.495786912576048,-0.780483559547499,0.266957161616641,0.320113165415012,0.589045570785157,-0.498379256349413,0.195499698376658,-0.669007101430994,0.429866820924016,-0.957612044483902,1.07641780061139,-0.988749929018216,0.336986259991208,0.452403276732899,-0.686157168276603,0.494526297140786,-0.21682095845148,-0.737934951795638,0.458313515840756,0.767297055901994,-0.990737241763597,1.05039753384963,-0.423073422611533,0.880687724887195,-0.513016935463525,0.738283700339559,0.871187253418242,-0.888646491256499,-0.579877999919536,-0.745409890281964,-1.28629343999157,1.00065946828652,-0.295485631510348,-0.490629354653016,1.07145519841195,0.472520828967944,-0.773124771387636,0.258207741789781,0.30002960676701,0.579826323278603,-0.480114866154781,0.224996445941386,-0.692310691077894,0.459435447293192,-0.97519851338405,0.336115842444728,-0.687753662865274,0.26816021320951,0.253995165102823,-0.525272924493119,0.278094585322585,-0.0622224384025862,-0.469897513481388,0.198270177709785,0.404848799928983,-0.231355328498667,0.169659868409918,-0.114189955169591,0.162893597136649,-0.261861063510823,0.144738538807216,0.186029158625444,-0.169798486902971,-0.306981949128748,-0.224709310655053,0.972949528075959,-0.897344080034086,0.310803553655163,0.367213383153188,-0.682891162513973,0.505394013334619,-0.188354691654749,-0.663990225484874,0.412904968262922,0.713689322178605,-0.205931636839548,0.15396560034454,-0.108383719660742,0.181185618966533,-0.249944333139012,0.138738524839015,0.0103939863188818,-0.0797716890677693,-0.171102950405866,-0.050018549014921,-0.928011764232749,0.972009211166818,-0.387870169082768,0.810316944690952,-0.486882798469124,0.70906222508977,0.208622040386305,-0.183524714936947,-0.215426537744909,-0.0519603362986721,0.873851466283545,-0.871489963571436,-0.55703968859455,-0.287579822291554,-0.747129039747142
0,-0.783420788410629,-2.2905731553407,-2.12993091808961,1.55838986135719,-0.188690710103128,-1.32849940599973,-1.28629343999159,1.41474243812483,2.59397330965399,2.53537997340692,-1.76012543922271,0.741091606862997,1.043305500913,-0.17876758579041,1.70953749862042,1.63450465673196,-1.82446308056466,0.488301547255946,0.398398786375285,-0.178560121049442,0.908889709778092,0.881553511997564,-1.12622394967012,-0.499663055297737,-0.459133123814017,-0.150662345400436,-0.137881893101475,-1.09542052868858,-0.482991388339556,-0.452454947197622,-0.132053130867325,-0.11578375940243,-0.584867307644152,-0.491716543892917,-0.173272696819296,-0.289555223122662,-0.306650229859764,2.24118191013093,-0.130781764013622,3.80223897600087,3.7447090330076,4.14618499614443,4.08766230299161,-0.075079888588345,-0.0822923157224407,2.97784024141045,-0.783420788410635,-0.0997849984329752,0.798842579775198,-0.743811221480749,-0.0415316024030472,-2.29057315534069,1.84160658465844,0.364534255137254,-1.80929165778435,1.68508721402015,2.22785500381884,-1.72821781002729,-0.167984211761765,1.44362583542746,0.28262905978417,-0.242195339102705,0.0164463034422211,-2.25554569151107,1.47486341095668,1.14943180442174,-1.32849940599971,0.760957259679147,0.303117207596654,-0.990808059219693,0.920325800761001,2.50293235010821,-1.98452054983558,-0.221574125190655,1.88981870467836,-2.78714687016073,1.69862733417837,0.199917691192702,-0.324721270956121,0.156359891954532,2.45046976831216,1.07641780061139,-0.800549458421199,-0.231192778502069,0.815204644249866,-2.45095501536502,1.55838289382416,0.230869348134627,2.48474357011891,-1.74590957578325,0.344422156706744,-0.990737241763597,0.867806323963944,0.155884942695272,2.80761013305307,-1.7219703170137,-2.20482028599004,0.871187253418242,-0.737059995903909,-1.90602286938464,-0.745409890281964,-1.28629343999157,0.762445725530536,0.298558192555446,-0.945009358734665,0.877569787250318,2.48611972257622,-1.97934241052218,-0.221352903277964,1.83622277589556,-2.80998729386905,1.74572603163432,0.229511318392569,-0.336828509527072,0.169436565951379,2.52563920266846,0.336115842444728,-0.575600171172769,-0.0709184162379221,0.456245693024897,-1.56790405469791,0.899343882581682,0.180181740903482,1.35562658131718,-1.00054851477437,0.181135133566846,-0.231355328498667,0.128448417636128,0.0620932723722539,0.782029714387279,-0.630055772621783,-0.679465788688562,0.186029158625444,-0.135006417249243,-1.46469931197468,-0.224709310655053,0.972949528075959,-0.725260683350514,-0.204406407895688,0.671241766027371,-2.55319943774927,1.5691480660931,0.211554859688975,2.39686922243153,-1.59822543847559,0.326586024082501,-0.205931636839548,0.117022356513827,0.0536656310437785,0.846375658696884,-0.60372825991614,-0.624573537260847,0.0103939863188818,-0.0698601339467862,-0.481238932086953,-0.050018549014921,-0.928011764232749,0.800215784020875,0.159959327573723,2.6279287427188,-1.6427211021446,-2.17068547219864,0.208622040386305,-0.145139959962212,-1.17083811422314,-0.0519603362986721,0.873851466283545,-0.723356809039072,-1.77791732379174,-0.287579822291554,-0.747129039747142
14690.349609375,0.168974507443958,-0.653137775721146,-2.12993091808961,1.55838986135719,-0.188690710103128,-1.32849940599973,-1.28629343999159,1.41474243812483,2.59397330965399,2.53537997340692,-1.76012543922271,1.28040823136882,1.67500360298233,-0.17876758579041,2.50684079885224,2.40630038086005,-1.82446308056466,1.65351710382121,1.40721812900486,-0.178560121049442,2.18783761806657,2.14084841992958,-1.12622394967012,-0.499663055297737,-0.459133123814017,-0.150662345400436,-0.137881893101475,-1.09542052868858,-0.482991388339556,-0.452454947197622,-0.132053130867325,-0.11578375940243,-0.584867307644152,-0.491716543892917,-0.173272696819296,-0.289555223122662,-0.306650229859764,2.24118191013093,-0.130781764013622,3.80223897600087,3.7447090330076,4.14618499614443,4.08766230299161,-0.075079888588345,-0.0822923157224407,2.97784024141045,0.168974507443948,-1.20675012000561,-0.103307646316535,1.27402702557017,0.130240118608541,-0.653137775721136,0.0723141679858486,0.891972982476095,-0.0587950211659845,-0.719484482103485,-0.579477869256204,-0.295862251981148,0.612165685851728,-0.0126401276378599,0.577767893095068,0.0151022526992813,-0.514991554136766,0.8894275417093,0.14943251449301,-0.1735776336434,-1.32849940599971,-0.455996469330025,1.72135875178825,0.0950490828483056,-1.45764143093433,0.495786912576048,-0.0046159388304298,-0.798780960808378,-0.0144930017445633,0.589045570785157,0.131577701579062,-0.63561398767896,-0.669007101430994,-0.0993350509251826,-0.957612044483902,1.07641780061139,0.140452894563886,-1.55528478447988,-0.0203106913724624,-0.686157168276603,-0.191010686449231,0.759821970371135,-0.737934951795638,-0.173712659857509,0.767297055901994,-0.990737241763597,-0.0451497254644775,1.50509723558381,0.880687724887195,0.266018751369289,0.738283700339559,0.871187253418242,0.0208724808590415,-0.579877999919536,-0.745409890281964,-1.28629343999157,-0.428622988249373,1.68292583964758,0.101407484202399,-1.4391555048642,0.472520828967944,0.00414803442405434,-0.78796079493493,-0.0274328984491264,0.579826323278603,0.158109874203037,-0.62434225631893,-0.692310691077894,-0.101676300107489,-0.97519851338405,0.336115842444728,-0.0148327127102419,-0.86111177472552,-0.00952823410535697,-0.525272924493119,-0.122231333253423,0.466585811750551,-0.469897513481388,-0.14547215783036,0.404848799928983,-0.231355328498667,-0.0776088362328169,0.472906055953825,0.162893597136649,-0.0246006178411387,0.144738538807216,0.186029158625444,0.038953931019398,-0.306981949128748,-0.224709310655053,0.972949528075959,0.135156300067342,-1.40505857081016,-0.0289220125558434,-0.682891162513973,-0.180076892126842,0.684053823210765,-0.663990225484874,-0.163754928201978,0.713689322178605,-0.205931636839548,-0.067693862639733,0.431307598284864,0.181185618966533,-0.021970030247505,0.138738524839015,0.0103939863188818,-0.0203023583418706,-0.171102950405866,-0.050018549014921,-0.928011764232749,-0.0587513517088405,1.43662848996538,0.810316944690952,0.257926141654699,0.70906222508977,0.208622040386305,0.0467838149114616,-0.215426537744909,-0.0519603362986721,0.873851466283545,0.0173089636227501,-0.55703968859455,-0.287579822291554,-0.747129039747142
0,-1.16437890675246,-0.325650699797235,-2.12993091808961,1.55838986135719,-0.188690710103128,-1.32849940599973,-1.28629343999159,1.41474243812483,2.59397330965399,2.53537997340692,-1.76012543922271,0.525364957060667,0.790626260085274,-0.17876758579041,1.39061617852769,1.32578636708073,-1.82446308056466,1.88656021513426,1.60898199753078,-0.178560121049442,2.44362719972426,2.39270740151598,-1.12622394967012,-0.499663055297737,-0.459133123814017,-0.150662345400436,-0.137881893101475,-1.09542052868858,-0.482991388339556,-0.452454947197622,-0.132053130867325,-0.11578375940243,-0.584867307644152,-0.491716543892917,-0.173272696819296,-0.289555223122662,-0.306650229859764,2.24118191013093,-0.130781764013622,3.80223897600087,3.7447090330076,4.14618499614443,4.08766230299161,-0.075079888588345,-0.0822923157224407,2.97784024141045,-1.16437890675247,0.934769472786523,-0.29210488612993,-0.553134661047583,1.07981072095586,-0.325650699797225,0.52702134437327,-0.137799634298721,-0.0332841562306228,0.240349312959192,-0.702807236973186,0.500770283250313,-0.535931425127121,0.110501030366282,0.0274851773315261,-0.0894401852259564,0.0592575451133077,0.685654126037169,-0.62828312355162,0.365275385271113,-1.32849940599971,1.24773875128282,-1.02235195328186,0.322291536848704,0.695618685002282,0.0943578250696166,-0.513450333135747,0.328159028094863,-0.0422454907931753,0.737365594757455,-0.739967575456755,0.593984977312651,-0.0270904154181826,0.0045562156295841,-0.736790937153716,1.07641780061139,-1.17695039961523,1.00628551091706,-0.195162932856264,-0.333197598858919,0.258582499945802,-0.272906378376869,-0.879510932426488,0.700695379390426,-0.0211479797679478,-0.990737241763597,1.23298874373531,-1.1050704234947,0.49530324325402,-0.244893344028431,0.867577649496993,0.871187253418242,-1.04023298660909,-0.314649026026515,-0.745409890281964,-1.28629343999157,1.2388732110425,-0.995252887125265,0.320396080477135,0.658649756958231,0.0698010502462883,-0.505607917228697,0.318285790750489,-0.0545928867631129,0.728744741215734,-0.724873877536747,0.632219880424315,-0.029518546530538,0.00847941402956669,-0.748367438455199,0.336115842444728,-0.79990715455778,0.667585495240246,-0.107002944276627,-0.31674669845216,0.140312934433737,-0.0925901724992258,-0.550094890330758,0.330095268303679,-0.0122625727025431,-0.231355328498667,0.210871319183707,-0.321846739653279,0.0390663736865232,-0.18020225907649,0.180946784560529,0.186029158625444,-0.204590556556699,-0.0754384765595617,-0.224709310655053,0.972949528075959,-1.06942747671766,0.917706691528665,-0.17544859426108,-0.308829507466914,0.269472958493347,-0.238454268950315,-0.798457307747402,0.634053879041976,-0.00806000429161737,-0.205931636839548,0.190908844175252,-0.299273389450696,0.0481476110204633,-0.171481574783629,0.17227170321355,0.0103939863188818,-0.0896832441887524,-0.109075754069649,-0.050018549014921,-0.928011764232749,1.14380263831276,-1.03319822046531,0.446794585085383,-0.230539152941339,0.835572859470647,0.208622040386305,-0.221909469911681,-0.0243442224492625,-0.0519603362986721,0.873851466283545,-1.0196231181038,-0.312864161555112,-0.287579822291554,-0.747129039747142
3418.09692382812,-0.878660317996087,0.0018363761266763,-2.12993091808961,1.55838986135719,-0.188690710103128,-1.32849940599973,-1.28629343999159,-0.706578202000684,2.59397330965399,2.53537997340692,-1.76012543922271,-0.661131616852152,0.980135690706072,-0.17876758579041,1.62980716859724,1.55732508431915,-1.82446308056466,-0.676914009309313,1.8107458660567,-0.178560121049442,2.69941678138196,2.64456638310238,-1.12622394967012,-0.499663055297737,-0.459133123814017,-0.150662345400436,-0.137881893101475,-1.09542052868858,-0.482991388339556,-0.452454947197622,-0.132053130867325,-0.11578375940243,-0.584867307644152,-0.491716543892917,-0.173272696819296,-0.289555223122662,-0.306650229859764,-0.44602634159486,-0.130781764013622,-0.262904613448501,-0.266943615488728,4.14618499614443,4.08766230299161,-0.075079888588345,-0.0822923157224407,2.97784024141045,-0.878660317996093,0.127151739590268,0.638281770543895,-0.878664970227119,0.345726682405881,0.00183637612668535,0.173325310608748,0.149329107211214,-0.119967509239709,0.0680169747971048,-0.680090869057492,0.30882653735109,-0.0529992725035107,-0.430893073625935,-0.479639853283965,0.27624418883472,-0.00959649815203349,0.139167089991882,-0.0740244729197729,0.523731327539782,-1.32849940599971,0.882652632580064,0.0123663036199829,-0.797551884807006,1.07924725844415,-0.307071262436815,-0.117651198099834,0.0139373683808664,0.0520546754762569,0.71004613065746,-0.52997406176424,0.0767701273241455,0.564481897724801,-0.358850392580757,-0.144584775014889,1.07641780061139,-0.894649693719707,0.0402567141904984,0.666503225647057,0.0197619705587645,-0.0911355935728902,0.015046501965152,-0.853433671806651,0.490012100620148,-0.7477566872538,-0.990737241763597,0.959101928906787,-0.120714410511085,0.109918761620845,0.152521940199516,0.843762649284933,0.871187253418242,-0.812853243580204,-0.0494200521334932,-0.745409890281964,-1.28629343999157,0.881552596908527,0.0147517094661894,-0.758772598784935,1.03239839698342,-0.332918728475367,-0.109091944641938,0.00983401724894524,0.0376940216074666,0.701315057322065,-0.512124333196533,0.103663322098547,0.581292000424232,-0.376839927788571,-0.140043524307904,0.336115842444728,-0.631676917019022,0.0910775669128808,0.373349256826175,-0.108220472411201,-0.0639083116577033,0.0633233699904432,-0.535323119810013,0.215510200329651,-0.396660649466282,-0.231355328498667,0.149054143023023,-0.022126646780938,-0.0847608497636027,-0.0591668186652701,0.174277490398561,0.186029158625444,-0.152402452076107,0.156104996009625,-0.224709310655053,0.972949528075959,-0.8113023816923,0.0417369258394057,0.546629634220027,0.0652321475801442,-0.0802114260968779,0.0187661923632961,-0.773689454236345,0.441826717582518,-0.673203827271876,-0.205931636839548,0.135493978429184,-0.0237540044228023,-0.0848903969256068,-0.055183343635022,0.166095136906273,0.0103939863188818,-0.0748159115072778,-0.0470485577334314,-0.050018549014921,-0.928011764232749,0.886112497593847,-0.101768101413766,0.0832722254798136,0.149415785757571,0.812270525492589,0.208622040386305,-0.164332337449579,0.166738092846384,-0.0519603362986721,0.873851466283545,-0.797423386305254,-0.0686886345156736,-0.287579822291554,-0.747129039747142
11197.33984375,-0.68818125882517,-0.325650699797235,-2.12993091808961,1.55838986135719,-0.188690710103128,-1.32849940599973,-1.28629343999159,1.41474243812483,2.59397330965399,2.53537997340692,-1.76012543922271,0.79502326931358,1.10647531111994,-0.17876758579041,1.7892678286436,1.71168422914477,-1.82446308056466,1.88656021513426,1.60898199753078,-0.178560121049442,2.44362719972426,2.39270740151598,-1.12622394967012,-0.499663055297737,-0.459133123814017,-0.150662345400436,-0.137881893101475,-1.09542052868858,-0.482991388339556,-0.452454947197622,-0.132053130867325,-0.11578375940243,-0.584867307644152,-0.491716543892917,-0.173272696819296,-0.289555223122662,-0.306650229859764,2.24118191013093,-0.130781764013622,3.80223897600087,3.7447090330076,4.14618499614443,4.08766230299161,-0.075079888588345,-0.0822923157224407,2.97784024141045,-0.688181258825176,-0.305587149935131,0.895043790976805,-0.536140016360194,-0.403069827270686,-0.325650699797225,0.382982725644343,0.242902854125855,-0.389970628431452,0.235101540599872,-0.702807236973186,0.209787635460098,0.202010851553561,-0.595969015915989,0.0274851773315261,-0.0788849272569256,0.0321769045337288,0.685654126037169,-0.360609027699516,0.365275385271113,-1.32849940599971,0.63926188677823,0.566790520744687,-1.10659894330714,0.675590960659174,0.0943578250696166,-0.35226571339915,-0.0884658181011064,0.345782803763793,0.737365594757455,-0.421621862514898,-0.196342818962795,-0.0270904154181826,-0.00593329600777725,-0.736790937153716,1.07641780061139,-0.70644922312269,-0.477362218086493,0.904300212748024,-0.333197598858919,0.116163851371183,0.108888831391215,-0.879510932426488,0.381303997220117,-0.0211479797679478,-0.990737241763597,0.776510719021102,0.406724637007538,0.49530324325402,-0.083050566226552,0.867577649496993,0.871187253418242,-0.661266748227614,-0.314649026026515,-0.745409890281964,-1.28629343999157,0.643338854152546,0.555933817757422,-1.05659450808214,0.639137824703346,0.0698010502462883,-0.344131373690813,-0.0906887936588821,0.325151212124856,0.728744741215734,-0.402350080586466,-0.175438561628968,-0.029518546530538,-0.00264259539124811,-0.748367438455199,0.336115842444728,-0.519523425326516,-0.217827736242899,0.505913713538703,-0.31674669845216,0.0571461940860203,0.114134773574673,-0.550094890330758,0.156386735524443,-0.0122625727025431,-0.231355328498667,0.107842692249234,0.138469802289985,0.0390663736865232,-0.130911975924245,0.180946784560529,0.186029158625444,-0.117610382422379,-0.0754384765595617,-0.224709310655053,0.972949528075959,-0.639218985008729,-0.427626447550119,0.745904057950745,-0.308829507466914,0.127068037489952,0.102592988042663,-0.798457307747402,0.342641579273491,-0.00806000429161737,-0.205931636839548,0.0985507345984714,0.123875186739001,0.0481476110204633,-0.124120465310699,0.17227170321355,0.0103939863188818,-0.0649043563862946,-0.109075754069649,-0.050018549014921,-0.928011764232749,0.714319070447904,0.397312117879699,0.446794585085383,-0.0758068989012466,0.835572859470647,0.208622040386305,-0.125947582474845,-0.0243442224492625,-0.0519603362986721,0.873851466283545,-0.64929023177289,-0.312864161555112,-0.287579822291554,-0.747129039747142
0,-0.497702199654253,-1.30811192756897,-2.12993091808961,1.55838986135719,-0.188690710103128,-1.32849940599973,-1.28629343999159,1.41474243812483,2.59397330965399,2.53537997340692,-1.76012543922271,0.902886594214745,1.2328149315338,-0.17876758579041,1.94872848868996,1.86604337397039,-1.82446308056466,1.1874308811951,1.00369039195303,-0.178560121049442,1.67625845475118,1.63713045675677,-1.12622394967012,-0.499663055297737,-0.459133123814017,-0.150662345400436,-0.137881893101475,-1.09542052868858,-0.482991388339556,-0.452454947197622,-0.132053130867325,-0.11578375940243,-0.584867307644152,-0.491716543892917,-0.173272696819296,-0.289555223122662,-0.306650229859764,2.24118191013093,-0.130781764013622,3.80223897600087,3.7447090330076,4.14618499614443,4.08766230299161,-0.075079888588345,-0.0822923157224407,2.97784024141045,-0.49770219965426,-0.653787693376182,0.919386075611619,-0.00141483486751773,-0.913890409064484,-1.30811192756896,0.779543785944897,0.955171642888186,-1.23066399913265,0.0713019273578092,0.105318073075787,-0.256302409965319,-0.0380842899081601,0.0186584938433875,1.38564435842638,-0.61979685758669,-0.680769759745009,0.0926320231765849,-0.0115733335442551,-1.20769456413253,-1.32849940599971,0.395871140976395,1.01290437455484,-1.13589810309284,0.0454319469670141,1.29864508758891,-0.796032421737138,-0.867942925792999,1.26034738723604,-0.234512941376318,0.0882977802296766,0.0607963503790271,-1.61141246594194,0.531609415371604,-0.0941565827507328,1.07641780061139,-0.518248752525673,-0.893860937930912,0.926844520257185,-1.39207630711197,0.508264878052166,0.823202028402662,0.0481767332181201,-0.130290577077562,1.92482239747343,-0.990737241763597,0.593919509135418,0.831125048949794,1.65145668815355,-0.528629287637956,0.0203689539162058,0.871187253418242,-0.509680252875024,-1.11033594770558,-0.745409890281964,-1.28629343999157,0.405125111396564,0.991392494499533,-1.08482946929009,0.0252078656964038,1.27796038641125,-0.788701794346977,-0.855852775321563,1.22019033297569,-0.247054818088058,0.114261931548748,0.0873392653438673,-1.66536355944449,0.567312928444342,-0.0882428554484119,0.336115842444728,-0.407369933634011,-0.466386386815375,0.518481466870427,-0.942325376575036,0.286117361853877,0.500903264519764,-0.024595317672305,-0.121856034443846,1.01721486507693,-0.231355328498667,0.0666312414754449,0.267692694419064,0.410548044036901,-0.26661590811867,-0.0563105724452523,0.186029158625444,-0.0828183127686505,-0.77006889426712,-0.224709310655053,0.972949528075959,-0.467135588325158,-0.805296644616991,0.764796239647684,-1.43101447260809,0.519131269999843,0.740669501948165,0.0826487463609346,-0.124136673890738,1.77329791612646,-0.205931636839548,0.0616074907677593,0.242664058815369,0.447261634858674,-0.254513077759599,-0.0474570659554928,0.0103939863188818,-0.0549928012653115,-0.295157343078301,-0.050018549014921,-0.928011764232749,0.542525643301961,0.79889378244711,1.53736166390209,-0.501809225682174,0.00660205125121126,0.208622040386305,-0.0875628275001099,-0.597591168336202,-0.0519603362986721,0.873851466283545,-0.501157077240525,-1.04539074267343,-0.287579822291554,-0.747129039747142
0,-0.973899847581546,0.0018363761266763,-2.12993091808961,1.55838986135719,-0.188690710103128,-1.32849940599973,-1.28629343999159,-0.706578202000684,2.59397330965399,2.53537997340692,-1.76012543922271,-0.661131616852152,0.91696588049914,-0.17876758579041,1.55007683857406,1.48014551190635,-1.82446308056466,-0.676914009309313,1.8107458660567,-0.178560121049442,2.69941678138196,2.64456638310238,-1.12622394967012,-0.499663055297737,-0.459133123814017,-0.150662345400436,-0.137881893101475,-1.09542052868858,-0.482991388339556,-0.452454947197622,-0.132053130867325,-0.11578375940243,-0.584867307644152,-0.491716543892917,-0.173272696819296,-0.289555223122662,-0.306650229859764,-0.44602634159486,-0.130781764013622,-0.262904613448501,-0.266943615488728,4.14618499614443,4.08766230299161,-0.075079888588345,-0.0822923157224407,2.97784024141045,-0.973899847581551,0.375223064134599,0.407106699202721,-0.912682947238981,0.708155675670701,0.00183637612668535,0.173162861038752,0.149758470919965,-0.120359189918099,0.0679577394408975,-0.680090869057492,0.365142019436499,-0.195817324982153,-0.297767847204189,-0.479639853283965,0.313083844788708,-0.104112566342159,0.139167089991882,-0.0848904251751017,0.523731327539782,-1.32849940599971,1.00434800548098,-0.305462191185327,-0.519302104422461,1.11933651472671,-0.307071262436815,-0.117469410934717,0.0134674907347788,0.0524807728965167,0.71004613065746,-0.591585269271944,0.229726639304334,0.564481897724801,-0.39546058259028,-0.144584775014889,1.07641780061139,-0.988749929018216,0.336986259991208,0.452403276732899,0.0197619705587645,-0.0912962161088773,0.015477098066396,-0.853433671806651,0.551825682280226,-0.7477566872538,-0.990737241763597,1.05039753384963,-0.423073422611533,0.109918761620845,0.152704469648166,0.843762649284933,0.871187253418242,-0.888646491256499,-0.0494200521334932,-0.745409890281964,-1.28629343999157,1.00065946828652,-0.295485631510348,-0.490629354653016,1.07145519841195,-0.332918728475367,-0.108909828239451,0.00937276771765453,0.0381110220766715,0.701315057322065,-0.574544148423338,0.259973929861566,0.581292000424232,-0.41565764326099,-0.140043524307904,0.336115842444728,-0.687753662865274,0.26816021320951,0.253995165102823,-0.108220472411201,-0.0640021087332838,0.0635565184258659,-0.535323119810013,0.249128973957914,-0.396660649466282,-0.231355328498667,0.169659868409918,-0.114189955169591,-0.0847608497636027,-0.0591112281203613,0.174277490398561,0.186029158625444,-0.169798486902971,0.156104996009625,-0.224709310655053,0.972949528075959,-0.897344080034086,0.310803553655163,0.367213383153188,0.0652321475801442,-0.0803720331506418,0.0191508321268236,-0.773689454236345,0.498225352592918,-0.673203827271876,-0.205931636839548,0.15396560034454,-0.108383719660742,-0.0848903969256068,-0.0551299288499019,0.166095136906273,0.0103939863188818,-0.0797716890677693,-0.0470485577334314,-0.050018549014921,-0.928011764232749,0.972009211166818,-0.387870169082768,0.0832722254798136,0.14959029581852,0.812270525492589,0.208622040386305,-0.183524714936947,0.166738092846384,-0.0519603362986721,0.873851466283545,-0.871489963571436,-0.0686886345156736,-0.287579822291554,-0.747129039747142
0,-1.16437890675246,-0.653137775721146,-2.12993091808961,1.55838986135719,-0.188690710103128,-1.32849940599973,-1.28629343999159,1.41474243812483,2.59397330965399,2.53537997340692,-1.76012543922271,0.525364957060667,0.790626260085274,-0.17876758579041,1.39061617852769,1.32578636708073,-1.82446308056466,1.65351710382121,1.40721812900486,-0.178560121049442,2.18783761806657,2.14084841992958,-1.12622394967012,-0.499663055297737,-0.459133123814017,-0.150662345400436,-0.137881893101475,-1.09542052868858,-0.482991388339556,-0.452454947197622,-0.132053130867325,-0.11578375940243,-0.584867307644152,-0.491716543892917,-0.173272696819296,-0.289555223122662,-0.306650229859764,2.24118191013093,-0.130781764013622,3.80223897600087,3.7447090330076,4.14618499614443,4.08766230299161,-0.075079888588345,-0.0822923157224407,2.97784024141045,-1.16437890675247,0.934769472786523,-0.29210488612993,-0.553134661047583,1.07981072095586,-0.653137775721136,0.881204726847779,-0.426326206637413,0.0549755539295017,0.412114806602166,-0.579477869256204,0.375915709900621,-0.438340233037284,0.0799969636812245,0.577767893095068,-0.606169694575598,0.46786304962623,0.8894275417093,-0.822799360492091,-0.1735776336434,-1.32849940599971,1.24773875128282,-1.02235195328186,0.322291536848704,0.695618685002282,0.495786912576048,-0.909794829667011,0.643910415277805,-0.138260527753262,0.589045570785157,-0.603372082670826,0.489465919091476,-0.669007101430994,0.518067132898882,-0.957612044483902,1.07641780061139,-1.17695039961523,1.00628551091706,-0.195162932856264,-0.686157168276603,0.608782461072455,-0.562261101708395,-0.737934951795638,0.563651211790467,0.767297055901994,-0.990737241763597,1.23298874373531,-1.1050704234947,0.880687724887195,-0.642856216602327,0.738283700339559,0.871187253418242,-1.04023298660909,-0.579877999919536,-0.745409890281964,-1.28629343999157,1.2388732110425,-0.995252887125265,0.320396080477135,0.658649756958231,0.472520828967944,-0.902670239022918,0.628239202144211,-0.148558054256201,0.579826323278603,-0.586485656214417,0.525408883613101,-0.692310691077894,0.552954071859972,-0.97519851338405,0.336115842444728,-0.79990715455778,0.667585495240246,-0.107002944276627,-0.525272924493119,0.34481557175192,-0.249262749961035,-0.469897513481388,0.255560566966475,0.404848799928983,-0.231355328498667,0.210871319183707,-0.321846739653279,0.162893597136649,-0.301404471122437,0.144738538807216,0.186029158625444,-0.204590556556699,-0.306981949128748,-0.224709310655053,0.972949528075959,-1.06942747671766,0.917706691528665,-0.17544859426108,-0.682891162513973,0.619639164244863,-0.496926958406328,-0.663990225484874,0.509014951007072,0.713689322178605,-0.205931636839548,0.190908844175252,-0.299273389450696,0.181185618966533,-0.287940050287596,0.138738524839015,0.0103939863188818,-0.0896832441887524,-0.171102950405866,-0.050018549014921,-0.928011764232749,1.14380263831276,-1.03319822046531,0.810316944690952,-0.611017621823095,0.70906222508977,0.208622040386305,-0.221909469911681,-0.215426537744909,-0.0519603362986721,0.873851466283545,-1.0196231181038,-0.55703968859455,-0.287579822291554,-0.747129039747142
1455.68994140625,-0.973899847581546,-1.63559900349288,-2.12993091808961,1.55838986135719,-0.188690710103128,-1.32849940599973,-1.28629343999159,1.41474243812483,2.59397330965399,2.53537997340692,-1.76012543922271,0.633228281961832,0.91696588049914,-0.17876758579041,1.55007683857406,1.48014551190635,-1.82446308056466,0.95438776988205,0.801926523427117,-0.178560121049442,1.42046887309348,1.38527147517037,-1.12622394967012,-0.499663055297737,-0.459133123814017,-0.150662345400436,-0.137881893101475,-1.09542052868858,-0.482991388339556,-0.452454947197622,-0.132053130867325,-0.11578375940243,-0.584867307644152,-0.491716543892917,-0.173272696819296,-0.289555223122662,-0.306650229859764,2.24118191013093,-0.130781764013622,3.80223897600087,3.7447090330076,4.14618499614443,4.08766230299161,-0.075079888588345,-0.0822923157224407,2.97784024141045,-0.973899847581551,0.375223064134599,0.407106699202721,-0.912682947238981,0.708155675670701,-1.63559900349287,1.65437804025349,-0.429324542105971,-0.735397160558114,1.48503976314852,0.666784647690796,-0.775331949076432,0.23199823993285,0.166520862190706,1.43215709717418,-1.18846382708497,0.465717171532699,-0.756168415345631,0.62995823852692,-1.0770181279137,-1.32849940599971,1.00434800548098,-0.305462191185327,-0.519302104422461,1.11933651472671,1.70007417509534,-1.77500478246667,0.647191667939434,0.721561754192754,-0.909751429565495,0.656135175074384,-0.22845897129989,-1.66567058137801,1.09673428601301,0.82565453254412,1.07641780061139,-0.988749929018216,0.336986259991208,0.452403276732899,-1.74503587652965,1.37326006701528,-0.565268043228295,0.692712437601029,-0.699993145745617,1.99146584621456,-0.990737241763597,1.05039753384963,-0.423073422611533,2.03684116978672,-1.51159904313106,-0.568251843349713,0.871187253418242,-0.888646491256499,-1.3755649215986,-0.745409890281964,-1.28629343999157,1.00065946828652,-0.295485631510348,-0.490629354653016,1.07145519841195,1.68068016513291,-1.76944718610991,0.63146020289797,0.692907483802518,-0.925017541517588,0.689551829261682,-0.208258970684003,-1.7213861765108,1.16651376376479,0.856602257124368,0.336115842444728,-0.687753662865274,0.26816021320951,0.253995165102823,-1.150851602616,0.791239626406388,-0.250890873645264,0.340509501287408,-0.431702207034439,1.05247127373412,-0.231355328498667,0.169659868409918,-0.114189955169591,0.534375267487027,-0.565985816596515,-0.221151437944408,0.186029158625444,-0.169798486902971,-1.00161236683631,-0.224709310655053,0.972949528075959,-0.897344080034086,0.310803553655163,0.367213383153188,-1.80507612765515,1.38404308306251,-0.499612977327107,0.694820635944215,-0.643932588832002,1.83430389887286,-0.205931636839548,0.15396560034454,-0.108383719660742,0.580299642804744,-0.542165939572676,-0.200119478375465,0.0103939863188818,-0.0797716890677693,-0.357184539414518,-0.050018549014921,-0.928011764232749,0.972009211166818,-0.387870169082768,1.90088402350766,-1.44159243990059,-0.56934748820647,0.208622040386305,-0.183524714936947,-0.788673483631849,-0.0519603362986721,0.873851466283545,-0.871489963571436,-1.28956626971286,-0.287579822291554,-0.747129039747142
1890.93701171875,-0.497702199654253,0.0018363761266763,-2.12993091808961,1.55838986135719,-0.188690710103128,-1.32849940599973,-1.28629343999159,-0.706578202000684,2.59397330965399,2.53537997340692,-1.76012543922271,-0.661131616852152,1.2328149315338,-0.17876758579041,1.94872848868996,1.86604337397039,-1.82446308056466,-0.676914009309313,1.8107458660567,-0.178560121049442,2.69941678138196,2.64456638310238,-1.12622394967012,-0.499663055297737,-0.459133123814017,-0.150662345400436,-0.137881893101475,-1.09542052868858,-0.482991388339556,-0.452454947197622,-0.132053130867325,-0.11578375940243,-0.584867307644152,-0.491716543892917,-0.173272696819296,-0.289555223122662,-0.306650229859764,-0.44602634159486,-0.130781764013622,-0.262904613448501,-0.266943615488728,4.14618499614443,4.08766230299161,-0.075079888588345,-0.0822923157224407,2.97784024141045,-0.49770219965426,-0.653787693376182,0.919386075611619,-0.00141483486751773,-0.913890409064484,0.00183637612668535,0.173975108888731,0.14797745138455,-0.119491233297548,0.0695445266627795,-0.680090869057492,0.0835646090094529,0.39659823387862,-0.592770710531862,-0.479639853283965,0.128885565018769,0.287944238707398,0.139167089991882,-0.0305606638984577,0.523731327539782,-1.32849940599971,0.395871140976395,1.01290437455484,-1.13589810309284,0.0454319469670141,-0.307071262436815,-0.118378346760303,0.0154165638629454,0.0515365494580908,0.71004613065746,-0.283529231733425,-0.404743695177287,0.564481897724801,-0.212409632542668,-0.144584775014889,1.07641780061139,-0.518248752525673,-0.893860937930912,0.926844520257185,0.0197619705587645,-0.0904931034289418,0.0136909665127544,-0.853433671806651,0.242757773979836,-0.7477566872538,-0.990737241763597,0.593919509135418,0.831125048949794,0.109918761620845,0.151791822404918,0.843762649284933,0.871187253418242,-0.509680252875024,-0.0494200521334932,-0.745409890281964,-1.28629343999157,0.405125111396564,0.991392494499533,-1.08482946929009,0.0252078656964038,-0.332918728475367,-0.109820410251886,0.011286051046418,0.0371869573014898,0.701315057322065,-0.262445072289311,-0.388409341347405,0.581292000424232,-0.221569065898892,-0.140043524307904,0.336115842444728,-0.407369933634011,-0.466386386815375,0.518481466870427,-0.108220472411201,-0.0635331233553812,0.0625894084683267,-0.535323119810013,0.0810351058165993,-0.396660649466282,-0.231355328498667,0.0666312414754449,0.267692694419064,-0.0847608497636027,-0.0593891808449052,0.174277490398561,0.186029158625444,-0.0828183127686505,0.156104996009625,-0.224709310655053,0.972949528075959,-0.467135588325158,-0.805296644616991,0.764796239647684,0.0652321475801442,-0.0795689978818223,0.0175553294819159,-0.773689454236345,0.216232177540919,-0.673203827271876,-0.205931636839548,0.0616074907677593,0.242664058815369,-0.0848903969256068,-0.0553970027755023,0.166095136906273,0.0103939863188818,-0.0549928012653115,-0.0470485577334314,-0.050018549014921,-0.928011764232749,0.542525643301961,0.79889378244711,0.0832722254798136,0.148717745513779,0.812270525492589,0.208622040386305,-0.0875628275001099,0.166738092846384,-0.0519603362986721,0.873851466283545,-0.501157077240525,-0.0686886345156736,-0.287579822291554,-0.747129039747142
4485.6162109375,-0.878660317996087,-0.325650699797235,0.469323281677592,-0.641448069582378,5.29769678474325,-1.32849940599973,-1.28629343999159,1.41474243812483,2.59397330965399,2.53537997340692,-0.250211143546648,0.687159944412415,-0.599109564467246,3.62132214711921,1.62980716859724,1.55732508431915,0.205899846163342,1.88656021513426,-0.610420556254294,5.23249195091743,2.44362719972426,2.39270740151598,-1.12622394967012,-0.499663055297737,-0.459133123814017,-0.150662345400436,-0.137881893101475,-1.09542052868858,-0.482991388339556,-0.452454947197622,-0.132053130867325,-0.11578375940243,1.70915035796891,-0.491716543892917,5.76909222615016,3.45228159742381,3.25982526959618,-0.44602634159486,7.64346754124059,3.80223897600087,3.7447090330076,-0.24109540919036,-0.244547150456313,13.3141669096665,12.1472601596958,2.97784024141045,-0.878660317996093,0.127151739590268,0.638281770543895,-0.878664970227119,0.345726682405881,-0.325650699797225,0.440598173135914,0.110082365999694,-0.312824824346849,0.340869741015034,-0.702807236973186,0.326180694576184,-0.055444395989633,-0.44317039855927,0.0274851773315261,-0.083107030444538,0.0416248698344899,0.685654126037169,-0.467678666040357,0.365275385271113,-1.32849940599971,0.882652632580064,0.0123663036199829,-0.797551884807006,1.07924725844415,0.0943578250696166,-0.416739561293789,0.0568873569365158,0.261858245014842,0.737365594757455,-0.548960147691641,0.0793888268044092,-0.0270904154181826,-0.0017374913528327,-0.736790937153716,1.07641780061139,-0.894649693719707,0.0402567141904984,0.666503225647057,-0.333197598858919,0.17313131080103,-0.0243128882389255,-0.879510932426488,0.50906055008824,-0.0211479797679478,-0.990737241763597,0.959101928906787,-0.120714410511085,0.49530324325402,-0.147787677347304,0.867577649496993,0.871187253418242,-0.812853243580204,-0.314649026026515,-0.745409890281964,-1.28629343999157,0.881552596908527,0.0147517094661894,-0.758772598784935,1.03239839698342,0.0698010502462883,-0.408721991105966,0.0519953378718434,0.243018397627196,0.728744741215734,-0.531359599366578,0.106339445540494,-0.029518546530538,0.00180620837707781,-0.748367438455199,0.336115842444728,-0.631676917019022,0.0910775669128808,0.373349256826175,-0.31674669845216,0.0904128902251071,0.0420120292264197,-0.550094890330758,0.225870148636137,-0.0122625727025431,-0.231355328498667,0.149054143023023,-0.022126646780938,0.0390663736865232,-0.150628089185143,0.180946784560529,0.186029158625444,-0.152402452076107,-0.0754384765595617,-0.224709310655053,0.972949528075959,-0.8113023816923,0.0417369258394057,0.546629634220027,-0.308829507466914,0.18403000589131,-0.016392478365367,-0.798457307747402,0.459206499180885,-0.00806000429161737,-0.205931636839548,0.135493978429184,-0.0237540044228023,0.0481476110204633,-0.143064909099871,0.17227170321355,0.0103939863188818,-0.0748159115072778,-0.109075754069649,-0.050018549014921,-0.928011764232749,0.886112497593847,-0.101768101413766,0.446794585085383,-0.137699800517284,0.835572859470647,0.208622040386305,-0.164332337449579,-0.0243442224492625,-0.0519603362986721,0.873851466283545,-0.797423386305254,-0.312864161555112,-0.287579822291554,-0.747129039747142
13613.349609375,-0.402462670068794,0.0018363761266763,-2.12993091808961,1.55838986135719,-0.188690710103128,-1.32849940599973,-1.28629343999159,-0.706578202000684,2.59397330965399,2.53537997340692,-1.76012543922271,-0.661131616852152,1.29598474174074,-0.17876758579041,2.02845881871315,1.9432229463832,-1.82446308056466,-0.676914009309313,1.8107458660567,-0.178560121049442,2.69941678138196,2.64456638310238,-1.12622394967012,-0.499663055297737,-0.459133123814017,-0.150662345400436,-0.137881893101475,-1.09542052868858,-0.482991388339556,-0.452454947197622,-0.132053130867325,-0.11578375940243,-0.584867307644152,-0.491716543892917,-0.173272696819296,-0.289555223122662,-0.306650229859764,-0.44602634159486,-0.130781764013622,-0.262904613448501,-0.266943615488728,4.14618499614443,4.08766230299161,-0.075079888588345,-0.0822923157224407,2.97784024141045,-0.402462670068802,-0.796186085315076,0.860036477205174,0.282606174354264,-1.02514037676671,0.00183637612668535,0.174137558458727,0.147730987179969,-0.119591789515964,0.0700390912174486,-0.680090869057492,0.0272491269240436,0.478578934591043,-0.558593458287232,-0.479639853283965,0.0920459090647815,0.342198538946987,0.139167089991882,-0.0196947116431289,0.523731327539782,-1.32849940599971,0.274175768075478,1.19534491521695,-1.06446301008434,-0.289279050819615,-0.307071262436815,-0.118560133925421,0.0156862839578972,0.0516459414899727,0.71004613065746,-0.221918024225722,-0.492544094447815,0.564481897724801,-0.175799442533146,-0.144584775014889,1.07641780061139,-0.424148517227165,-1.06419021819091,0.871878619681586,0.0197619705587645,-0.0903324808929547,0.0134437948877996,-0.853433671806651,0.180944192319758,-0.7477566872538,-0.990737241763597,0.502623904192576,1.00468576657979,0.109918761620845,0.151609292956269,0.843762649284933,0.871187253418242,-0.433887005198729,-0.0494200521334932,-0.745409890281964,-1.28629343999157,0.286018240018573,1.16947554603967,-1.01598902831043,-0.300883017216368,-0.332918728475367,-0.110002526654373,0.0115508184138637,0.0372940138722482,0.701315057322065,-0.200025257062506,-0.478135065307361,0.581292000424232,-0.182751350426473,-0.140043524307904,0.336115842444728,-0.351293187787758,-0.568035717382874,0.487839679367774,-0.108220472411201,-0.0634393262798006,0.0624555761426912,-0.535323119810013,0.0474163321883365,-0.396660649466282,-0.231355328498667,0.0460255160885504,0.320539056630413,-0.0847608497636027,-0.059444771389814,0.174277490398561,0.186029158625444,-0.0654222779417864,0.156104996009625,-0.224709310655053,0.972949528075959,-0.381093889983372,-0.959746802029432,0.7187346881723,0.0652321475801442,-0.0794083908280583,0.0173345378047533,-0.773689454236345,0.159833542530519,-0.673203827271876,-0.205931636839548,0.0431358688524033,0.291243375196516,-0.0848903969256068,-0.0554504175606224,0.166095136906273,0.0103939863188818,-0.0500370237048199,-0.0470485577334314,-0.050018549014921,-0.928011764232749,0.456628929728989,0.963122656708546,0.0832722254798136,0.14854323545283,0.812270525492589,0.208622040386305,-0.0683704500127425,0.166738092846384,-0.0519603362986721,0.873851466283545,-0.427090499974343,-0.0686886345156736,-0.287579822291554,-0.747129039747142
1390.50903320312,-1.16437890675246,-1.30811192756897,-2.12993091808961,1.55838986135719,-0.188690710103128,-1.32849940599973,-1.28629343999159,1.41474243812483,2.59397330965399,2.53537997340692,-1.76012543922271,0.525364957060667,0.790626260085274,-0.17876758579041,1.39061617852769,1.32578636708073,-1.82446308056466,1.1874308811951,1.00369039195303,-0.178560121049442,1.67625845475118,1.63713045675677,-1.12622394967012,-0.499663055297737,-0.459133123814017,-0.150662345400436,-0.137881893101475,-1.09542052868858,-0.482991388339556,-0.452454947197622,-0.132053130867325,-0.11578375940243,-0.584867307644152,-0.491716543892917,-0.173272696819296,-0.289555223122662,-0.306650229859764,2.24118191013093,-0.130781764013622,3.80223897600087,3.7447090330076,4.14618499614443,4.08766230299161,-0.075079888588345,-0.0822923157224407,2.97784024141045,-1.16437890675247,0.934769472786523,-0.29210488612993,-0.553134661047583,1.07981072095586,-1.30811192756896,1.5895714917968,-1.0033793513148,0.231494974249751,0.755645793888112,0.105318073075787,-0.317349055776818,0.103542479795757,-0.0893792479806115,1.38564435842638,-1.36478630670475,1.06774155070323,0.0926320231765849,-0.062201294425452,-1.20769456413253,-1.32849940599971,1.24773875128282,-1.02235195328186,0.322291536848704,0.695618685002282,1.29864508758891,-1.70248382272954,1.27541318964369,-0.330290601673434,-0.234512941376318,0.155085054767028,-0.0908843112808294,-1.61141246594194,1.27195849250106,-0.0941565827507328,1.07641780061139,-1.17695039961523,1.00628551091706,-0.195162932856264,-1.39207630711197,1.30918238332576,-1.14097054837145,0.0481767332181201,-0.197297227579461,1.92482239747343,-0.990737241763597,1.23298874373531,-1.1050704234947,1.65145668815355,-1.43878196175012,0.0203689539162058,0.871187253418242,-1.04023298660909,-1.11033594770558,-0.745409890281964,-1.28629343999157,1.2388732110425,-0.995252887125265,0.320396080477135,0.658649756958231,1.27796038641125,-1.69679488261136,1.24814602493166,-0.336488389242378,-0.247054818088058,0.181925746376629,-0.0676675147075772,-1.66536355944449,1.35230365968078,-0.0882428554484119,0.336115842444728,-0.79990715455778,0.667585495240246,-0.107002944276627,-0.942325376575036,0.753820846388284,-0.562607904884654,-0.024595317672305,-0.158299180987259,1.01721486507693,-0.231355328498667,0.210871319183707,-0.321846739653279,0.410548044036901,-0.54380889521433,-0.0563105724452523,0.186029158625444,-0.204590556556699,-0.77006889426712,-0.224709310655053,0.972949528075959,-1.06942747671766,0.917706691528665,-0.17544859426108,-1.43101447260809,1.31997157574789,-1.01387233731835,0.0826487463609346,-0.185273458452223,1.77329791612646,-0.205931636839548,0.190908844175252,-0.299273389450696,0.447261634858674,-0.52085700129553,-0.0474570659554928,0.0103939863188818,-0.0896832441887524,-0.295157343078301,-0.050018549014921,-0.928011764232749,1.14380263831276,-1.03319822046531,1.53736166390209,-1.37197455958661,0.00660205125121126,0.208622040386305,-0.221909469911681,-0.597591168336202,-0.0519603362986721,0.873851466283545,-1.0196231181038,-1.04539074267343,-0.287579822291554,-0.747129039747142
5843.7958984375,1.97852556956767,-2.94554730718852,-2.12993091808961,1.55838986135719,-0.188690710103128,-1.32849940599973,-1.28629343999159,1.41474243812483,2.59397330965399,2.53537997340692,-1.76012543922271,2.30510981792989,2.87522999691405,-0.17876758579041,4.0217170692927,3.8727122567034,-1.82446308056466,0.0222153246298423,-0.00512895067654662,-0.178560121049442,0.397310546462701,0.37783554882476,-1.12622394967012,-0.499663055297737,-0.459133123814017,-0.150662345400436,-0.137881893101475,-1.09542052868858,-0.482991388339556,-0.452454947197622,-0.132053130867325,-0.11578375940243,-0.584867307644152,-0.491716543892917,-0.173272696819296,-0.289555223122662,-0.306650229859764,2.24118191013093,-0.130781764013622,3.80223897600087,3.7447090330076,4.14618499614443,4.08766230299161,-0.075079888588345,-0.0822923157224407,2.97784024141045,1.97852556956765,2.51259473556594,2.85261707006777,2.92023549996545,2.96370907334825,-2.94554730718851,-5.23829223480778,-6.82639473468597,-7.87349921527473,-8.08678249224223,4.37310830247759,7.31200227722901,9.32168841192272,10.4996418456108,-3.2272403668532,-5.21302395762218,-6.40236300864922,-0.905863100363793,-1.44310369431294,3.72583449538143,-1.32849940599971,-2.76820855444745,-3.04385858753761,-3.46279735100587,-3.39765313126382,3.30579052512107,5.93815191855892,7.64787715365166,8.48688447466244,-5.36710026304513,-8.19170575160669,-9.96341389862665,3.76961730473137,5.09622633522597,0.987872680569574,1.07641780061139,1.92835736523555,2.89359503545566,2.71728262740706,-3.15687415420039,-5.44188988587394,-6.98069959500053,4.94738766763953,8.17691025804494,-4.68451850598904,-0.990737241763597,-1.77976621937848,-3.02818543325014,3.57837909631942,6.23305245125548,-4.45382452610834,0.871187253418242,1.46094418670865,-2.43648081717069,-0.745409890281964,-1.28629343999157,-2.6916535444312,-2.96847697882321,-3.32721151983915,-3.32920433028354,3.29155928001953,5.95767892482446,7.50359580220676,8.29244473514103,-5.40034945354371,-8.27441135439356,-10.1566861513009,3.89066004812155,5.40716764619949,1.02323540797874,0.336115842444728,1.05062545836856,1.79389654082312,1.51659526909011,-1.98495650677983,-3.18853277162846,-3.72455871349718,2.75062025082741,4.39621098028262,-2.47932722944008,-0.231355328498667,-0.469117618583813,-0.90740338961066,1.02968416128753,1.79269876765524,-1.30929029909384,0.186029158625444,0.369478592729815,-1.92778625711305,-0.224709310655053,0.972949528075959,1.76994856856127,2.62906983887504,2.26518750354675,-3.30132274784338,-5.43044996528984,-6.23034316246268,4.73585755201318,7.45534303389571,-4.27694925352285,-0.205931636839548,-0.418654679031498,-0.837549640966364,1.11245167458902,1.7242020271484,-1.20786657487348,0.0103939863188818,0.0738574153074691,-0.605293324759388,-0.050018549014921,-0.928011764232749,-1.6907889095953,-2.85291305824742,3.35497346192994,5.96279964207645,-4.37127532962654,0.208622040386305,0.411438987171441,-1.55300274481444,-0.0519603362986721,0.873851466283545,1.42457393168021,-2.26626837787062,-0.287579822291554,-0.747129039747142
8598.5224609375,-1.35485796592338,-0.653137775721146,-2.12993091808961,1.55838986135719,-0.188690710103128,-1.32849940599973,-1.28629343999159,1.41474243812483,2.59397330965399,2.53537997340692,-1.76012543922271,0.417501632159501,0.664286639671409,-0.17876758579041,1.23115551848133,1.17142722225511,-1.82446308056466,1.65351710382121,1.40721812900486,-0.178560121049442,2.18783761806657,2.14084841992958,-1.12622394967012,-0.499663055297737,-0.459133123814017,-0.150662345400436,-0.137881893101475,-1.09542052868858,-0.482991388339556,-0.452454947197622,-0.132053130867325,-0.11578375940243,-0.584867307644152,-0.491716543892917,-0.173272696819296,-0.289555223122662,-0.306650229859764,2.24118191013093,-0.130781764013622,3.80223897600087,3.7447090330076,4.14618499614443,4.08766230299161,-0.075079888588345,-0.0822923157224407,2.97784024141045,-1.35485796592338,1.5788542275228,-1.34882948886414,0.610994814257264,0.344136193193809,-0.653137775721136,0.996760520970912,-0.822818684570871,0.691765402602334,-0.308854823980854,-0.579477869256204,0.471883990169446,-0.754291041703226,0.598499742743924,0.577767893095068,-0.694922829900581,0.763467006992195,0.8894275417093,-0.961689628347106,-0.1735776336434,-1.32849940599971,1.49112949708465,-1.84755207869295,1.5941993897668,-0.676276088908082,0.495786912576048,-1.03910609978652,1.07781516415525,-0.831004711313398,0.589045570785157,-0.708364908992238,0.827845646388832,-0.669007101430994,0.606267444873749,-0.957612044483902,1.07641780061139,-1.36515087021225,1.77670497427548,-1.17383542617122,-0.686157168276603,0.723038625004125,-0.95989162261859,-0.737934951795638,0.668988907740177,0.767297055901994,-0.990737241763597,1.415579953621,-1.89010605995424,0.880687724887195,-0.772695497741129,0.738283700339559,0.871187253418242,-1.19181948196168,-0.579877999919536,-0.745409890281964,-1.28629343999157,1.47708695379848,-1.8007435742893,1.54610593529528,-0.677913370773329,0.472520828967944,-1.0322157066582,1.05417638751778,-0.826512521587717,0.579826323278603,-0.692856446274054,0.871208746226244,-0.692310691077894,0.646472696426752,-0.97519851338405,0.336115842444728,-0.912060646250285,1.12735742985429,-0.652582553831169,-0.525272924493119,0.411536558181254,-0.464561805290796,-0.469897513481388,0.312850956223166,0.404848799928983,-0.231355328498667,0.252082769957496,-0.56087708107881,0.162893597136649,-0.340947878734051,0.144738538807216,0.186029158625444,-0.239382626210427,-0.306981949128748,-0.224709310655053,0.972949528075959,-1.24151087340123,1.61630300572482,-0.995578401219635,-0.682891162513973,0.733884315155106,-0.852119467331429,-0.663990225484874,0.605124933751222,0.713689322178605,-0.205931636839548,0.227852088005964,-0.519003378326085,0.181185618966533,-0.32593576743618,0.138738524839015,0.0103939863188818,-0.0995947993097356,-0.171102950405866,-0.050018549014921,-0.928011764232749,1.3155960654587,-1.77602482657391,0.810316944690952,-0.735152445177065,0.70906222508977,0.208622040386305,-0.260294224886416,-0.215426537744909,-0.0519603362986721,0.873851466283545,-1.16775627263616,-0.55703968859455,-0.287579822291554,-0.747129039747142
2920.19897460938,-0.0215045517269594,-0.325650699797235,-2.12993091808961,1.55838986135719,-0.188690710103128,-1.32849940599973,-1.28629343999159,1.41474243812483,2.59397330965399,2.53537997340692,-1.76012543922271,1.17254490646766,1.54866398256847,-0.17876758579041,2.34738013880587,2.25194123603443,-1.82446308056466,1.88656021513426,1.60898199753078,-0.178560121049442,2.44362719972426,2.39270740151598,-1.12622394967012,-0.499663055297737,-0.459133123814017,-0.150662345400436,-0.137881893101475,-1.09542052868858,-0.482991388339556,-0.452454947197622,-0.132053130867325,-0.11578375940243,-0.584867307644152,-0.491716543892917,-0.173272696819296,-0.289555223122662,-0.306650229859764,2.24118191013093,-0.130781764013622,3.80223897600087,3.7447090330076,4.14618499614443,4.08766230299161,-0.075079888588345,-0.0822923157224407,2.97784024141045,-0.0215045517269686,-1.15443378785978,0.291775307291077,1.1490625776466,-0.503324061423783,-0.325650699797225,0.181328659423846,0.503439236508899,-0.208714723939163,-0.285271774368323,-0.702807236973186,-0.197588071446202,0.707026755099413,-0.236965024411921,0.0274851773315261,-0.0641075661002824,0.0136440807573043,0.685654126037169,0.014134706493429,0.365275385271113,-1.32849940599971,-0.212605723528191,1.65433116957904,-0.380485517129196,-1.31037424402108,0.0943578250696166,-0.126607245767915,-0.373585914604743,0.14860005370165,0.737365594757455,0.0240621356037009,-0.73720911534678,-0.0270904154181826,-0.0206186123000831,-0.736790937153716,1.07641780061139,-0.0477475760331307,-1.49270680814946,0.345590526667646,-0.333197598858919,-0.0832222566332841,0.370173025187229,-0.879510932426488,-0.0658439378183164,-0.0211479797679478,-0.990737241763597,0.137441484421207,1.44133204815884,0.49530324325402,0.143529322696079,0.867577649496993,0.871187253418242,-0.130714014493549,-0.314649026026515,-0.745409890281964,-1.28629343999157,-0.190409245493391,1.6174991733274,-0.356854837366083,-1.29568102293148,0.0698010502462883,-0.118064212737774,-0.370573380569682,0.132178207864707,0.728744741215734,0.0491832351439292,-0.728165205377649,-0.029518546530538,-0.0182134085803888,-0.748367438455199,0.336115842444728,-0.126986204402747,-0.823766408194608,0.194450364493726,-0.31674669845216,-0.0592872424007836,0.255608420939849,-0.550094890330758,-0.0868052103664866,-0.0122625727025431,-0.231355328498667,-0.0363973854590278,0.453490613121197,0.0390663736865232,-0.0619055795111009,0.180946784560529,0.186029158625444,0.0041618613656699,-0.0754384765595617,-0.224709310655053,0.972949528075959,-0.0369270966162297,-1.34831449087257,0.277704052207338,-0.308829507466914,-0.0722988519148007,0.335991038384575,-0.798457307747402,-0.065335640402388,-0.00806000429161737,-0.205931636839548,-0.0307506188090209,0.413459843007515,0.0481476110204633,-0.057814912048596,0.17227170321355,0.0103939863188818,-0.0302139134628537,-0.109075754069649,-0.050018549014921,-0.928011764232749,0.113042075437103,1.37629176693915,0.446794585085383,0.140818256754883,0.835572859470647,0.208622040386305,0.00839905993672694,-0.0243442224492625,-0.0519603362986721,0.873851466283545,-0.130824190909614,-0.312864161555112,-0.287579822291554,-0.747129039747142
0,-1.16437890675246,0.0018363761266763,-2.12993091808961,1.55838986135719,-0.188690710103128,-1.32849940599973,-1.28629343999159,-0.706578202000684,2.59397330965399,2.53537997340692,-1.76012543922271,-0.661131616852152,0.790626260085274,-0.17876758579041,1.39061617852769,1.32578636708073,-1.82446308056466,-0.676914009309313,1.8107458660567,-0.178560121049442,2.69941678138196,2.64456638310238,-1.12622394967012,-0.499663055297737,-0.459133123814017,-0.150662345400436,-0.137881893101475,-1.09542052868858,-0.482991388339556,-0.452454947197622,-0.132053130867325,-0.11578375940243,-0.584867307644152,-0.491716543892917,-0.173272696819296,-0.289555223122662,-0.306650229859764,-0.44602634159486,-0.130781764013622,-0.262904613448501,-0.266943615488728,4.14618499614443,4.08766230299161,-0.075079888588345,-0.0822923157224407,2.97784024141045,-1.16437890675247,0.934769472786523,-0.29210488612993,-0.553134661047583,1.07981072095586,0.00183637612668535,0.172837961898761,0.15072693803997,-0.121543866390747,0.0685838193162191,-0.680090869057492,0.477772983607318,-0.517955840999168,0.104882404287433,-0.479639853283965,0.386763156696684,-0.317301763492733,0.139167089991882,-0.106622329685759,0.523731327539782,-1.32849940599971,1.24773875128282,-1.02235195328186,0.322291536848704,0.695618685002282,-0.307071262436815,-0.117105836604483,0.0124076409119219,0.0537695461669109,0.71004613065746,-0.714807684287351,0.574733330890506,0.564481897724801,-0.468680962609324,-0.144584775014889,1.07641780061139,-1.17695039961523,1.00628551091706,-0.195162932856264,0.0197619705587645,-0.0916174611808515,0.0164483449546576,-0.853433671806651,0.675452845600383,-0.7477566872538,-0.990737241763597,1.23298874373531,-1.1050704234947,0.109918761620845,0.153069528545465,0.843762649284933,0.871187253418242,-1.04023298660909,-0.0494200521334932,-0.745409890281964,-1.28629343999157,1.2388732110425,-0.995252887125265,0.320396080477135,0.658649756958231,-0.332918728475367,-0.108545595434476,0.00833237935676607,0.0393722807299755,0.701315057322065,-0.699383778876949,0.612546075669445,0.581292000424232,-0.493293074205829,-0.140043524307904,0.336115842444728,-0.79990715455778,0.667585495240246,-0.107002944276627,-0.108220472411201,-0.0641897028844449,0.0640824049625835,-0.535323119810013,0.31636652121444,-0.396660649466282,-0.231355328498667,0.210871319183707,-0.321846739653279,-0.0847608497636027,-0.0590000470305437,0.174277490398561,0.186029158625444,-0.204590556556699,0.156104996009625,-0.224709310655053,0.972949528075959,-1.06942747671766,0.917706691528665,-0.17544859426108,0.0652321475801442,-0.0806932472581696,0.0200184205056977,-0.773689454236345,0.611022622613717,-0.673203827271876,-0.205931636839548,0.190908844175252,-0.299273389450696,-0.0848903969256068,-0.0550230992796618,0.166095136906273,0.0103939863188818,-0.0896832441887524,-0.0470485577334314,-0.050018549014921,-0.928011764232749,1.14380263831276,-1.03319822046531,0.0832722254798136,0.149939315940416,0.812270525492589,0.208622040386305,-0.221909469911681,0.166738092846384,-0.0519603362986721,0.873851466283545,-1.0196231181038,-0.0686886345156736,-0.287579822291554,-0.747129039747142
6735.31982421875,-0.211983610897877,0.0018363761266763,0.469323281677592,-0.641448069582378,5.29769678474325,-1.32849940599973,-1.28629343999159,-0.706578202000684,2.59397330965399,2.53537997340692,0.172564859242649,-0.661131616852152,-0.599109564467246,4.68534727233391,2.18791947875951,2.09758209120881,0.390478294047706,-0.676914009309313,-0.610420556254294,5.72440577564169,2.69941678138196,2.64456638310238,-1.12622394967012,-0.499663055297737,-0.459133123814017,-0.150662345400436,-0.137881893101475,-1.09542052868858,-0.482991388339556,-0.452454947197622,-0.132053130867325,-0.11578375940243,-0.584867307644152,-0.491716543892917,5.76909222615016,3.45228159742381,3.25982526959618,-0.44602634159486,-0.130781764013622,-0.262904613448501,-0.266943615488728,-0.24109540919036,-0.244547150456313,13.3141669096665,12.1472601596958,2.97784024141045,-0.211983610897885,-1.0175791096296,0.629569119345442,0.79588810722833,-0.93866114295672,0.00183637612668535,0.174462457598718,0.14734779847331,-0.11998227111309,0.0709328668266795,-0.680090869057492,-0.0853818372467749,0.606037924956159,-0.425875778046447,-0.479639853283965,0.018366597156806,0.426550078655845,0.139167089991882,0.00203719286752872,0.523731327539782,-1.32849940599971,0.0307850222736437,1.47899322405527,-0.787065056497742,-0.8941677820049,-0.307071262436815,-0.118923708255655,0.0161056296171193,0.0520707344664316,0.71004613065746,-0.0986956092103144,-0.629051225363075,0.564481897724801,-0.102579062514101,-0.144584775014889,1.07641780061139,-0.235948046630148,-1.32900861938647,0.658434110903527,0.0197619705587645,-0.0900112358209805,0.0130595063236636,-0.853433671806651,0.0573170289996017,-0.7477566872538,-0.990737241763597,0.320032694306891,1.27452822515749,0.109918761620845,0.15124423405897,0.843762649284933,0.871187253418242,-0.282300509846139,-0.0494200521334932,-0.745409890281964,-1.28629343999157,0.0478044972625907,1.44634907545809,-0.748666671083521,-0.890193502143839,-0.332918728475367,-0.110366759459347,0.0119624638504481,0.0377097377468267,0.701315057322065,-0.075185626608895,-0.617635582945435,0.581292000424232,-0.105115919481634,-0.140043524307904,0.336115842444728,-0.239139696095253,-0.726074389080393,0.368850975224008,-0.108220472411201,-0.0632517321286396,0.0622475011572924,-0.535323119810013,-0.0198212150681893,-0.396660649466282,-0.231355328498667,0.00481406531476125,0.402701613346727,-0.0847608497636027,-0.0595559524796316,0.174277490398561,0.186029158625444,-0.0306302082880582,0.156104996009625,-0.224709310655053,0.972949528075959,-0.209010493299801,-1.19987723461233,0.539867697451454,0.0652321475801442,-0.0790871767205305,0.0169912633022472,-0.773689454236345,0.0470362725097193,-0.673203827271876,-0.205931636839548,0.0061926250216912,0.366771768644733,-0.0848903969256068,-0.0555572471308625,0.166095136906273,0.0103939863188818,-0.0401254685838368,-0.0470485577334314,-0.050018549014921,-0.928011764232749,0.284835502583046,1.21845648918688,0.0832722254798136,0.148194215330934,0.812270525492589,0.208622040386305,-0.0299856950380078,0.166738092846384,-0.0519603362986721,0.873851466283545,-0.278957345441979,-0.0686886345156736,-0.287579822291554,-0.747129039747142
0,-0.307223140483335,-0.653137775721146,-2.12993091808961,1.55838986135719,-0.188690710103128,-1.32849940599973,-1.28629343999159,1.41474243812483,2.59397330965399,2.53537997340692,-1.76012543922271,1.01074991911591,1.35915455194767,-0.17876758579041,2.10818914873633,2.020402518796,-1.82446308056466,1.65351710382121,1.40721812900486,-0.178560121049442,2.18783761806657,2.14084841992958,-1.12622394967012,-0.499663055297737,-0.459133123814017,-0.150662345400436,-0.137881893101475,-1.09542052868858,-0.482991388339556,-0.452454947197622,-0.132053130867325,-0.11578375940243,-0.584867307644152,-0.491716543892917,-0.173272696819296,-0.289555223122662,-0.306650229859764,2.24118191013093,-0.130781764013622,3.80223897600087,3.7447090330076,4.14618499614443,4.08766230299161,-0.075079888588345,-0.0822923157224407,2.97784024141045,-0.307223140483343,-0.917449890732883,0.761345937089723,0.553378705649552,-1.03191523669504,-0.653137775721136,0.361203653293681,0.713882499930785,-0.579841491653227,-0.273171967889907,-0.579477869256204,-0.0559415513090877,0.470251689729609,-0.436899470859975,0.577767893095068,-0.206780585613176,-0.38221664833277,0.8894275417093,-0.197793155144526,-0.1735776336434,-1.32849940599971,0.152480395174561,1.35070786505043,-0.945675889337096,-0.608377079417517,0.495786912576048,-0.327894114129209,-0.603886201369197,0.552337503714741,0.589045570785157,-0.130904364224469,-0.483625709787721,-0.669007101430994,0.121165729011983,-0.957612044483902,1.07641780061139,-0.330048281928656,-1.20923944534276,0.780477589828134,-0.686157168276603,0.0946297233799425,0.581220318928144,-0.737934951795638,0.0896315800167681,0.767297055901994,-0.990737241763597,0.411328299249733,1.15248682531569,0.880687724887195,-0.0585794514777169,0.738283700339559,0.871187253418242,-0.358093757522434,-0.579877999919536,-0.745409890281964,-1.28629343999157,0.166911368640582,1.32112773969252,-0.901516471048259,-0.611763025848614,0.472520828967944,-0.31971563466415,-0.596644784925024,0.527296080177595,0.579826323278603,-0.107817100946054,-0.469021114495877,-0.692310691077894,0.132120261309461,-0.97519851338405,0.336115842444728,-0.295216441941505,-0.654598384804546,0.436886435539062,-0.525272924493119,0.0445711328199134,0.369881044852901,-0.469897513481388,-0.00224618468863279,0.404848799928983,-0.231355328498667,0.0254197907016558,0.3655420296063,0.162893597136649,-0.123459136870174,0.144738538807216,0.186029158625444,-0.0480262431149223,-0.306981949128748,-0.224709310655053,0.972949528075959,-0.295052191641586,-1.09127366536121,0.642140414315048,-0.682891162513973,0.105535985148767,0.524513834859293,-0.663990225484874,0.0765200286583969,0.713689322178605,-0.205931636839548,0.0246642469370473,0.332612611806304,0.181185618966533,-0.116959323118966,0.138738524839015,0.0103939863188818,-0.0450812461443284,-0.171102950405866,-0.050018549014921,-0.928011764232749,0.370732216156017,1.10297689228847,0.810316944690952,-0.0524109167302273,0.70906222508977,0.208622040386305,-0.0491780725253751,-0.215426537744909,-0.0519603362986721,0.873851466283545,-0.353023922708161,-0.55703968859455,-0.287579822291554,-0.747129039747142
0,-1.5453370250943,-0.980624851645057,-2.12993091808961,1.55838986135719,-0.188690710103128,-1.32849940599973,-1.28629343999159,1.41474243812483,2.59397330965399,2.53537997340692,-1.76012543922271,0.309638307258336,0.537947019257543,-0.17876758579041,1.07169485843496,1.0170680774295,-1.82446308056466,1.42047399250815,1.20545426047895,-0.178560121049442,1.93204803640887,1.88898943834317,-1.12622394967012,-0.499663055297737,-0.459133123814017,-0.150662345400436,-0.137881893101475,-1.09542052868858,-0.482991388339556,-0.452454947197622,-0.132053130867325,-0.11578375940243,-0.584867307644152,-0.491716543892917,-0.173272696819296,-0.289555223122662,-0.306650229859764,2.24118191013093,-0.130781764013622,3.80223897600087,3.7447090330076,4.14618499614443,4.08766230299161,-0.075079888588345,-0.0822923157224407,2.97784024141045,-1.5453370250943,2.30747732834342,-2.81310442164129,2.89747837926436,-2.53328379623812,-0.980624851645047,1.58238039083168,-1.98357966768117,2.42412962075464,-2.62467875655406,-0.310102765906546,0.205922518816312,-0.585531293545417,0.675328791786867,1.06566778859668,-1.39172275194492,1.99216744391236,0.682450040812758,-0.838363192531079,-0.809472178513938,-1.32849940599971,1.73452024288648,-2.78106256741859,3.35664797950482,-3.37083448641257,0.89721600008248,-1.69443671088704,2.34810333080174,-2.71559071473961,0.265086058740566,-0.417393282828399,0.647105872999654,-1.23815287878259,1.2987271566725,-0.733318798038311,1.07641780061139,-1.55335134080927,2.64824465006647,-2.52995564486555,-1.03911673769429,1.30207215906609,-2.12398431051023,-0.428705729914102,0.377061527930339,1.46635999117585,-0.990737241763597,1.59817116350668,-2.77818033199014,1.26607220652037,-1.43070199148993,0.45588080181263,0.871187253418242,-1.34340597731427,-0.845106973812558,-0.745409890281964,-1.28629343999157,1.71530069655446,-2.71195769300247,3.24453919844091,-3.30307637023472,0.875240607689599,-1.68873319652796,2.30113892414484,-2.67086362609949,0.254559803510672,-0.398066003494322,0.686505633820855,-1.27996537984137,1.38068642385417,-0.744800800023883,0.336115842444728,-1.02421413794279,1.64747601705163,-1.40857758227852,-0.733799150534078,0.749668762509267,-1.09486567493756,-0.294730989261904,0.15407936858586,0.774674326498681,-0.231355328498667,0.293294220731285,-0.831280979446185,0.286720820586775,-0.541348087093043,0.0656527531386223,0.186029158625444,-0.274174695864155,-0.538525421697934,-0.224709310655053,0.972949528075959,-1.4135942700848,2.40659249624363,-2.13201027272668,-1.05695281756103,1.31286203683464,-1.89197174398044,-0.370288207448762,0.338770755571141,1.35361750977317,-0.205931636839548,0.264795331836676,-0.767573686286908,0.314223626912604,-0.518492506807556,0.0654956017826672,0.0103939863188818,-0.109506354430719,-0.233130146742083,-0.050018549014921,-0.928011764232749,1.48738949260465,-2.61634998740856,1.17383930429652,-1.36424958088866,0.432738622349958,0.208622040386305,-0.298678979861151,-0.406508853040556,-0.0519603362986721,0.873851466283545,-1.31588942716853,-0.801215215633988,-0.287579822291554,-0.747129039747142
0,1.50232792164038,-0.653137775721146,-2.12993091808961,-0.641448069582378,5.29769678474325,-1.32849940599973,-1.28629343999159,1.41474243812483,2.59397330965399,2.53537997340692,-1.76012543922271,2.03545150567698,-0.599109564467246,7.42141188002884,3.62306541917679,3.48681439463936,-1.82446308056466,1.65351710382121,-0.610420556254294,4.74057812619317,2.18783761806657,2.14084841992958,-1.12622394967012,-0.499663055297737,-0.459133123814017,-0.150662345400436,-0.137881893101475,-1.09542052868858,-0.482991388339556,-0.452454947197622,-0.132053130867325,-0.11578375940243,-0.584867307644152,-0.491716543892917,-0.173272696819296,-0.289555223122662,-0.306650229859764,-0.44602634159486,7.64346754124059,3.80223897600087,3.7447090330076,-0.24109540919036,-0.244547150456313,13.3141669096665,12.1472601596958,2.97784024141045,1.50232792164036,0.794109245335374,-0.269850023184392,-1.22325559283733,-1.52933299874447,-0.653137775721136,-0.736576390876082,-0.339737102146614,0.0415646133962204,0.827134656960204,-0.579477869256204,-0.967640213862918,-0.369340443361276,0.0690771760136865,0.577767893095068,0.636374199974161,0.403306763248078,0.8894275417093,1.12166438947811,-0.1735776336434,-1.32849940599971,-2.15973168994287,-0.842138345554773,0.295504865209939,1.48533789039354,0.495786912576048,0.900562952006152,0.549150928703361,-0.123671176070184,0.589045570785157,0.86652748582895,0.415567928094945,-0.669007101430994,-0.716737234749247,-0.957612044483902,1.07641780061139,1.45785618874301,0.838035329319202,-0.174551865269745,-0.686157168276603,-0.990803833970918,-0.475423462560038,-0.737934951795638,-0.911076531505484,0.767297055901994,-0.990737241763597,-1.32328819466427,-0.933628248579587,0.880687724887195,1.1748937193409,0.738283700339559,0.871187253418242,1.08197794832717,-0.579877999919536,-0.745409890281964,-1.28629343999157,-2.09611918754125,-0.819343579486601,0.294582349293633,1.42803060981976,0.472520828967944,0.910966307871026,0.535219733923635,-0.134280177395249,0.579826323278603,0.902705404620492,0.449890425878983,-0.692310691077894,-0.75630667207495,-0.97519851338405,0.336115842444728,0.770241729137296,0.567176931890619,-0.0955129123372735,-0.525272924493119,-0.589278238258766,-0.202244071332161,-0.469897513481388,-0.546504882627195,0.404848799928983,-0.231355328498667,-0.366088991649341,-0.269645438589402,0.162893597136649,0.252203235440159,0.144738538807216,0.186029158625444,0.282498418595495,-0.306981949128748,-0.224709310655053,0.972949528075959,1.33974007685234,0.765141806660988,-0.158176472078831,-0.682891162513973,-0.979792948498547,-0.419357261674713,-0.663990225484874,-0.836524807411028,0.713689322178605,-0.205931636839548,-0.326296569454718,-0.251287049165859,0.181185618966533,0.243999989792586,0.138738524839015,0.0103939863188818,0.0490785275050113,-0.171102950405866,-0.050018549014921,-0.928011764232749,-1.26130534173044,-0.870973981180557,0.810316944690952,1.12686990513249,0.70906222508977,0.208622040386305,0.315477099734605,-0.215426537744909,-0.0519603362986721,0.873851466283545,1.0542410453493,-0.55703968859455,-0.287579822291554,-0.747129039747142
44.7554588317871,-0.878660317996087,-0.325650699797235,0.469323281677592,1.55838986135719,-0.188690710103128,-1.32849940599973,-1.28629343999159,1.41474243812483,2.59397330965399,2.53537997340692,-0.250211143546648,0.687159944412415,0.980135690706072,-0.17876758579041,1.62980716859724,1.55732508431915,0.205899846163342,1.88656021513426,1.60898199753078,-0.178560121049442,2.44362719972426,2.39270740151598,-1.12622394967012,-0.499663055297737,-0.459133123814017,-0.150662345400436,-0.137881893101475,-1.09542052868858,-0.482991388339556,-0.452454947197622,-0.132053130867325,-0.11578375940243,1.70915035796891,2.03293173809087,-0.173272696819296,3.45228159742381,3.25982526959618,2.24118191013093,-0.130781764013622,3.80223897600087,3.7447090330076,4.14618499614443,4.08766230299161,-0.075079888588345,-0.0822923157224407,2.97784024141045,-0.878660317996093,0.127151739590268,0.638281770543895,-0.878664970227119,0.345726682405881,-0.325650699797225,0.440598173135914,0.110082365999694,-0.312824824346849,0.340869741015034,-0.702807236973186,0.326180694576184,-0.055444395989633,-0.44317039855927,0.0274851773315261,-0.083107030444538,0.0416248698344899,0.685654126037169,-0.467678666040357,0.365275385271113,-1.32849940599971,0.882652632580064,0.0123663036199829,-0.797551884807006,1.07924725844415,0.0943578250696166,-0.416739561293789,0.0568873569365158,0.261858245014842,0.737365594757455,-0.548960147691641,0.0793888268044092,-0.0270904154181826,-0.0017374913528327,-0.736790937153716,1.07641780061139,-0.894649693719707,0.0402567141904984,0.666503225647057,-0.333197598858919,0.17313131080103,-0.0243128882389255,-0.879510932426488,0.50906055008824,-0.0211479797679478,-0.990737241763597,0.959101928906787,-0.120714410511085,0.49530324325402,-0.147787677347304,0.867577649496993,0.871187253418242,-0.812853243580204,-0.314649026026515,-0.745409890281964,-1.28629343999157,0.881552596908527,0.0147517094661894,-0.758772598784935,1.03239839698342,0.0698010502462883,-0.408721991105966,0.0519953378718434,0.243018397627196,0.728744741215734,-0.531359599366578,0.106339445540494,-0.029518546530538,0.00180620837707781,-0.748367438455199,0.336115842444728,-0.631676917019022,0.0910775669128808,0.373349256826175,-0.31674669845216,0.0904128902251071,0.0420120292264197,-0.550094890330758,0.225870148636137,-0.0122625727025431,-0.231355328498667,0.149054143023023,-0.022126646780938,0.0390663736865232,-0.150628089185143,0.180946784560529,0.186029158625444,-0.152402452076107,-0.0754384765595617,-0.224709310655053,0.972949528075959,-0.8113023816923,0.0417369258394057,0.546629634220027,-0.308829507466914,0.18403000589131,-0.016392478365367,-0.798457307747402,0.459206499180885,-0.00806000429161737,-0.205931636839548,0.135493978429184,-0.0237540044228023,0.0481476110204633,-0.143064909099871,0.17227170321355,0.0103939863188818,-0.0748159115072778,-0.109075754069649,-0.050018549014921,-0.928011764232749,0.886112497593847,-0.101768101413766,0.446794585085383,-0.137699800517284,0.835572859470647,0.208622040386305,-0.164332337449579,-0.0243442224492625,-0.0519603362986721,0.873851466283545,-0.797423386305254,-0.312864161555112,-0.287579822291554,-0.747129039747142
0,-1.069139377167,-0.653137775721146,0.469323281677592,1.55838986135719,-0.188690710103128,-1.32849940599973,-1.28629343999159,1.41474243812483,2.59397330965399,2.53537997340692,-0.371004287200733,0.579296619511249,0.853796070292207,-0.17876758579041,1.47034650855087,1.40296593949354,0.0213213982789787,1.65351710382121,1.40721812900486,-0.178560121049442,2.18783761806657,2.14084841992958,-1.12622394967012,-0.499663055297737,-0.459133123814017,-0.150662345400436,-0.137881893101475,-1.09542052868858,-0.482991388339556,-0.452454947197622,-0.132053130867325,-0.11578375940243,1.70915035796891,2.03293173809087,-0.173272696819296,3.45228159742381,3.25982526959618,2.24118191013093,-0.130781764013622,3.80223897600087,3.7447090330076,4.14618499614443,4.08766230299161,-0.075079888588345,-0.0822923157224407,2.97784024141045,-1.06913937716701,0.644428975200017,0.0990627016715037,-0.815246104441951,0.980171520710378,-0.653137775721136,0.823426829786213,-0.247595344765605,-0.180744848905147,0.574445882762001,-0.579477869256204,0.327931569766209,-0.295915941317339,-0.111937132325917,0.577767893095068,-0.561793126913107,0.334610710645909,0.8894275417093,-0.753354226564584,-0.1735776336434,-1.32849940599971,1.1260433783819,-0.650368276819275,-0.148530402419433,1.00450985819474,0.495786912576048,-0.845139194607255,0.448314851545187,0.118172482839613,0.589045570785157,-0.55087566951012,0.33693112041125,-0.669007101430994,0.473966976911449,-0.957612044483902,1.07641780061139,-1.08285016431672,0.658995858900061,0.167112117300692,-0.686157168276603,0.55165437910662,-0.383017232873278,-0.737934951795638,0.510982363815611,0.767297055901994,-0.990737241763597,1.14169313879247,-0.751192093606072,0.880687724887195,-0.577936576032926,0.738283700339559,0.871187253418242,-0.964439738932794,-0.579877999919536,-0.745409890281964,-1.28629343999157,1.11976633966451,-0.632153830374166,-0.133324752758972,0.959585776558346,0.472520828967944,-0.837897505205277,0.436235256339604,0.102400249297158,0.579826323278603,-0.533300261184599,0.369529236659565,-0.692310691077894,0.506194759576582,-0.97519851338405,0.336115842444728,-0.743830408711527,0.460329522651965,0.0949541780151277,-0.525272924493119,0.311455078537252,-0.152210251210397,-0.469897513481388,0.22691537233813,0.404848799928983,-0.231355328498667,0.190265593796812,-0.214096652793704,0.162893597136649,-0.28163276731663,0.144738538807216,0.186029158625444,-0.187194521729835,-0.306981949128748,-0.224709310655053,0.972949528075959,-0.983385778375871,0.602793475551582,0.128138733451327,-0.682891162513973,0.562516588789741,-0.336813294758848,-0.663990225484874,0.460959959634997,0.713689322178605,-0.205931636839548,0.172437222259896,-0.20022351467004,0.181185618966533,-0.268942191713304,0.138738524839015,0.0103939863188818,-0.0847274666282609,-0.171102950405866,-0.050018549014921,-0.928011764232749,1.05790592473979,-0.698346875433284,0.810316944690952,-0.548950210146109,0.70906222508977,0.208622040386305,-0.202717092424314,-0.215426537744909,-0.0519603362986721,0.873851466283545,-0.945556540837618,-0.55703968859455,-0.287579822291554,-0.747129039747142
0,0.359453566614875,-0.653137775721146,-2.12993091808961,1.55838986135719,-0.188690710103128,-1.32849940599973,-1.28629343999159,1.41474243812483,2.59397330965399,2.53537997340692,-1.76012543922271,1.38827155626999,1.8013432233962,-0.17876758579041,2.6663014588986,2.56065952568566,-1.82446308056466,1.65351710382121,1.40721812900486,-0.178560121049442,2.18783761806657,2.14084841992958,-1.12622394967012,-0.499663055297737,-0.459133123814017,-0.150662345400436,-0.137881893101475,-1.09542052868858,-0.482991388339556,-0.452454947197622,-0.132053130867325,-0.11578375940243,-0.584867307644152,-0.491716543892917,-0.173272696819296,-0.289555223122662,-0.306650229859764,2.24118191013093,-0.130781764013622,3.80223897600087,3.7447090330076,4.14618499614443,4.08766230299161,-0.075079888588345,-0.0822923157224407,2.97784024141045,0.359453566614864,-1.17452810606709,-0.50564242883601,1.14429061438513,0.764547960487831,-0.653137775721136,-0.0432416261372843,0.872137415717925,0.183654813552999,-0.639136020502379,-0.579477869256204,-0.391830532249973,0.59635942543979,0.184773372824005,0.577767893095068,0.103855388024264,-0.500203197845942,0.8894275417093,0.288322782348025,-0.1735776336434,-1.32849940599971,-0.69938721513186,1.68007597068291,0.579312218261767,-1.30475061572321,0.495786912576048,0.124695331289082,-0.777073747955554,-0.278246755289376,0.589045570785157,0.236570527900474,-0.618685662316015,-0.669007101430994,-0.187535362900049,-0.957612044483902,1.07641780061139,0.328653365160903,-1.51674254837772,-0.392928101563205,-0.686157168276603,-0.305266850380901,0.739929470055093,-0.737934951795638,-0.27905035580722,0.767297055901994,-0.990737241763597,-0.227740935350162,1.46582378743242,0.880687724887195,0.395858032508091,0.738283700339559,0.871187253418242,0.172458976211632,-0.579877999919536,-0.745409890281964,-1.28629343999157,-0.666836731005355,1.64262907441863,0.56808130498243,-1.29020222501641,0.472520828967944,0.133693502059336,-0.766652180155403,-0.285555651024556,0.579826323278603,0.264480664262674,-0.607042719400653,-0.692310691077894,-0.195194924674269,-0.97519851338405,0.336115842444728,0.0973207789822635,-0.838110488673126,-0.217250901855525,-0.525272924493119,-0.188952319682758,0.455814916909814,-0.469897513481388,-0.20276254708705,0.404848799928983,-0.231355328498667,-0.118820287006606,0.460947941844608,0.162893597136649,0.0149427897704753,0.144738538807216,0.186029158625444,0.0737460006731262,-0.306981949128748,-0.224709310655053,0.972949528075959,0.307239696750913,-1.37010947442509,-0.341176261833886,-0.682891162513973,-0.294322043037086,0.666284394747691,-0.663990225484874,-0.259864910946128,0.713689322178605,-0.205931636839548,-0.104637106470445,0.420315034476778,0.181185618966533,0.0160256869010794,0.138738524839015,0.0103939863188818,-0.0103908032208874,-0.171102950405866,-0.050018549014921,-0.928011764232749,-0.230544778854784,1.39946665826555,0.810316944690952,0.38206096500867,0.70906222508977,0.208622040386305,0.0851685698861964,-0.215426537744909,-0.0519603362986721,0.873851466283545,0.165442118155114,-0.55703968859455,-0.287579822291554,-0.747129039747142
3701.81201171875,-0.878660317996087,-0.653137775721146,0.469323281677592,1.55838986135719,-0.188690710103128,-1.32849940599973,-1.28629343999159,1.41474243812483,2.59397330965399,2.53537997340692,-0.250211143546648,0.687159944412415,0.980135690706072,-0.17876758579041,1.62980716859724,1.55732508431915,0.0213213982789787,1.65351710382121,1.40721812900486,-0.178560121049442,2.18783761806657,2.14084841992958,-1.12622394967012,-0.499663055297737,-0.459133123814017,-0.150662345400436,-0.137881893101475,-1.09542052868858,-0.482991388339556,-0.452454947197622,-0.132053130867325,-0.11578375940243,1.70915035796891,2.03293173809087,-0.173272696819296,3.45228159742381,3.25982526959618,2.24118191013093,-0.130781764013622,3.80223897600087,3.7447090330076,4.14618499614443,4.08766230299161,-0.075079888588345,-0.0822923157224407,2.97784024141045,-0.878660317996093,0.127151739590268,0.638281770543895,-0.878664970227119,0.345726682405881,-0.653137775721136,0.70787103566308,0.0708356247881729,-0.505682139453989,0.613722507232963,-0.579477869256204,0.231963289497385,-0.0421695831034994,-0.376515609074279,0.577767893095068,-0.473039991588124,0.0972053120905911,0.8894275417093,-0.61446395870957,-0.1735776336434,-1.32849940599971,0.882652632580064,0.0123663036199829,-0.797551884807006,1.07924725844415,0.495786912576048,-0.715827924487744,0.0998373454921651,0.471661814553427,0.589045570785157,-0.445882843188707,0.0651716529877008,-0.669007101430994,0.385766664936583,-0.957612044483902,1.07641780061139,-0.894649693719707,0.0402567141904984,0.666503225647057,-0.686157168276603,0.437398215174951,-0.063672278443003,-0.737934951795638,0.4056446678659,0.767297055901994,-0.990737241763597,0.959101928906787,-0.120714410511085,0.880687724887195,-0.448097294894123,0.738283700339559,0.871187253418242,-0.812853243580204,-0.579877999919536,-0.745409890281964,-1.28629343999157,0.881552596908527,0.0147517094661894,-0.758772598784935,1.03239839698342,0.472520828967944,-0.708352037569995,0.0941566584947416,0.448342773646925,0.579826323278603,-0.426929471124963,0.0918105114585635,-0.692310691077894,0.412676135009802,-0.97519851338405,0.336115842444728,-0.631676917019022,0.0910775669128808,0.373349256826175,-0.525272924493119,0.244734092107918,0.0207006884623962,-0.469897513481388,0.169624983081439,0.404848799928983,-0.231355328498667,0.149054143023023,-0.022126646780938,0.162893597136649,-0.242089359705016,0.144738538807216,0.186029158625444,-0.152402452076107,-0.306981949128748,-0.224709310655053,0.972949528075959,-0.8113023816923,0.0417369258394057,0.546629634220027,-0.682891162513973,0.448271437879498,-0.0515511490940301,-0.663990225484874,0.364849976890847,0.713689322178605,-0.205931636839548,0.135493978429184,-0.0237540044228023,0.181185618966533,-0.230946474564719,0.138738524839015,0.0103939863188818,-0.0748159115072778,-0.171102950405866,-0.050018549014921,-0.928011764232749,0.886112497593847,-0.101768101413766,0.810316944690952,-0.424815386792139,0.70906222508977,0.208622040386305,-0.164332337449579,-0.215426537744909,-0.0519603362986721,0.873851466283545,-0.797423386305254,-0.55703968859455,-0.287579822291554,-0.747129039747142
6930.3359375,0.74041168495671,-0.653137775721146,-2.12993091808961,1.55838986135719,-0.188690710103128,-1.32849940599973,-1.28629343999159,1.41474243812483,2.59397330965399,2.53537997340692,-1.76012543922271,1.60399820607232,2.05402246422393,-0.17876758579041,2.98522277899133,2.8693778153369,-1.82446308056466,1.65351710382121,1.40721812900486,-0.178560121049442,2.18783761806657,2.14084841992958,-1.12622394967012,-0.499663055297737,-0.459133123814017,-0.150662345400436,-0.137881893101475,-1.09542052868858,-0.482991388339556,-0.452454947197622,-0.132053130867325,-0.11578375940243,-0.584867307644152,-0.491716543892917,-0.173272696819296,-0.289555223122662,-0.306650229859764,2.24118191013093,-0.130781764013622,3.80223897600087,3.7447090330076,4.14618499614443,4.08766230299161,-0.075079888588345,-0.0822923157224407,2.97784024141045,0.740411684956697,-0.856469039936997,-1.131918230045,0.222810485358461,1.26946330696852,-0.653137775721136,-0.27435321438355,0.676343265442226,0.561053117375439,-0.0684441839779464,-0.579477869256204,-0.583767092787621,0.440338003711708,0.492067953215504,0.577767893095068,0.28136165867423,-0.354229367642997,0.8894275417093,0.566103318058054,-0.1735776336434,-1.32849940599971,-1.18616870673553,1.27257931852856,1.33311799470459,-0.218811465404144,0.495786912576048,0.383317871528105,-0.562804836601052,-0.688806817456413,0.589045570785157,0.4465561805433,-0.451588491842512,-0.669007101430994,-0.363935986849782,-0.957612044483902,1.07641780061139,0.705054306354938,-1.1362974388757,-0.97294573178222,-0.686157168276603,-0.53377917824424,0.543573336463168,-0.737934951795638,-0.489725747706641,0.767297055901994,-0.990737241763597,-0.592923355121531,1.07816098440055,0.880687724887195,0.655536594785695,0.738283700339559,0.871187253418242,0.475631966916812,-0.579877999919536,-0.745409890281964,-1.28629343999157,-1.14326421651732,1.24486524931338,1.29450748961918,-0.232230247224297,0.472520828967944,0.3927844373299,-0.556317775538938,-0.6873504763865,0.579826323278603,0.477222244381946,-0.436281370739817,-0.692310691077894,-0.38223217380783,-0.97519851338405,0.336115842444728,0.321627762367274,-0.611067958818428,-0.540592769938256,-0.525272924493119,-0.322394292541428,0.349496895914405,-0.469897513481388,-0.317343325600432,0.404848799928983,-0.231355328498667,-0.201243188554184,0.342911042800645,0.162893597136649,0.0940296049937034,0.144738538807216,0.186029158625444,0.143330139980582,-0.306981949128748,-0.224709310655053,0.972949528075959,0.651406490118055,-1.02513175268701,-0.827232373917742,-0.682891162513973,-0.522812344857573,0.490884811300977,-0.663990225484874,-0.452084876434428,0.713689322178605,-0.205931636839548,-0.178523594131869,0.311808949604303,0.181185618966533,0.0920171211982483,0.138738524839015,0.0103939863188818,0.00943230702107881,-0.171102950405866,-0.050018549014921,-0.928011764232749,-0.57413163314667,1.03264733068773,0.810316944690952,0.630330611716611,0.70906222508977,0.208622040386305,0.161938079835666,-0.215426537744909,-0.0519603362986721,0.873851466283545,0.461708427219843,-0.55703968859455,-0.287579822291554,-0.747129039747142
3795.79907226562,0.454693096200334,0.0018363761266763,0.469323281677592,1.55838986135719,-0.188690710103128,-1.32849940599973,-1.28629343999159,-0.706578202000684,2.59397330965399,2.53537997340692,0.595340862031945,-0.661131616852152,1.86451303360313,-0.17876758579041,2.74603178892178,2.63783909809847,0.390478294047706,-0.676914009309313,1.8107458660567,-0.178560121049442,2.69941678138196,2.64456638310238,-1.12622394967012,-0.499663055297737,-0.459133123814017,-0.150662345400436,-0.137881893101475,-1.09542052868858,-0.482991388339556,-0.452454947197622,-0.132053130867325,-0.11578375940243,-0.584867307644152,2.03293173809087,-0.173272696819296,3.45228159742381,3.25982526959618,-0.44602634159486,-0.130781764013622,-0.262904613448501,-0.266943615488728,4.14618499614443,4.08766230299161,-0.075079888588345,-0.0822923157224407,2.97784024141045,0.454693096200323,-1.1267152193162,-0.693892595737262,0.987009405809045,1.0180488346498,0.00183637612668535,0.175599604588688,0.147158904876278,-0.12222461661937,0.071265665517098,-0.680090869057492,-0.47959021184464,0.668869075106886,0.336257177980103,-0.479639853283965,-0.239510994521108,0.468131329548468,0.139167089991882,0.0780988586548304,0.523731327539782,-1.32849940599971,-0.821082588032777,1.61881819388728,0.805896197640422,-1.11939900951693,-0.307071262436815,-0.120196218411476,0.0163123468522407,0.0545101135021454,0.71004613065746,0.332582843343611,-0.696342673495628,0.564481897724801,0.153692267552555,-0.144584775014889,1.07641780061139,0.422753600459412,-1.45955135066443,-0.567273678198317,0.0197619705587645,-0.0888868780690709,0.0128700705498098,-0.853433671806651,-0.375378042620945,-0.7477566872538,-0.990737241763597,-0.319036540293004,1.40754757501559,0.109918761620845,0.149966527918423,0.843762649284933,0.871187253418242,0.248252223887927,-0.0494200521334932,-0.745409890281964,-1.28629343999157,-0.785943602383346,1.58283440497324,0.786435343626936,-1.1096241462655,-0.332918728475367,-0.111641574276757,0.0121653852462696,0.0400970373503801,0.701315057322065,0.361753079978743,-0.68640262671939,0.581292000424232,0.166608088825303,-0.140043524307904,0.336115842444728,0.153397524828516,-0.803979850928191,-0.31444316206298,-0.108220472411201,-0.0625951525995759,0.0621449302000554,-0.535323119810013,-0.255152630466029,-0.396660649466282,-0.231355328498667,-0.139426012393501,0.443203800936809,-0.0847608497636027,-0.059945086293993,0.174277490398561,0.186029158625444,0.0911420354999903,0.156104996009625,-0.224709310655053,0.972949528075959,0.393281395092698,-1.31824998511157,-0.487278257227167,0.0652321475801442,-0.0779629273441832,0.0168220454875753,-0.773689454236345,-0.347754172563079,-0.673203827271876,-0.205931636839548,-0.123108728385801,0.404003632915697,-0.0848903969256068,-0.055931150626703,0.166095136906273,0.0103939863188818,-0.00543502566039588,-0.0470485577334314,-0.050018549014921,-0.928011764232749,-0.316441492427755,1.34432378439336,0.0832722254798136,0.146972644904297,0.812270525492589,0.208622040386305,0.104360947373564,0.166738092846384,-0.0519603362986721,0.873851466283545,0.239508695421297,-0.0686886345156736,-0.287579822291554,-0.747129039747142
5193.2470703125,-0.0215045517269594,0.329323452050587,0.469323281677592,1.55838986135719,-0.188690710103128,-1.32849940599973,-1.28629343999159,-0.706578202000684,2.59397330965399,2.53537997340692,0.293358002896733,-0.661131616852152,1.54866398256847,-0.17876758579041,2.34738013880587,2.25194123603443,0.57505674193207,-0.676914009309313,2.01250973458261,-0.178560121049442,2.95520636303966,2.89642536468878,-1.12622394967012,-0.499663055297737,-0.459133123814017,-0.150662345400436,-0.137881893101475,-1.09542052868858,-0.482991388339556,-0.452454947197622,-0.132053130867325,-0.11578375940243,-0.584867307644152,2.03293173809087,-0.173272696819296,3.45228159742381,3.25982526959618,-0.44602634159486,-0.130781764013622,-0.262904613448501,-0.266943615488728,4.14618499614443,4.08766230299161,-0.075079888588345,-0.0822923157224407,2.97784024141045,-0.0215045517269686,-1.15443378785978,0.291775307291077,1.1490625776466,-0.503324061423783,0.329323452050596,0.168246054053574,-0.209217377768924,-0.0323944686050088,0.428367470376661,-0.511328765509124,-0.201168161626497,0.519903149055592,-0.189658515212882,-0.838066693341424,-0.0490966721827093,0.807379843594373,-0.586048574206498,0.036554416560135,0.164637934131594,-1.32849940599971,-0.212605723528191,1.65433116957904,-0.380485517129196,-1.31037424402108,-0.708500349943247,-0.111967319403864,0.406315613075608,-0.0432133547268011,0.507087178485172,0.0279788858618256,-0.536801858750853,0.98259455646692,-0.0355360067301917,0.641302459064514,1.07641780061139,-0.0477475760331307,-1.49270680814946,0.345590526667646,0.372721539976448,-0.0961577248647286,-0.344529110506111,-0.659703169936127,-0.0697735534145122,-1.26131063797538,-0.990737241763597,0.137441484421207,1.44133204815884,-0.27546572001233,0.158229027627263,0.666838699703377,0.871187253418242,-0.130714014493549,0.215808921759528,-0.745409890281964,-1.28629343999157,-0.190409245493391,1.6174991733274,-0.356854837366083,-1.29568102293148,-0.735638507197023,-0.103397771790869,0.395007227681595,-0.05554008732162,0.497537271597596,0.0531513902457606,-0.523363332786005,1.01300189640995,-0.0340302937816729,0.66723277384298,0.336115842444728,-0.126986204402747,-0.823766408194608,0.194450364493726,0.100305753629758,-0.0668410335541734,-0.131370662820403,-0.425582201919154,-0.0889424244483542,-0.668346288432616,-0.231355328498667,-0.0363973854590278,0.453490613121197,-0.208588073213729,-0.0574286876277973,0.124730656321311,0.186029158625444,0.0041618613656699,0.387648468578811,-0.224709310655053,0.972949528075959,-0.0369270966162297,-1.34831449087257,0.277704052207338,0.439293802627203,-0.0852330733112047,-0.302432903846909,-0.589686664951705,-0.068921016783905,-1.14331550439655,-0.205931636839548,-0.0307506188090209,0.413459843007515,-0.217928404871677,-0.0535132413536093,0.120208825917183,0.0103939863188818,-0.0302139134628537,0.014978638602786,-0.050018549014921,-0.928011764232749,0.113042075437103,1.37629176693915,-0.280250134125756,0.154872133663192,0.639155223155597,0.208622040386305,0.00839905993672694,0.357820408142031,-0.0519603362986721,0.873851466283545,-0.130824190909614,0.175486892523764,-0.287579822291554,-0.747129039747142
2193.52807617188,-0.973899847581546,-1.63559900349288,-2.12993091808961,1.55838986135719,-0.188690710103128,-1.32849940599973,-1.28629343999159,1.41474243812483,2.59397330965399,2.53537997340692,-1.76012543922271,0.633228281961832,0.91696588049914,-0.17876758579041,1.55007683857406,1.48014551190635,-1.82446308056466,0.95438776988205,0.801926523427117,-0.178560121049442,1.42046887309348,1.38527147517037,-1.12622394967012,-0.499663055297737,-0.459133123814017,-0.150662345400436,-0.137881893101475,-1.09542052868858,-0.482991388339556,-0.452454947197622,-0.132053130867325,-0.11578375940243,-0.584867307644152,-0.491716543892917,-0.173272696819296,-0.289555223122662,-0.306650229859764,2.24118191013093,-0.130781764013622,3.80223897600087,3.7447090330076,4.14618499614443,4.08766230299161,-0.075079888588345,-0.0822923157224407,2.97784024141045,-0.973899847581551,0.375223064134599,0.407106699202721,-0.912682947238981,0.708155675670701,-1.63559900349287,1.65437804025349,-0.429324542105971,-0.735397160558114,1.48503976314852,0.666784647690796,-0.775331949076432,0.23199823993285,0.166520862190706,1.43215709717418,-1.18846382708497,0.465717171532699,-0.756168415345631,0.62995823852692,-1.0770181279137,-1.32849940599971,1.00434800548098,-0.305462191185327,-0.519302104422461,1.11933651472671,1.70007417509534,-1.77500478246667,0.647191667939434,0.721561754192754,-0.909751429565495,0.656135175074384,-0.22845897129989,-1.66567058137801,1.09673428601301,0.82565453254412,1.07641780061139,-0.988749929018216,0.336986259991208,0.452403276732899,-1.74503587652965,1.37326006701528,-0.565268043228295,0.692712437601029,-0.699993145745617,1.99146584621456,-0.990737241763597,1.05039753384963,-0.423073422611533,2.03684116978672,-1.51159904313106,-0.568251843349713,0.871187253418242,-0.888646491256499,-1.3755649215986,-0.745409890281964,-1.28629343999157,1.00065946828652,-0.295485631510348,-0.490629354653016,1.07145519841195,1.68068016513291,-1.76944718610991,0.63146020289797,0.692907483802518,-0.925017541517588,0.689551829261682,-0.208258970684003,-1.7213861765108,1.16651376376479,0.856602257124368,0.336115842444728,-0.687753662865274,0.26816021320951,0.253995165102823,-1.150851602616,0.791239626406388,-0.250890873645264,0.340509501287408,-0.431702207034439,1.05247127373412,-0.231355328498667,0.169659868409918,-0.114189955169591,0.534375267487027,-0.565985816596515,-0.221151437944408,0.186029158625444,-0.169798486902971,-1.00161236683631,-0.224709310655053,0.972949528075959,-0.897344080034086,0.310803553655163,0.367213383153188,-1.80507612765515,1.38404308306251,-0.499612977327107,0.694820635944215,-0.643932588832002,1.83430389887286,-0.205931636839548,0.15396560034454,-0.108383719660742,0.580299642804744,-0.542165939572676,-0.200119478375465,0.0103939863188818,-0.0797716890677693,-0.357184539414518,-0.050018549014921,-0.928011764232749,0.972009211166818,-0.387870169082768,1.90088402350766,-1.44159243990059,-0.56934748820647,0.208622040386305,-0.183524714936947,-0.788673483631849,-0.0519603362986721,0.873851466283545,-0.871489963571436,-1.28956626971286,-0.287579822291554,-0.747129039747142
11120.5302734375,-0.211983610897877,-0.325650699797235,-2.12993091808961,1.55838986135719,-0.188690710103128,-1.32849940599973,-1.28629343999159,1.41474243812483,2.59397330965399,2.53537997340692,-1.76012543922271,1.06468158156649,1.4223243621546,-0.17876758579041,2.18791947875951,2.09758209120881,-1.82446308056466,1.88656021513426,1.60898199753078,-0.178560121049442,2.44362719972426,2.39270740151598,-1.12622394967012,-0.499663055297737,-0.459133123814017,-0.150662345400436,-0.137881893101475,-1.09542052868858,-0.482991388339556,-0.452454947197622,-0.132053130867325,-0.11578375940243,-0.584867307644152,-0.491716543892917,-0.173272696819296,-0.289555223122662,-0.306650229859764,2.24118191013093,-0.130781764013622,3.80223897600087,3.7447090330076,4.14618499614443,4.08766230299161,-0.075079888588345,-0.0822923157224407,2.97784024141045,-0.211983610897885,-1.0175791096296,0.629569119345442,0.79588810722833,-0.93866114295672,-0.325650699797225,0.238944106915416,0.461434448853192,-0.310207052133964,-0.17621511222735,-0.702807236973186,-0.0811950123301166,0.62560593549192,-0.437985515474184,0.0274851773315261,-0.0683296692878948,0.0166320217130701,0.685654126037169,-0.0929349318474124,0.365275385271113,-1.32849940599971,0.0307850222736437,1.47899322405527,-0.787065056497742,-0.8941677820049,0.0943578250696166,-0.191081093662554,-0.327617635624028,0.259010450757222,0.737365594757455,-0.103276149573042,-0.650008342380122,-0.0270904154181826,-0.0164228076451386,-0.736790937153716,1.07641780061139,-0.235948046630148,-1.32900861938647,0.658434110903527,-0.333197598858919,-0.0262547972034364,0.328047672183523,-0.879510932426488,0.0619126150498073,-0.0211479797679478,-0.990737241763597,0.320032694306891,1.27452822515749,0.49530324325402,0.078792211575327,0.867577649496993,0.871187253418242,-0.282300509846139,-0.314649026026515,-0.745409890281964,-1.28629343999157,0.0478044972625907,1.44634907545809,-0.748666671083521,-0.890193502143839,0.0698010502462883,-0.182654830152928,-0.325449192793063,0.240231402247354,0.728744741215734,-0.0798262836361835,-0.639052256583492,-0.029518546530538,-0.0137646048120629,-0.748367438455199,0.336115842444728,-0.239139696095253,-0.726074389080393,0.368850975224008,-0.31674669845216,-0.0260205462616968,0.23279943563769,-0.550094890330758,-0.0173217972547924,-0.0122625727025431,-0.231355328498667,0.00481406531476125,0.402701613346727,0.0390663736865232,-0.0816216927719991,0.180946784560529,0.186029158625444,-0.0306302082880582,-0.0754384765595617,-0.224709310655053,0.972949528075959,-0.209010493299801,-1.19987723461233,0.539867697451454,-0.308829507466914,-0.0153368835134428,0.298361608459298,-0.798457307747402,0.0512292795050059,-0.00806000429161737,-0.205931636839548,0.0061926250216912,0.366771768644733,0.0481476110204633,-0.0767593558377682,0.17227170321355,0.0103939863188818,-0.0401254685838368,-0.109075754069649,-0.050018549014921,-0.928011764232749,0.284835502583046,1.21845648918688,0.446794585085383,0.078925355138846,0.835572859470647,0.208622040386305,-0.0299856950380078,-0.0243442224492625,-0.0519603362986721,0.873851466283545,-0.278957345441979,-0.312864161555112,-0.287579822291554,-0.747129039747142
7609.51806640625,-0.68818125882517,0.329323452050587,-2.12993091808961,1.55838986135719,-0.188690710103128,-1.32849940599973,-1.28629343999159,-0.706578202000684,2.59397330965399,2.53537997340692,-1.76012543922271,-0.661131616852152,1.10647531111994,-0.17876758579041,1.7892678286436,1.71168422914477,-1.82446308056466,-0.676914009309313,2.01250973458261,-0.178560121049442,2.95520636303966,2.89642536468878,-1.12622394967012,-0.499663055297737,-0.459133123814017,-0.150662345400436,-0.137881893101475,-1.09542052868858,-0.482991388339556,-0.452454947197622,-0.132053130867325,-0.11578375940243,-0.584867307644152,-0.491716543892917,-0.173272696819296,-0.289555223122662,-0.306650229859764,-0.44602634159486,-0.130781764013622,-0.262904613448501,-0.266943615488728,4.14618499614443,4.08766230299161,-0.075079888588345,-0.0822923157224407,2.97784024141045,-0.688181258825176,-0.305587149935131,0.895043790976805,-0.536140016360194,-0.403069827270686,0.329323452050596,-0.0356823061468641,0.0542573848665722,0.150905675411638,-0.0978747165648851,-0.511328765509124,0.0952188223890813,0.152477850997048,-0.45085256406646,-0.838066693341424,0.401488530578602,0.242284623242,-0.586048574206498,0.356858813160074,0.164637934131594,-1.32849940599971,0.63926188677823,0.566790520744687,-1.10659894330714,0.675590960659174,-0.708500349943247,0.116236168539013,0.117979876385827,-0.242619970391158,0.507087178485172,-0.296279369569098,-0.143293537996231,0.98259455646692,-0.483314615443966,0.641302459064514,1.07641780061139,-0.70644922312269,-0.477362218086493,0.904300212748024,0.372721539976448,-0.297792548373015,-0.08029810249434,-0.659703169936127,0.255549792155816,-1.26131063797538,-0.990737241763597,0.776510719021102,0.406724637007538,-0.27546572001233,0.387364328830987,0.666838699703377,0.871187253418242,-0.661266748227614,0.215808921759528,-0.745409890281964,-1.28629343999157,0.643338854152546,0.555933817757422,-1.05659450808214,0.639137824703346,-0.735638507197023,0.125219018796989,0.111966047685321,-0.25068947884787,0.497537271597596,-0.275362547534696,-0.121225993351072,1.01300189640995,-0.508809108728172,0.66723277384298,0.336115842444728,-0.519523425326516,-0.217827736242899,0.505913713538703,0.100305753629758,-0.184587629099105,0.0116985519962668,-0.425582201919154,0.0879923464707943,-0.668346288432616,-0.231355328498667,0.107842692249234,0.138469802289985,-0.208588073213729,0.0123559764140694,0.124730656321311,0.186029158625444,-0.117610382422379,0.387648468578811,-0.224709310655053,0.972949528075959,-0.639218985008729,-0.427626447550119,0.745904057950745,0.439293802627203,-0.286848461468652,-0.066402544666543,-0.589686664951705,0.227903599011379,-1.14331550439655,-0.205931636839548,0.0985507345984714,0.123875186739001,-0.217928404871677,0.0135401189001742,0.120208825917183,0.0103939863188818,-0.0649043563862946,0.014978638602786,-0.050018549014921,-0.928011764232749,0.714319070447904,0.397312117879699,-0.280250134125756,0.373940430172597,0.639155223155597,0.208622040386305,-0.125947582474845,0.357820408142031,-0.0519603362986721,0.873851466283545,-0.64929023177289,0.175486892523764,-0.287579822291554,-0.747129039747142
2169.02709960938,-0.783420788410629,-0.653137775721146,-2.12993091808961,1.55838986135719,-0.188690710103128,-1.32849940599973,-1.28629343999159,1.41474243812483,2.59397330965399,2.53537997340692,-1.76012543922271,0.741091606862997,1.043305500913,-0.17876758579041,1.70953749862042,1.63450465673196,-1.82446308056466,1.65351710382121,1.40721812900486,-0.178560121049442,2.18783761806657,2.14084841992958,-1.12622394967012,-0.499663055297737,-0.459133123814017,-0.150662345400436,-0.137881893101475,-1.09542052868858,-0.482991388339556,-0.452454947197622,-0.132053130867325,-0.11578375940243,-0.584867307644152,-0.491716543892917,-0.173272696819296,-0.289555223122662,-0.306650229859764,2.24118191013093,-0.130781764013622,3.80223897600087,3.7447090330076,4.14618499614443,4.08766230299161,-0.075079888588345,-0.0822923157224407,2.97784024141045,-0.783420788410635,-0.0997849984329752,0.798842579775198,-0.743811221480749,-0.0415316024030472,-0.653137775721136,0.650093138601513,0.210535732470142,-0.602437238321414,0.530204771896053,-0.579477869256204,0.183979149362973,0.0691524833903946,-0.4552979385285,0.577767893095068,-0.428663423925633,-0.00694774748440575,0.8894275417093,-0.545018824782062,-0.1735776336434,-1.32849940599971,0.760957259679147,0.303117207596654,-0.990808059219693,0.920325800761001,0.495786912576048,-0.651172289427988,-0.0530445968282395,0.576918724835349,0.589045570785157,-0.393386430028001,-0.0540530157556222,-0.669007101430994,0.341666508949149,-0.957612044483902,1.07641780061139,-0.800549458421199,-0.231192778502069,0.815204644249866,-0.686157168276603,0.380270133209116,0.0764288071521547,-0.737934951795638,0.352975819891045,0.767297055901994,-0.990737241763597,0.867806323963944,0.155884942695272,0.880687724887195,-0.383177654324722,0.738283700339559,0.871187253418242,-0.737059995903909,-0.579877999919536,-0.745409890281964,-1.28629343999157,0.762445725530536,0.298558192555446,-0.945009358734665,0.877569787250318,0.472520828967944,-0.643579303752354,-0.0559179935455133,0.551352505430471,0.579826323278603,-0.373744076095145,-0.030028566788902,-0.692310691077894,0.365916822726412,-0.97519851338405,0.336115842444728,-0.575600171172769,-0.0709184162379221,0.456245693024897,-0.525272924493119,0.21137359889325,0.0965591293845505,-0.469897513481388,0.140979788453094,0.404848799928983,-0.231355328498667,0.128448417636128,0.0620932723722539,0.162893597136649,-0.222317655899209,0.144738538807216,0.186029158625444,-0.135006417249243,-0.306981949128748,-0.224709310655053,0.972949528075959,-0.725260683350514,-0.204406407895688,0.671241766027371,-0.682891162513973,0.391148862424376,0.0735973329233082,-0.663990225484874,0.316794985518772,0.713689322178605,-0.205931636839548,0.117022356513827,0.0536656310437785,0.181185618966533,-0.211948615990427,0.138738524839015,0.0103939863188818,-0.0698601339467862,-0.171102950405866,-0.050018549014921,-0.928011764232749,0.800215784020875,0.159959327573723,0.810316944690952,-0.362747975115154,0.70906222508977,0.208622040386305,-0.145139959962212,-0.215426537744909,-0.0519603362986721,0.873851466283545,-0.723356809039072,-0.55703968859455,-0.287579822291554,-0.747129039747142
0,0.930890744127627,-0.325650699797235,-2.12993091808961,1.55838986135719,-0.188690710103128,-1.32849940599973,-1.28629343999159,1.41474243812483,2.59397330965399,2.53537997340692,-1.76012543922271,1.71186153097349,2.18036208463779,-0.17876758579041,3.14468343903769,3.02373696016251,-1.82446308056466,1.88656021513426,1.60898199753078,-0.178560121049442,2.44362719972426,2.39270740151598,-1.12622394967012,-0.499663055297737,-0.459133123814017,-0.150662345400436,-0.137881893101475,-1.09542052868858,-0.482991388339556,-0.452454947197622,-0.132053130867325,-0.11578375940243,-0.584867307644152,-0.491716543892917,-0.173272696819296,-0.289555223122662,-0.306650229859764,2.24118191013093,-0.130781764013622,3.80223897600087,3.7447090330076,4.14618499614443,4.08766230299161,-0.075079888588345,-0.0822923157224407,2.97784024141045,0.930890744127614,-0.570631987745429,-1.25578462345175,-0.413856288586075,0.898239292523557,-0.325650699797225,-0.106748578034008,0.324253029914059,0.256259632567988,0.197341576892962,-0.702807236973186,-0.779553367026631,0.359697590555304,0.683985111809457,0.0274851773315261,-0.0429970501622208,0.0263901945998841,0.685654126037169,0.549482898197636,0.365275385271113,-1.32849940599971,-1.42955945253736,0.906365447479561,1.48220758538795,0.531482929184702,0.0943578250696166,0.195761993705277,-0.177492040693003,-0.357231315385451,0.737365594757455,0.660753561487414,-0.365223525320584,-0.0270904154181826,-0.0415976355748058,-0.736790937153716,1.07641780061139,0.893254776951955,-0.794394565475834,-1.0876630685033,-0.333197598858919,-0.368059553782522,0.190472504663896,-0.879510932426488,-0.704626702158935,-0.0211479797679478,-0.990737241763597,-0.775514565007215,0.729771629520064,0.49530324325402,0.467214878299836,0.867577649496993,0.871187253418242,0.627218462269402,-0.314649026026515,-0.745409890281964,-1.28629343999157,-1.3814779592733,0.887398189437069,1.43818187619691,0.4987411376238,0.0698010502462883,0.204888874337994,-0.178080274792321,-0.362853933187181,0.728744741215734,0.694230829044493,-0.348022556311413,-0.029518546530538,-0.0404574274220184,-0.748367438455199,0.336115842444728,0.43378125405978,-0.407026715016122,-0.604544132835389,-0.31674669845216,-0.225620723096218,0.158308665824527,-0.550094890330758,-0.434222275924958,-0.0122625727025431,-0.231355328498667,-0.242454639327973,0.236832257865899,0.0390663736865232,0.0366749867933902,0.180946784560529,0.186029158625444,0.178122209634311,-0.0754384765595617,-0.224709310655053,0.972949528075959,0.823489886801626,-0.715103127333988,-0.923365766715148,-0.308829507466914,-0.35710869392159,0.17546946022774,-0.798457307747402,-0.648160239939358,-0.00806000429161737,-0.205931636839548,-0.215466837962581,0.214295428539914,0.0481476110204633,0.0369073068972647,0.17227170321355,0.0103939863188818,0.0193438621420619,-0.109075754069649,-0.050018549014921,-0.928011764232749,-0.745925060292613,0.702989834809737,0.446794585085383,0.450282764835068,0.835572859470647,0.208622040386305,0.200322834810401,-0.0243442224492625,-0.0519603362986721,0.873851466283545,0.609841581752207,-0.312864161555112,-0.287579822291554,-0.747129039747142
1264.23205566406,-0.878660317996087,-0.325650699797235,-2.12993091808961,1.55838986135719,-0.188690710103128,-1.32849940599973,-1.28629343999159,1.41474243812483,2.59397330965399,2.53537997340692,-1.76012543922271,0.687159944412415,0.980135690706072,-0.17876758579041,1.62980716859724,1.55732508431915,-1.82446308056466,1.88656021513426,1.60898199753078,-0.178560121049442,2.44362719972426,2.39270740151598,-1.12622394967012,-0.499663055297737,-0.459133123814017,-0.150662345400436,-0.137881893101475,-1.09542052868858,-0.482991388339556,-0.452454947197622,-0.132053130867325,-0.11578375940243,-0.584867307644152,-0.491716543892917,-0.173272696819296,-0.289555223122662,-0.306650229859764,2.24118191013093,-0.130781764013622,3.80223897600087,3.7447090330076,4.14618499614443,4.08766230299161,-0.075079888588345,-0.0822923157224407,2.97784024141045,-0.878660317996093,0.127151739590268,0.638281770543895,-0.878664970227119,0.345726682405881,-0.325650699797225,0.440598173135914,0.110082365999694,-0.312824824346849,0.340869741015034,-0.702807236973186,0.326180694576184,-0.055444395989633,-0.44317039855927,0.0274851773315261,-0.083107030444538,0.0416248698344899,0.685654126037169,-0.467678666040357,0.365275385271113,-1.32849940599971,0.882652632580064,0.0123663036199829,-0.797551884807006,1.07924725844415,0.0943578250696166,-0.416739561293789,0.0568873569365158,0.261858245014842,0.737365594757455,-0.548960147691641,0.0793888268044092,-0.0270904154181826,-0.0017374913528327,-0.736790937153716,1.07641780061139,-0.894649693719707,0.0402567141904984,0.666503225647057,-0.333197598858919,0.17313131080103,-0.0243128882389255,-0.879510932426488,0.50906055008824,-0.0211479797679478,-0.990737241763597,0.959101928906787,-0.120714410511085,0.49530324325402,-0.147787677347304,0.867577649496993,0.871187253418242,-0.812853243580204,-0.314649026026515,-0.745409890281964,-1.28629343999157,0.881552596908527,0.0147517094661894,-0.758772598784935,1.03239839698342,0.0698010502462883,-0.408721991105966,0.0519953378718434,0.243018397627196,0.728744741215734,-0.531359599366578,0.106339445540494,-0.029518546530538,0.00180620837707781,-0.748367438455199,0.336115842444728,-0.631676917019022,0.0910775669128808,0.373349256826175,-0.31674669845216,0.0904128902251071,0.0420120292264197,-0.550094890330758,0.225870148636137,-0.0122625727025431,-0.231355328498667,0.149054143023023,-0.022126646780938,0.0390663736865232,-0.150628089185143,0.180946784560529,0.186029158625444,-0.152402452076107,-0.0754384765595617,-0.224709310655053,0.972949528075959,-0.8113023816923,0.0417369258394057,0.546629634220027,-0.308829507466914,0.18403000589131,-0.016392478365367,-0.798457307747402,0.459206499180885,-0.00806000429161737,-0.205931636839548,0.135493978429184,-0.0237540044228023,0.0481476110204633,-0.143064909099871,0.17227170321355,0.0103939863188818,-0.0748159115072778,-0.109075754069649,-0.050018549014921,-0.928011764232749,0.886112497593847,-0.101768101413766,0.446794585085383,-0.137699800517284,0.835572859470647,0.208622040386305,-0.164332337449579,-0.0243442224492625,-0.0519603362986721,0.873851466283545,-0.797423386305254,-0.312864161555112,-0.287579822291554,-0.747129039747142
0,-0.878660317996087,0.0018363761266763,-2.12993091808961,1.55838986135719,-0.188690710103128,-1.32849940599973,-1.28629343999159,-0.706578202000684,2.59397330965399,2.53537997340692,-1.76012543922271,-0.661131616852152,0.980135690706072,-0.17876758579041,1.62980716859724,1.55732508431915,-1.82446308056466,-0.676914009309313,1.8107458660567,-0.178560121049442,2.69941678138196,2.64456638310238,-1.12622394967012,-0.499663055297737,-0.459133123814017,-0.150662345400436,-0.137881893101475,-1.09542052868858,-0.482991388339556,-0.452454947197622,-0.132053130867325,-0.11578375940243,-0.584867307644152,-0.491716543892917,-0.173272696819296,-0.289555223122662,-0.306650229859764,-0.44602634159486,-0.130781764013622,-0.262904613448501,-0.266943615488728,4.14618499614443,4.08766230299161,-0.075079888588345,-0.0822923157224407,2.97784024141045,-0.878660317996093,0.127151739590268,0.638281770543895,-0.878664970227119,0.345726682405881,0.00183637612668535,0.173325310608748,0.149329107211214,-0.119967509239709,0.0680169747971048,-0.680090869057492,0.30882653735109,-0.0529992725035107,-0.430893073625935,-0.479639853283965,0.27624418883472,-0.00959649815203349,0.139167089991882,-0.0740244729197729,0.523731327539782,-1.32849940599971,0.882652632580064,0.0123663036199829,-0.797551884807006,1.07924725844415,-0.307071262436815,-0.117651198099834,0.0139373683808664,0.0520546754762569,0.71004613065746,-0.52997406176424,0.0767701273241455,0.564481897724801,-0.358850392580757,-0.144584775014889,1.07641780061139,-0.894649693719707,0.0402567141904984,0.666503225647057,0.0197619705587645,-0.0911355935728902,0.015046501965152,-0.853433671806651,0.490012100620148,-0.7477566872538,-0.990737241763597,0.959101928906787,-0.120714410511085,0.109918761620845,0.152521940199516,0.843762649284933,0.871187253418242,-0.812853243580204,-0.0494200521334932,-0.745409890281964,-1.28629343999157,0.881552596908527,0.0147517094661894,-0.758772598784935,1.03239839698342,-0.332918728475367,-0.109091944641938,0.00983401724894524,0.0376940216074666,0.701315057322065,-0.512124333196533,0.103663322098547,0.581292000424232,-0.376839927788571,-0.140043524307904,0.336115842444728,-0.631676917019022,0.0910775669128808,0.373349256826175,-0.108220472411201,-0.0639083116577033,0.0633233699904432,-0.535323119810013,0.215510200329651,-0.396660649466282,-0.231355328498667,0.149054143023023,-0.022126646780938,-0.0847608497636027,-0.0591668186652701,0.174277490398561,0.186029158625444,-0.152402452076107,0.156104996009625,-0.224709310655053,0.972949528075959,-0.8113023816923,0.0417369258394057,0.546629634220027,0.0652321475801442,-0.0802114260968779,0.0187661923632961,-0.773689454236345,0.441826717582518,-0.673203827271876,-0.205931636839548,0.135493978429184,-0.0237540044228023,-0.0848903969256068,-0.055183343635022,0.166095136906273,0.0103939863188818,-0.0748159115072778,-0.0470485577334314,-0.050018549014921,-0.928011764232749,0.886112497593847,-0.101768101413766,0.0832722254798136,0.149415785757571,0.812270525492589,0.208622040386305,-0.164332337449579,0.166738092846384,-0.0519603362986721,0.873851466283545,-0.797423386305254,-0.0686886345156736,-0.287579822291554,-0.747129039747142
0,-0.592941729239711,0.0018363761266763,0.469323281677592,1.55838986135719,-0.188690710103128,-1.32849940599973,-1.28629343999159,-0.706578202000684,2.59397330965399,2.53537997340692,-0.0690214280655209,-0.661131616852152,1.16964512132687,-0.17876758579041,1.86899815866678,1.78886380155758,0.390478294047706,-0.676914009309313,1.8107458660567,-0.178560121049442,2.69941678138196,2.64456638310238,-1.12622394967012,-0.499663055297737,-0.459133123814017,-0.150662345400436,-0.137881893101475,-1.09542052868858,-0.482991388339556,-0.452454947197622,-0.132053130867325,-0.11578375940243,-0.584867307644152,2.03293173809087,-0.173272696819296,3.45228159742381,3.25982526959618,-0.44602634159486,-0.130781764013622,-0.262904613448501,-0.266943615488728,4.14618499614443,4.08766230299161,-0.075079888588345,-0.0822923157224407,2.97784024141045,-0.592941729239718,-0.4902547149162,0.933140068228888,-0.281068937511717,-0.702028011214909,0.00183637612668535,0.173812659318735,0.148260495489965,-0.119467929862937,0.0690575661836425,-0.680090869057492,0.139880091094862,0.302450062812953,-0.600691129332878,-0.479639853283965,0.165725220972757,0.225637584877701,0.139167089991882,-0.0414266161537865,0.523731327539782,-1.32849940599971,0.517566513877313,0.803386243064081,-1.15245285271599,0.374996664688557,-0.307071262436815,-0.118196559595186,0.0151068122577664,0.0515111983649194,0.71004613065746,-0.345140439241129,-0.303912073364827,0.564481897724801,-0.24901982255219,-0.144584775014889,1.07641780061139,-0.612348987824182,-0.698251604562774,0.93958261134823,0.0197619705587645,-0.0906537259649289,0.013974823032967,-0.853433671806651,0.304571355639914,-0.7477566872538,-0.990737241763597,0.68521511407826,0.631804672425712,0.109918761620845,0.151974351853568,0.843762649284933,0.871187253418242,-0.585473500551319,-0.0494200521334932,-0.745409890281964,-1.28629343999157,0.524231982774555,0.786878585072118,-1.1007829204073,0.346285005346368,-0.332918728475367,-0.109638293849399,0.0109819872462034,0.0371621474405408,0.701315057322065,-0.324864887516117,-0.285366640626837,0.581292000424232,-0.260386781371312,-0.140043524307904,0.336115842444728,-0.463446679480264,-0.34965039310205,0.525582558207308,-0.108220472411201,-0.0636269204309617,0.0627431040159197,-0.535323119810013,0.114653879444862,-0.396660649466282,-0.231355328498667,0.0872369668623394,0.207002942972255,-0.0847608497636027,-0.0593335902999964,0.174277490398561,0.186029158625444,-0.100214347595515,0.156104996009625,-0.224709310655053,0.972949528075959,-0.553177286666943,-0.627923193123886,0.775470789365674,0.0652321475801442,-0.0797296049355861,0.0178088907763514,-0.773689454236345,0.272630812551318,-0.673203827271876,-0.205931636839548,0.0800791126831154,0.186874662662864,-0.0848903969256068,-0.0553435879903822,0.166095136906273,0.0103939863188818,-0.059948578825803,-0.0470485577334314,-0.050018549014921,-0.928011764232749,0.628422356874932,0.610290269504161,0.0832722254798136,0.148892255574727,0.812270525492589,0.208622040386305,-0.106755204987477,0.166738092846384,-0.0519603362986721,0.873851466283545,-0.575223654506707,-0.0686886345156736,-0.287579822291554,-0.747129039747142
0,-0.211983610897877,-0.653137775721146,-2.12993091808961,1.55838986135719,-0.188690710103128,-1.32849940599973,-1.28629343999159,1.41474243812483,2.59397330965399,2.53537997340692,-1.76012543922271,1.06468158156649,1.4223243621546,-0.17876758579041,2.18791947875951,2.09758209120881,-1.82446308056466,1.65351710382121,1.40721812900486,-0.178560121049442,2.18783761806657,2.14084841992958,-1.12622394967012,-0.499663055297737,-0.459133123814017,-0.150662345400436,-0.137881893101475,-1.09542052868858,-0.482991388339556,-0.452454947197622,-0.132053130867325,-0.11578375940243,-0.584867307644152,-0.491716543892917,-0.173272696819296,-0.289555223122662,-0.306650229859764,2.24118191013093,-0.130781764013622,3.80223897600087,3.7447090330076,4.14618499614443,4.08766230299161,-0.075079888588345,-0.0822923157224407,2.97784024141045,-0.211983610897885,-1.0175791096296,0.629569119345442,0.79588810722833,-0.93866114295672,-0.653137775721136,0.303425756232114,0.775521099233074,-0.500431833154839,-0.423363091281379,-0.579477869256204,-0.1039256914435,0.5193693057714,-0.372240574833841,0.577767893095068,-0.162404017950684,-0.428171149097118,0.8894275417093,-0.128348021217019,-0.1735776336434,-1.32849940599971,0.0307850222736437,1.47899322405527,-0.787065056497742,-0.8941677820049,0.495786912576048,-0.263238479069453,-0.671340900865175,0.465950167048013,0.589045570785157,-0.0784079510637631,-0.536230118657238,-0.669007101430994,0.0770655730245501,-0.957612044483902,1.07641780061139,-0.235948046630148,-1.32900861938647,0.658434110903527,-0.686157168276603,0.0375016414141077,0.643035838043382,-0.737934951795638,0.0369627320419127,0.767297055901994,-0.990737241763597,0.320032694306891,1.27452822515749,0.880687724887195,0.0063401890916842,0.738283700339559,0.871187253418242,-0.282300509846139,-0.579877999919536,-0.745409890281964,-1.28629343999157,0.0478044972625907,1.44634907545809,-0.748666671083521,-0.890193502143839,0.472520828967944,-0.254942900846509,-0.662860849436574,0.442753066747881,0.579826323278603,-0.0546317059162355,-0.522779055331201,-0.692310691077894,0.0853609490260713,-0.97519851338405,0.336115842444728,-0.239139696095253,-0.726074389080393,0.368850975224008,-0.525272924493119,0.011210639605246,0.403351370118087,-0.469897513481388,-0.0308913793169782,0.404848799928983,-0.231355328498667,0.00481406531476125,0.402701613346727,0.162893597136649,-0.103687433064367,0.144738538807216,0.186029158625444,-0.0306302082880582,-0.306981949128748,-0.224709310655053,0.972949528075959,-0.209010493299801,-1.19987723461233,0.539867697451454,-0.682891162513973,0.0484134096936449,0.579731953616348,-0.663990225484874,0.0284650372863219,0.713689322178605,-0.205931636839548,0.0061926250216912,0.366771768644733,0.181185618966533,-0.0979614645446738,0.138738524839015,0.0103939863188818,-0.0401254685838368,-0.171102950405866,-0.050018549014921,-0.928011764232749,0.284835502583046,1.21845648918688,0.810316944690952,0.00965649494675799,0.70906222508977,0.208622040386305,-0.0299856950380078,-0.215426537744909,-0.0519603362986721,0.873851466283545,-0.278957345441979,-0.55703968859455,-0.287579822291554,-0.747129039747142
0,-1.16437890675246,-0.653137775721146,-2.12993091808961,1.55838986135719,-0.188690710103128,-1.32849940599973,-1.28629343999159,1.41474243812483,2.59397330965399,2.53537997340692,-1.76012543922271,0.525364957060667,0.790626260085274,-0.17876758579041,1.39061617852769,1.32578636708073,-1.82446308056466,1.65351710382121,1.40721812900486,-0.178560121049442,2.18783761806657,2.14084841992958,-1.12622394967012,-0.499663055297737,-0.459133123814017,-0.150662345400436,-0.137881893101475,-1.09542052868858,-0.482991388339556,-0.452454947197622,-0.132053130867325,-0.11578375940243,-0.584867307644152,-0.491716543892917,-0.173272696819296,-0.289555223122662,-0.306650229859764,2.24118191013093,-0.130781764013622,3.80223897600087,3.7447090330076,4.14618499614443,4.08766230299161,-0.075079888588345,-0.0822923157224407,2.97784024141045,-1.16437890675247,0.934769472786523,-0.29210488612993,-0.553134661047583,1.07981072095586,-0.653137775721136,0.881204726847779,-0.426326206637413,0.0549755539295017,0.412114806602166,-0.579477869256204,0.375915709900621,-0.438340233037284,0.0799969636812245,0.577767893095068,-0.606169694575598,0.46786304962623,0.8894275417093,-0.822799360492091,-0.1735776336434,-1.32849940599971,1.24773875128282,-1.02235195328186,0.322291536848704,0.695618685002282,0.495786912576048,-0.909794829667011,0.643910415277805,-0.138260527753262,0.589045570785157,-0.603372082670826,0.489465919091476,-0.669007101430994,0.518067132898882,-0.957612044483902,1.07641780061139,-1.17695039961523,1.00628551091706,-0.195162932856264,-0.686157168276603,0.608782461072455,-0.562261101708395,-0.737934951795638,0.563651211790467,0.767297055901994,-0.990737241763597,1.23298874373531,-1.1050704234947,0.880687724887195,-0.642856216602327,0.738283700339559,0.871187253418242,-1.04023298660909,-0.579877999919536,-0.745409890281964,-1.28629343999157,1.2388732110425,-0.995252887125265,0.320396080477135,0.658649756958231,0.472520828967944,-0.902670239022918,0.628239202144211,-0.148558054256201,0.579826323278603,-0.586485656214417,0.525408883613101,-0.692310691077894,0.552954071859972,-0.97519851338405,0.336115842444728,-0.79990715455778,0.667585495240246,-0.107002944276627,-0.525272924493119,0.34481557175192,-0.249262749961035,-0.469897513481388,0.255560566966475,0.404848799928983,-0.231355328498667,0.210871319183707,-0.321846739653279,0.162893597136649,-0.301404471122437,0.144738538807216,0.186029158625444,-0.204590556556699,-0.306981949128748,-0.224709310655053,0.972949528075959,-1.06942747671766,0.917706691528665,-0.17544859426108,-0.682891162513973,0.619639164244863,-0.496926958406328,-0.663990225484874,0.509014951007072,0.713689322178605,-0.205931636839548,0.190908844175252,-0.299273389450696,0.181185618966533,-0.287940050287596,0.138738524839015,0.0103939863188818,-0.0896832441887524,-0.171102950405866,-0.050018549014921,-0.928011764232749,1.14380263831276,-1.03319822046531,0.810316944690952,-0.611017621823095,0.70906222508977,0.208622040386305,-0.221909469911681,-0.215426537744909,-0.0519603362986721,0.873851466283545,-1.0196231181038,-0.55703968859455,-0.287579822291554,-0.747129039747142
5712.64306640625,-1.45009749550884,-0.980624851645057,-2.12993091808961,1.55838986135719,-0.188690710103128,-1.32849940599973,-1.28629343999159,1.41474243812483,2.59397330965399,2.53537997340692,-1.76012543922271,0.363569969708919,0.601116829464476,-0.17876758579041,1.15142518845815,1.09424764984231,-1.82446308056466,1.42047399250815,1.20545426047895,-0.178560121049442,1.93204803640887,1.88898943834317,-1.12622394967012,-0.499663055297737,-0.459133123814017,-0.150662345400436,-0.137881893101475,-1.09542052868858,-0.482991388339556,-0.452454947197622,-0.132053130867325,-0.11578375940243,-0.584867307644152,-0.491716543892917,-0.173272696819296,-0.289555223122662,-0.306650229859764,2.24118191013093,-0.130781764013622,3.80223897600087,3.7447090330076,4.14618499614443,4.08766230299161,-0.075079888588345,-0.0822923157224407,2.97784024141045,-1.45009749550884,1.93259848467256,-2.02689583195726,1.59245607131494,-0.749108939623212,-0.980624851645047,1.49563232045433,-1.6370974449369,1.71280115356866,-1.41120129716396,-0.310102765906546,0.180244205001795,-0.487121987666153,0.46888784635251,1.06566778859668,-1.30987209999355,1.67482614836926,0.682450040812758,-0.785078543404974,-0.809472178513938,-1.32849940599971,1.61282486998557,-2.30076852764145,2.41034193471,-1.83290135947803,0.89721600008248,-1.59736236471485,1.96892770902466,-1.941758249805,0.265086058740566,-0.389300263603691,0.541710624202695,-1.23815287878259,1.21738633405229,-0.733318798038311,1.07641780061139,-1.45925110551076,2.1998347856169,-1.80181822974261,-1.03911673769429,1.21629972484935,-1.77650758804124,-0.428705729914102,0.34887623164788,1.46635999117585,-0.990737241763597,1.50687555856384,-2.32126336652515,1.26607220652037,-1.3332312659115,0.45588080181263,0.871187253418242,-1.26761272963797,-0.845106973812558,-0.745409890281964,-1.28629343999157,1.59619382517647,-2.24313520470225,2.33260470403719,-1.80475102526777,0.875240607689599,-1.59148303760025,1.92892590384528,-1.91355206864629,0.254559803510672,-0.369604281348231,0.578799232952344,-1.27996537984137,1.29444090292291,-0.744800800023883,0.336115842444728,-0.968137392096538,1.37987339188005,-1.00266352077339,-0.733799150534078,0.699581124149476,-0.906722647271049,-0.294730989261904,0.138750130740102,0.774674326498681,-0.231355328498667,0.27268849534439,-0.692157335644767,0.286720820586775,-0.511662736111878,0.0656527531386223,0.186029158625444,-0.256778661037291,-0.538525421697934,-0.224709310655053,0.972949528075959,-1.32755257174301,1.99998610394389,-1.52182943921683,-1.05695281756103,1.22709787012507,-1.58158025651535,-0.370288207448762,0.313054526305607,1.35361750977317,-0.205931636839548,0.24632370992132,-0.639683492420817,0.314223626912604,-0.489969011553558,0.0654956017826672,0.0103939863188818,-0.104550576870227,-0.233130146742083,-0.050018549014921,-0.928011764232749,1.40149277903168,-2.18400008765048,1.17383930429652,-1.27106120834271,0.432738622349958,0.208622040386305,-0.279486602373783,-0.406508853040556,-0.0519603362986721,0.873851466283545,-1.24182284990235,-0.801215215633988,-0.287579822291554,-0.747129039747142
0,-0.307223140483335,-0.653137775721146,0.469323281677592,1.55838986135719,-0.188690710103128,-1.32849940599973,-1.28629343999159,1.41474243812483,2.59397330965399,2.53537997340692,0.112168287415606,1.01074991911591,1.35915455194767,-0.17876758579041,2.10818914873633,2.020402518796,0.0213213982789787,1.65351710382121,1.40721812900486,-0.178560121049442,2.18783761806657,2.14084841992958,-1.12622394967012,-0.499663055297737,-0.459133123814017,-0.150662345400436,-0.137881893101475,-1.09542052868858,-0.482991388339556,-0.452454947197622,-0.132053130867325,-0.11578375940243,1.70915035796891,2.03293173809087,-0.173272696819296,3.45228159742381,3.25982526959618,2.24118191013093,-0.130781764013622,3.80223897600087,3.7447090330076,4.14618499614443,4.08766230299161,-0.075079888588345,-0.0822923157224407,2.97784024141045,-0.307223140483343,-0.917449890732883,0.761345937089723,0.553378705649552,-1.03191523669504,-0.653137775721136,0.361203653293681,0.713882499930785,-0.579841491653227,-0.273171967889907,-0.579477869256204,-0.0559415513090877,0.470251689729609,-0.436899470859975,0.577767893095068,-0.206780585613176,-0.38221664833277,0.8894275417093,-0.197793155144526,-0.1735776336434,-1.32849940599971,0.152480395174561,1.35070786505043,-0.945675889337096,-0.608377079417517,0.495786912576048,-0.327894114129209,-0.603886201369197,0.552337503714741,0.589045570785157,-0.130904364224469,-0.483625709787721,-0.669007101430994,0.121165729011983,-0.957612044483902,1.07641780061139,-0.330048281928656,-1.20923944534276,0.780477589828134,-0.686157168276603,0.0946297233799425,0.581220318928144,-0.737934951795638,0.0896315800167681,0.767297055901994,-0.990737241763597,0.411328299249733,1.15248682531569,0.880687724887195,-0.0585794514777169,0.738283700339559,0.871187253418242,-0.358093757522434,-0.579877999919536,-0.745409890281964,-1.28629343999157,0.166911368640582,1.32112773969252,-0.901516471048259,-0.611763025848614,0.472520828967944,-0.31971563466415,-0.596644784925024,0.527296080177595,0.579826323278603,-0.107817100946054,-0.469021114495877,-0.692310691077894,0.132120261309461,-0.97519851338405,0.336115842444728,-0.295216441941505,-0.654598384804546,0.436886435539062,-0.525272924493119,0.0445711328199134,0.369881044852901,-0.469897513481388,-0.00224618468863279,0.404848799928983,-0.231355328498667,0.0254197907016558,0.3655420296063,0.162893597136649,-0.123459136870174,0.144738538807216,0.186029158625444,-0.0480262431149223,-0.306981949128748,-0.224709310655053,0.972949528075959,-0.295052191641586,-1.09127366536121,0.642140414315048,-0.682891162513973,0.105535985148767,0.524513834859293,-0.663990225484874,0.0765200286583969,0.713689322178605,-0.205931636839548,0.0246642469370473,0.332612611806304,0.181185618966533,-0.116959323118966,0.138738524839015,0.0103939863188818,-0.0450812461443284,-0.171102950405866,-0.050018549014921,-0.928011764232749,0.370732216156017,1.10297689228847,0.810316944690952,-0.0524109167302273,0.70906222508977,0.208622040386305,-0.0491780725253751,-0.215426537744909,-0.0519603362986721,0.873851466283545,-0.353023922708161,-0.55703968859455,-0.287579822291554,-0.747129039747142
0,-1.069139377167,-0.325650699797235,-2.12993091808961,1.55838986135719,-0.188690710103128,-1.32849940599973,-1.28629343999159,1.41474243812483,2.59397330965399,2.53537997340692,-1.76012543922271,0.579296619511249,0.853796070292207,-0.17876758579041,1.47034650855087,1.40296593949354,-1.82446308056466,1.88656021513426,1.60898199753078,-0.178560121049442,2.44362719972426,2.39270740151598,-1.12622394967012,-0.499663055297737,-0.459133123814017,-0.150662345400436,-0.137881893101475,-1.09542052868858,-0.482991388339556,-0.452454947197622,-0.132053130867325,-0.11578375940243,-0.584867307644152,-0.491716543892917,-0.173272696819296,-0.289555223122662,-0.306650229859764,2.24118191013093,-0.130781764013622,3.80223897600087,3.7447090330076,4.14618499614443,4.08766230299161,-0.075079888588345,-0.0822923157224407,2.97784024141045,-1.06913937716701,0.644428975200017,0.0990627016715037,-0.815246104441951,0.980171520710378,-0.325650699797225,0.498213620627485,-0.0486854651180268,-0.150812979387166,0.321286644277872,-0.702807236973186,0.44257375369227,-0.363195194371598,-0.122282098813212,0.0274851773315261,-0.0873291336321503,0.0529185563766783,0.685654126037169,-0.574748304381199,0.365275385271113,-1.32849940599971,1.1260433783819,-0.650368276819275,-0.148530402419433,1.00450985819474,0.0943578250696166,-0.481213409188428,0.230636216561826,0.0856105182371971,0.737365594757455,-0.676298432868383,0.408986436228912,-0.0270904154181826,0.00245831330211183,-0.736790937153716,1.07641780061139,-1.08285016431672,0.658995858900061,0.167112117300692,-0.333197598858919,0.230098770230878,-0.18353642690519,-0.879510932426488,0.636817102956364,-0.0211479797679478,-0.990737241763597,1.14169313879247,-0.751192093606072,0.49530324325402,-0.212524788468055,0.867577649496993,0.871187253418242,-0.964439738932794,-0.314649026026515,-0.745409890281964,-1.28629343999157,1.11976633966451,-0.632153830374166,-0.133324752758972,0.959585776558346,0.0698010502462883,-0.47331260852112,0.222553739046599,0.0705334651491509,0.728744741215734,-0.660369118146691,0.443164612245758,-0.029518546530538,0.00625501214540373,-0.748367438455199,0.336115842444728,-0.743830408711527,0.460329522651965,0.0949541780151277,-0.31674669845216,0.123679586364194,-0.0442003605635753,-0.550094890330758,0.295353561747832,-0.0122625727025431,-0.231355328498667,0.190265593796812,-0.214096652793704,0.0390663736865232,-0.170344202446041,0.180946784560529,0.186029158625444,-0.187194521729835,-0.0754384765595617,-0.224709310655053,0.972949528075959,-0.983385778375871,0.602793475551582,0.128138733451327,-0.308829507466914,0.240991974292668,-0.158622526625612,-0.798457307747402,0.575771419088279,-0.00806000429161737,-0.205931636839548,0.172437222259896,-0.20022351467004,0.0481476110204633,-0.162009352889043,0.17227170321355,0.0103939863188818,-0.0847274666282609,-0.109075754069649,-0.050018549014921,-0.928011764232749,1.05790592473979,-0.698346875433284,0.446794585085383,-0.199592702133321,0.835572859470647,0.208622040386305,-0.202717092424314,-0.0243442224492625,-0.0519603362986721,0.873851466283545,-0.945556540837618,-0.312864161555112,-0.287579822291554,-0.747129039747142
0,-0.116744081312418,-0.325650699797235,-2.12993091808961,1.55838986135719,-0.188690710103128,-1.32849940599973,-1.28629343999159,1.41474243812483,2.59397330965399,2.53537997340692,-1.76012543922271,1.11861324401708,1.48549417236153,-0.17876758579041,2.26764980878269,2.17476166362162,-1.82446308056466,1.88656021513426,1.60898199753078,-0.178560121049442,2.44362719972426,2.39270740151598,-1.12622394967012,-0.499663055297737,-0.459133123814017,-0.150662345400436,-0.137881893101475,-1.09542052868858,-0.482991388339556,-0.452454947197622,-0.132053130867325,-0.11578375940243,-0.584867307644152,-0.491716543892917,-0.173272696819296,-0.289555223122662,-0.306650229859764,2.24118191013093,-0.130781764013622,3.80223897600087,3.7447090330076,4.14618499614443,4.08766230299161,-0.075079888588345,-0.0822923157224407,2.97784024141045,-0.116744081312427,-1.09657374200524,0.470960688052502,0.997720460014642,-0.7567879467004,-0.325650699797225,0.210136383169631,0.48568026055499,-0.262552126588274,-0.238538877251664,-0.702807236973186,-0.13939154188816,0.672603289150513,-0.343597922784977,0.0274851773315261,-0.0662186176940886,0.0149073360800088,0.685654126037169,-0.0394001126769917,0.365275385271113,-1.32849940599971,-0.0909103506272735,1.58020099223148,-0.596158827212901,-1.132021694192,0.0943578250696166,-0.158844169715235,-0.354151235687846,0.207168116023759,0.737365594757455,-0.0396070069846704,-0.700341974320613,-0.0270904154181826,-0.0185207099726109,-0.736790937153716,1.07641780061139,-0.141847811331639,-1.42349774032204,0.511540863114465,-0.333197598858919,-0.0547385269183603,0.352363076064891,-0.879510932426488,-0.0019656613842546,-0.0211479797679478,-0.990737241763597,0.228737089364049,1.37080996610521,0.49530324325402,0.111160767135703,0.867577649496993,0.871187253418242,-0.206507262169844,-0.314649026026515,-0.745409890281964,-1.28629343999157,-0.0713023741154002,1.54513955333638,-0.564694501996151,-1.1219217475324,0.0698010502462883,-0.150359521445351,-0.351495570386876,0.189495873514624,0.728744741215734,-0.0153215242461271,-0.690489625922545,-0.029518546530538,-0.0159890066962259,-0.748367438455199,0.336115842444728,-0.183062950249,-0.782463730210414,0.286962538262324,-0.31674669845216,-0.0426538943312402,0.245965133968987,-0.550094890330758,-0.0520635038106395,-0.0122625727025431,-0.231355328498667,-0.0157916600721333,0.432017807851692,0.0390663736865232,-0.07176363614155,0.180946784560529,0.186029158625444,-0.0132341734611942,-0.0754384765595617,-0.224709310655053,0.972949528075959,-0.122968794958015,-1.28555750978278,0.416770816957042,-0.308829507466914,-0.0438178677141218,0.320081896153463,-0.798457307747402,-0.00705318044869105,-0.00806000429161737,-0.205931636839548,-0.0122789968936648,0.393720845711803,0.0481476110204633,-0.0672871339431821,0.17227170321355,0.0103939863188818,-0.0351696910233452,-0.109075754069649,-0.050018549014921,-0.928011764232749,0.198938789010074,1.30956144740377,0.446794585085383,0.109871805946865,0.835572859470647,0.208622040386305,-0.0107933175506404,-0.0243442224492625,-0.0519603362986721,0.873851466283545,-0.204890768175796,-0.312864161555112,-0.287579822291554,-0.747129039747142
1184.88195800781,-0.68818125882517,-0.653137775721146,-2.12993091808961,1.55838986135719,-0.188690710103128,-1.32849940599973,-1.28629343999159,1.41474243812483,2.59397330965399,2.53537997340692,-1.76012543922271,0.79502326931358,1.10647531111994,-0.17876758579041,1.7892678286436,1.71168422914477,-1.82446308056466,1.65351710382121,1.40721812900486,-0.178560121049442,2.18783761806657,2.14084841992958,-1.12622394967012,-0.499663055297737,-0.459133123814017,-0.150662345400436,-0.137881893101475,-1.09542052868858,-0.482991388339556,-0.452454947197622,-0.132053130867325,-0.11578375940243,-0.584867307644152,-0.491716543892917,-0.173272696819296,-0.289555223122662,-0.306650229859764,2.24118191013093,-0.130781764013622,3.80223897600087,3.7447090330076,4.14618499614443,4.08766230299161,-0.075079888588345,-0.0822923157224407,2.97784024141045,-0.688181258825176,-0.305587149935131,0.895043790976805,-0.536140016360194,-0.403069827270686,-0.653137775721136,0.592315241539947,0.337225588755497,-0.660408780352997,0.401589669182251,-0.579477869256204,0.135995009228561,0.170107141475605,-0.502500961178079,0.577767893095068,-0.384286856263141,-0.101401047257628,0.8894275417093,-0.475573690854555,-0.1735776336434,-1.32849940599971,0.63926188677823,0.566790520744687,-1.10659894330714,0.675590960659174,0.495786912576048,-0.586516654368232,-0.191688665344573,0.639984190841268,0.589045570785157,-0.340890016867294,-0.162174307853311,-0.669007101430994,0.297566352961716,-0.957612044483902,1.07641780061139,-0.70644922312269,-0.477362218086493,0.904300212748024,-0.686157168276603,0.323142051243282,0.203482298333992,-0.737934951795638,0.30030697191619,0.767297055901994,-0.990737241763597,0.776510719021102,0.406724637007538,0.880687724887195,-0.318258013755321,0.738283700339559,0.871187253418242,-0.661266748227614,-0.579877999919536,-0.745409890281964,-1.28629343999157,0.643338854152546,0.555933817757422,-1.05659450808214,0.639137824703346,0.472520828967944,-0.578806569934713,-0.192016214330984,0.613071557611218,0.579826323278603,-0.320558681065326,-0.140520788801011,-0.692310691077894,0.319157510443022,-0.97519851338405,0.336115842444728,-0.519523425326516,-0.217827736242899,0.505913713538703,-0.525272924493119,0.178013105678583,0.165352884363877,-0.469897513481388,0.112334593824749,0.404848799928983,-0.231355328498667,0.107842692249234,0.138469802289985,0.162893597136649,-0.202545952093402,0.144738538807216,0.186029158625444,-0.117610382422379,-0.306981949128748,-0.224709310655053,0.972949528075959,-0.639218985008729,-0.427626447550119,0.745904057950745,-0.682891162513973,0.334026286969254,0.187090754397266,-0.663990225484874,0.268739994146697,0.713689322178605,-0.205931636839548,0.0985507345984714,0.123875186739001,0.181185618966533,-0.192950757416135,0.138738524839015,0.0103939863188818,-0.0649043563862946,-0.171102950405866,-0.050018549014921,-0.928011764232749,0.714319070447904,0.397312117879699,0.810316944690952,-0.300680563438168,0.70906222508977,0.208622040386305,-0.125947582474845,-0.215426537744909,-0.0519603362986721,0.873851466283545,-0.64929023177289,-0.55703968859455,-0.287579822291554,-0.747129039747142
10225.8798828125,-0.497702199654253,-0.325650699797235,0.469323281677592,1.55838986135719,-0.188690710103128,-1.32849940599973,-1.28629343999159,1.41474243812483,2.59397330965399,2.53537997340692,-0.00862485623847852,0.902886594214745,1.2328149315338,-0.17876758579041,1.94872848868996,1.86604337397039,0.205899846163342,1.88656021513426,1.60898199753078,-0.178560121049442,2.44362719972426,2.39270740151598,-1.12622394967012,-0.499663055297737,-0.459133123814017,-0.150662345400436,-0.137881893101475,-1.09542052868858,-0.482991388339556,-0.452454947197622,-0.132053130867325,-0.11578375940243,1.70915035796891,2.03293173809087,-0.173272696819296,3.45228159742381,3.25982526959618,2.24118191013093,-0.130781764013622,3.80223897600087,3.7447090330076,4.14618499614443,4.08766230299161,-0.075079888588345,-0.0822923157224407,2.97784024141045,-0.49770219965426,-0.653787693376182,0.919386075611619,-0.00141483486751773,-0.913890409064484,-0.325650699797225,0.325367278152772,0.349775999260459,-0.397284424756324,0.0699838768365369,-0.702807236973186,0.0933945763440122,0.409170548257983,-0.610455065796856,0.0274851773315261,-0.0746628240693133,0.0245746604743949,0.685654126037169,-0.253539389358675,0.365275385271113,-1.32849940599971,0.395871140976395,1.01290437455484,-1.13589810309284,0.0454319469670141,0.0943578250696166,-0.287791865504512,-0.205423308551041,0.353739258902577,0.737365594757455,-0.294283577338156,-0.4182085010727,-0.0270904154181826,-0.0101291006627218,-0.736790937153716,1.07641780061139,-0.518248752525673,-0.893860937930912,0.926844520257185,-0.333197598858919,0.0591963919413351,0.216068731985231,-0.879510932426488,0.253547444351993,-0.0211479797679478,-0.990737241763597,0.593919509135418,0.831125048949794,0.49530324325402,-0.0183134551058004,0.867577649496993,0.871187253418242,-0.509680252875024,-0.314649026026515,-0.745409890281964,-1.28629343999157,0.405125111396564,0.991392494499533,-1.08482946929009,0.0252078656964038,0.0698010502462883,-0.279540756275659,-0.205498655545577,0.33293780122004,0.728744741215734,-0.273340561806353,-0.402169409262628,-0.029518546530538,-0.00709139915957402,-0.748367438455199,0.336115842444728,-0.407369933634011,-0.466386386815375,0.518481466870427,-0.31674669845216,0.0238794979469335,0.172167872481186,-0.550094890330758,0.086903322412749,-0.0122625727025431,-0.231355328498667,0.0666312414754449,0.267692694419064,0.0390663736865232,-0.111195862663346,0.180946784560529,0.186029158625444,-0.0828183127686505,-0.0754384765595617,-0.224709310655053,0.972949528075959,-0.467135588325158,-0.805296644616991,0.764796239647684,-0.308829507466914,0.070106069088594,0.198333872598478,-0.798457307747402,0.226076659366097,-0.00806000429161737,-0.205931636839548,0.0616074907677593,0.242664058815369,0.0481476110204633,-0.105176021521526,0.17227170321355,0.0103939863188818,-0.0549928012653115,-0.109075754069649,-0.050018549014921,-0.928011764232749,0.542525643301961,0.79889378244711,0.446794585085383,-0.0139139972852096,0.835572859470647,0.208622040386305,-0.0875628275001099,-0.0243442224492625,-0.0519603362986721,0.873851466283545,-0.501157077240525,-0.312864161555112,-0.287579822291554,-0.747129039747142
0,-1.069139377167,-0.653137775721146,-2.12993091808961,1.55838986135719,-0.188690710103128,-1.32849940599973,-1.28629343999159,1.41474243812483,2.59397330965399,2.53537997340692,-1.76012543922271,0.579296619511249,0.853796070292207,-0.17876758579041,1.47034650855087,1.40296593949354,-1.82446308056466,1.65351710382121,1.40721812900486,-0.178560121049442,2.18783761806657,2.14084841992958,-1.12622394967012,-0.499663055297737,-0.459133123814017,-0.150662345400436,-0.137881893101475,-1.09542052868858,-0.482991388339556,-0.452454947197622,-0.132053130867325,-0.11578375940243,-0.584867307644152,-0.491716543892917,-0.173272696819296,-0.289555223122662,-0.306650229859764,2.24118191013093,-0.130781764013622,3.80223897600087,3.7447090330076,4.14618499614443,4.08766230299161,-0.075079888588345,-0.0822923157224407,2.97784024141045,-1.06913937716701,0.644428975200017,0.0990627016715037,-0.815246104441951,0.980171520710378,-0.653137775721136,0.823426829786213,-0.247595344765605,-0.180744848905147,0.574445882762001,-0.579477869256204,0.327931569766209,-0.295915941317339,-0.111937132325917,0.577767893095068,-0.561793126913107,0.334610710645909,0.8894275417093,-0.753354226564584,-0.1735776336434,-1.32849940599971,1.1260433783819,-0.650368276819275,-0.148530402419433,1.00450985819474,0.495786912576048,-0.845139194607255,0.448314851545187,0.118172482839613,0.589045570785157,-0.55087566951012,0.33693112041125,-0.669007101430994,0.473966976911449,-0.957612044483902,1.07641780061139,-1.08285016431672,0.658995858900061,0.167112117300692,-0.686157168276603,0.55165437910662,-0.383017232873278,-0.737934951795638,0.510982363815611,0.767297055901994,-0.990737241763597,1.14169313879247,-0.751192093606072,0.880687724887195,-0.577936576032926,0.738283700339559,0.871187253418242,-0.964439738932794,-0.579877999919536,-0.745409890281964,-1.28629343999157,1.11976633966451,-0.632153830374166,-0.133324752758972,0.959585776558346,0.472520828967944,-0.837897505205277,0.436235256339604,0.102400249297158,0.579826323278603,-0.533300261184599,0.369529236659565,-0.692310691077894,0.506194759576582,-0.97519851338405,0.336115842444728,-0.743830408711527,0.460329522651965,0.0949541780151277,-0.525272924493119,0.311455078537252,-0.152210251210397,-0.469897513481388,0.22691537233813,0.404848799928983,-0.231355328498667,0.190265593796812,-0.214096652793704,0.162893597136649,-0.28163276731663,0.144738538807216,0.186029158625444,-0.187194521729835,-0.306981949128748,-0.224709310655053,0.972949528075959,-0.983385778375871,0.602793475551582,0.128138733451327,-0.682891162513973,0.562516588789741,-0.336813294758848,-0.663990225484874,0.460959959634997,0.713689322178605,-0.205931636839548,0.172437222259896,-0.20022351467004,0.181185618966533,-0.268942191713304,0.138738524839015,0.0103939863188818,-0.0847274666282609,-0.171102950405866,-0.050018549014921,-0.928011764232749,1.05790592473979,-0.698346875433284,0.810316944690952,-0.548950210146109,0.70906222508977,0.208622040386305,-0.202717092424314,-0.215426537744909,-0.0519603362986721,0.873851466283545,-0.945556540837618,-0.55703968859455,-0.287579822291554,-0.747129039747142
4715.37109375,-0.878660317996087,-0.980624851645057,0.469323281677592,1.55838986135719,-0.188690710103128,-1.32849940599973,-1.28629343999159,1.41474243812483,2.59397330965399,2.53537997340692,-0.250211143546648,0.687159944412415,0.980135690706072,-0.17876758579041,1.62980716859724,1.55732508431915,-0.163257049605385,1.42047399250815,1.20545426047895,-0.178560121049442,1.93204803640887,1.88898943834317,-1.12622394967012,-0.499663055297737,-0.459133123814017,-0.150662345400436,-0.137881893101475,-1.09542052868858,-0.482991388339556,-0.452454947197622,-0.132053130867325,-0.11578375940243,1.70915035796891,2.03293173809087,-0.173272696819296,3.45228159742381,3.25982526959618,2.24118191013093,-0.130781764013622,3.80223897600087,3.7447090330076,4.14618499614443,4.08766230299161,-0.075079888588345,-0.0822923157224407,2.97784024141045,-0.878660317996093,0.127151739590268,0.638281770543895,-0.878664970227119,0.345726682405881,-0.980624851645047,0.975143898190246,0.0315888835766523,-0.698539454561128,0.886575273450891,-0.310102765906546,0.0261743221146939,-0.0131748338451101,-0.230928705170963,1.06566778859668,-0.818768188285364,0.146484875471131,0.682450040812758,-0.465370648648339,-0.809472178513938,-1.32849940599971,0.882652632580064,0.0123663036199829,-0.797551884807006,1.07924725844415,0.89721600008248,-1.0149162876817,0.142787334047814,0.681465384092012,0.265086058740566,-0.220742148255439,0.0341186058740202,-1.23815287878259,0.729341398331055,-0.733318798038311,1.07641780061139,-0.894649693719707,0.0402567141904984,0.666503225647057,-1.03911673769429,0.701665119548872,-0.10303166864708,-0.428705729914102,0.179764453953129,1.46635999117585,-0.990737241763597,0.959101928906787,-0.120714410511085,1.26607220652037,-0.748406912440943,0.45588080181263,0.871187253418242,-0.812853243580204,-0.845106973812558,-0.745409890281964,-1.28629343999157,0.881552596908527,0.0147517094661894,-0.758772598784935,1.03239839698342,0.875240607689599,-1.00798208403402,0.13631797911764,0.653667149666654,0.254559803510672,-0.198833948471686,0.0600765198527546,-1.27996537984137,0.776967777335345,-0.744800800023883,0.336115842444728,-0.631676917019022,0.0910775669128808,0.373349256826175,-0.733799150534078,0.399055293990728,-0.000610652301627356,-0.294730989261904,0.0467747036655566,0.774674326498681,-0.231355328498667,0.149054143023023,-0.022126646780938,0.286720820586775,-0.333550630224889,0.0656527531386223,0.186029158625444,-0.152402452076107,-0.538525421697934,-0.224709310655053,0.972949528075959,-0.8113023816923,0.0417369258394057,0.546629634220027,-1.05695281756103,0.712512869867685,-0.0867098198226932,-0.370288207448762,0.158757150712404,1.35361750977317,-0.205931636839548,0.135493978429184,-0.0237540044228023,0.314223626912604,-0.318828040029568,0.0654956017826672,0.0103939863188818,-0.0748159115072778,-0.233130146742083,-0.050018549014921,-0.928011764232749,0.886112497593847,-0.101768101413766,1.17383930429652,-0.711930973066994,0.432738622349958,0.208622040386305,-0.164332337449579,-0.406508853040556,-0.0519603362986721,0.873851466283545,-0.797423386305254,-0.801215215633988,-0.287579822291554,-0.747129039747142
289.789886474609,-0.878660317996087,-0.653137775721146,-2.12993091808961,1.55838986135719,-0.188690710103128,-1.32849940599973,-1.28629343999159,1.41474243812483,2.59397330965399,2.53537997340692,-1.76012543922271,0.687159944412415,0.980135690706072,-0.17876758579041,1.62980716859724,1.55732508431915,-1.82446308056466,1.65351710382121,1.40721812900486,-0.178560121049442,2.18783761806657,2.14084841992958,-1.12622394967012,-0.499663055297737,-0.459133123814017,-0.150662345400436,-0.137881893101475,-1.09542052868858,-0.482991388339556,-0.452454947197622,-0.132053130867325,-0.11578375940243,-0.584867307644152,-0.491716543892917,-0.173272696819296,-0.289555223122662,-0.306650229859764,2.24118191013093,-0.130781764013622,3.80223897600087,3.7447090330076,4.14618499614443,4.08766230299161,-0.075079888588345,-0.0822923157224407,2.97784024141045,-0.878660317996093,0.127151739590268,0.638281770543895,-0.878664970227119,0.345726682405881,-0.653137775721136,0.70787103566308,0.0708356247881729,-0.505682139453989,0.613722507232963,-0.579477869256204,0.231963289497385,-0.0421695831034994,-0.376515609074279,0.577767893095068,-0.473039991588124,0.0972053120905911,0.8894275417093,-0.61446395870957,-0.1735776336434,-1.32849940599971,0.882652632580064,0.0123663036199829,-0.797551884807006,1.07924725844415,0.495786912576048,-0.715827924487744,0.0998373454921651,0.471661814553427,0.589045570785157,-0.445882843188707,0.0651716529877008,-0.669007101430994,0.385766664936583,-0.957612044483902,1.07641780061139,-0.894649693719707,0.0402567141904984,0.666503225647057,-0.686157168276603,0.437398215174951,-0.063672278443003,-0.737934951795638,0.4056446678659,0.767297055901994,-0.990737241763597,0.959101928906787,-0.120714410511085,0.880687724887195,-0.448097294894123,0.738283700339559,0.871187253418242,-0.812853243580204,-0.579877999919536,-0.745409890281964,-1.28629343999157,0.881552596908527,0.0147517094661894,-0.758772598784935,1.03239839698342,0.472520828967944,-0.708352037569995,0.0941566584947416,0.448342773646925,0.579826323278603,-0.426929471124963,0.0918105114585635,-0.692310691077894,0.412676135009802,-0.97519851338405,0.336115842444728,-0.631676917019022,0.0910775669128808,0.373349256826175,-0.525272924493119,0.244734092107918,0.0207006884623962,-0.469897513481388,0.169624983081439,0.404848799928983,-0.231355328498667,0.149054143023023,-0.022126646780938,0.162893597136649,-0.242089359705016,0.144738538807216,0.186029158625444,-0.152402452076107,-0.306981949128748,-0.224709310655053,0.972949528075959,-0.8113023816923,0.0417369258394057,0.546629634220027,-0.682891162513973,0.448271437879498,-0.0515511490940301,-0.663990225484874,0.364849976890847,0.713689322178605,-0.205931636839548,0.135493978429184,-0.0237540044228023,0.181185618966533,-0.230946474564719,0.138738524839015,0.0103939863188818,-0.0748159115072778,-0.171102950405866,-0.050018549014921,-0.928011764232749,0.886112497593847,-0.101768101413766,0.810316944690952,-0.424815386792139,0.70906222508977,0.208622040386305,-0.164332337449579,-0.215426537744909,-0.0519603362986721,0.873851466283545,-0.797423386305254,-0.55703968859455,-0.287579822291554,-0.747129039747142
0,-0.973899847581546,-0.653137775721146,-2.12993091808961,1.55838986135719,-0.188690710103128,-1.32849940599973,-1.28629343999159,1.41474243812483,2.59397330965399,2.53537997340692,-1.76012543922271,0.633228281961832,0.91696588049914,-0.17876758579041,1.55007683857406,1.48014551190635,-1.82446308056466,1.65351710382121,1.40721812900486,-0.178560121049442,2.18783761806657,2.14084841992958,-1.12622394967012,-0.499663055297737,-0.459133123814017,-0.150662345400436,-0.137881893101475,-1.09542052868858,-0.482991388339556,-0.452454947197622,-0.132053130867325,-0.11578375940243,-0.584867307644152,-0.491716543892917,-0.173272696819296,-0.289555223122662,-0.306650229859764,2.24118191013093,-0.130781764013622,3.80223897600087,3.7447090330076,4.14618499614443,4.08766230299161,-0.075079888588345,-0.0822923157224407,2.97784024141045,-0.973899847581551,0.375223064134599,0.407106699202721,-0.912682947238981,0.708155675670701,-0.653137775721136,0.765648932724646,-0.0818747342904092,-0.366374378174105,0.634790548923945,-0.579477869256204,0.279947429631797,-0.163859058006077,-0.263084998458918,0.577767893095068,-0.517416559250615,0.211058131467363,0.8894275417093,-0.683909092637077,-0.1735776336434,-1.32849940599971,1.00434800548098,-0.305462191185327,-0.519302104422461,1.11933651472671,0.495786912576048,-0.780483559547499,0.266957161616641,0.320113165415012,0.589045570785157,-0.498379256349413,0.195499698376658,-0.669007101430994,0.429866820924016,-0.957612044483902,1.07641780061139,-0.988749929018216,0.336986259991208,0.452403276732899,-0.686157168276603,0.494526297140786,-0.21682095845148,-0.737934951795638,0.458313515840756,0.767297055901994,-0.990737241763597,1.05039753384963,-0.423073422611533,0.880687724887195,-0.513016935463525,0.738283700339559,0.871187253418242,-0.888646491256499,-0.579877999919536,-0.745409890281964,-1.28629343999157,1.00065946828652,-0.295485631510348,-0.490629354653016,1.07145519841195,0.472520828967944,-0.773124771387636,0.258207741789781,0.30002960676701,0.579826323278603,-0.480114866154781,0.224996445941386,-0.692310691077894,0.459435447293192,-0.97519851338405,0.336115842444728,-0.687753662865274,0.26816021320951,0.253995165102823,-0.525272924493119,0.278094585322585,-0.0622224384025862,-0.469897513481388,0.198270177709785,0.404848799928983,-0.231355328498667,0.169659868409918,-0.114189955169591,0.162893597136649,-0.261861063510823,0.144738538807216,0.186029158625444,-0.169798486902971,-0.306981949128748,-0.224709310655053,0.972949528075959,-0.897344080034086,0.310803553655163,0.367213383153188,-0.682891162513973,0.505394013334619,-0.188354691654749,-0.663990225484874,0.412904968262922,0.713689322178605,-0.205931636839548,0.15396560034454,-0.108383719660742,0.181185618966533,-0.249944333139012,0.138738524839015,0.0103939863188818,-0.0797716890677693,-0.171102950405866,-0.050018549014921,-0.928011764232749,0.972009211166818,-0.387870169082768,0.810316944690952,-0.486882798469124,0.70906222508977,0.208622040386305,-0.183524714936947,-0.215426537744909,-0.0519603362986721,0.873851466283545,-0.871489963571436,-0.55703968859455,-0.287579822291554,-0.747129039747142
8190.4208984375,-0.592941729239711,-1.30811192756897,-2.12993091808961,-0.641448069582378,-0.188690710103128,-1.32849940599973,-1.28629343999159,1.41474243812483,2.59397330965399,2.53537997340692,-1.76012543922271,0.848954931764163,-0.599109564467246,-0.17876758579041,1.86899815866678,1.78886380155758,-1.82446308056466,1.1874308811951,-0.610420556254294,-0.178560121049442,1.67625845475118,1.63713045675677,-1.12622394967012,-0.499663055297737,-0.459133123814017,-0.150662345400436,-0.137881893101475,-1.09542052868858,-0.482991388339556,-0.452454947197622,-0.132053130867325,-0.11578375940243,-0.584867307644152,-0.491716543892917,-0.173272696819296,-0.289555223122662,-0.306650229859764,-0.44602634159486,-0.130781764013622,3.80223897600087,3.7447090330076,-0.24109540919036,-0.244547150456313,-0.075079888588345,-0.0822923157224407,2.97784024141045,-0.592941729239718,-0.4902547149162,0.933140068228888,-0.281068937511717,-0.702028011214909,-1.30811192756896,0.895262029638025,0.753549891798514,-1.24726381238777,0.418180108661616,0.105318073075787,-0.265023359366962,-0.0235046147333007,0.0198850405947537,1.38564435842638,-0.726223921746414,-0.500770406521054,0.0926320231765849,-0.018805899384426,-1.20769456413253,-1.32849940599971,0.517566513877313,0.803386243064081,-1.15245285271599,0.374996664688557,1.29864508758891,-0.925525479021766,-0.647296532371437,1.27840581593843,-0.234512941376318,0.0978388194492983,0.0451816838726053,-1.61141246594194,0.637373569247241,-0.0941565827507328,1.07641780061139,-0.612348987824182,-0.698251604562774,0.93958261134823,-1.39207630711197,0.622681664519822,0.621001567172053,0.0481767332181201,-0.13986295572069,1.92482239747343,-0.990737241763597,0.68521511407826,0.631804672425712,1.65145668815355,-0.658651098225408,0.0203689539162058,0.871187253418242,-0.585473500551319,-1.11033594770558,-0.745409890281964,-1.28629343999157,0.524231982774555,0.786878585072118,-1.1007829204073,0.346285005346368,1.27796038641125,-0.918429378384746,-0.639257994969544,1.23786322392493,-0.247054818088058,0.123928190809874,0.0713821937551022,-1.66536355944449,0.679454461478119,-0.0882428554484119,0.336115842444728,-0.463446679480264,-0.34965039310205,0.525582558207308,-0.942325376575036,0.352932145358793,0.39142080278483,-0.024595317672305,-0.127062198235762,1.01721486507693,-0.231355328498667,0.0872369668623394,0.207002942972255,0.410548044036901,-0.306214906275193,-0.0563105724452523,0.186029158625444,-0.100214347595515,-0.77006889426712,-0.224709310655053,0.972949528075959,-0.553177286666943,-0.627923193123886,0.775470789365674,-1.43101447260809,0.63353702796385,0.560049339879335,0.0826487463609346,-0.132870500256664,1.77329791612646,-0.205931636839548,0.0800791126831154,0.186874662662864,0.447261634858674,-0.292562209693303,-0.0474570659554928,0.0103939863188818,-0.059948578825803,-0.295157343078301,-0.050018549014921,-0.928011764232749,0.628422356874932,0.610290269504161,1.53736166390209,-0.626118559097093,0.00660205125121126,0.208622040386305,-0.106755204987477,-0.597591168336202,-0.0519603362986721,0.873851466283545,-0.575223654506707,-1.04539074267343,-0.287579822291554,-0.747129039747142
4813.0498046875,-0.783420788410629,-1.96308607941679,-2.12993091808961,1.55838986135719,-0.188690710103128,-1.32849940599973,-1.28629343999159,1.41474243812483,2.59397330965399,2.53537997340692,-1.76012543922271,0.741091606862997,1.043305500913,-0.17876758579041,1.70953749862042,1.63450465673196,-1.82446308056466,0.721344658568998,0.600162654901201,-0.178560121049442,1.16467929143579,1.13341249358397,-1.12622394967012,-0.499663055297737,-0.459133123814017,-0.150662345400436,-0.137881893101475,-1.09542052868858,-0.482991388339556,-0.452454947197622,-0.132053130867325,-0.11578375940243,-0.584867307644152,-0.491716543892917,-0.173272696819296,-0.289555223122662,-0.306650229859764,2.24118191013093,-0.130781764013622,3.80223897600087,3.7447090330076,4.14618499614443,4.08766230299161,-0.075079888588345,-0.0822923157224407,2.97784024141045,-0.783420788410635,-0.0997849984329752,0.798842579775198,-0.743811221480749,-0.0415316024030472,-1.96308607941678,1.60330389544705,0.333734550603831,-1.56792077389177,1.45411072559533,1.37429695793848,-1.14682216733398,-0.0958837722086558,0.866265850325944,1.0996654994301,-0.758397217460184,-0.0483157336762643,-1.64414548287575,1.08218712128127,-0.264548387035116,-1.32849940599971,0.760957259679147,0.303117207596654,-0.990808059219693,0.920325800761001,2.10150326260178,-1.71785089775406,-0.187868219518172,1.62723870870976,-1.76062940582697,1.06255912949309,0.122698939397082,-1.27781194355975,0.669346464726636,1.78791979511061,1.07641780061139,-0.800549458421199,-0.231192778502069,0.815204644249866,-2.09799544594734,1.32276034170115,0.199981239938132,1.50490138323462,-1.10775207973391,1.51507190881906,-0.990737241763597,0.867806323963944,0.155884942695272,2.4222256514199,-1.4542117844759,-1.30998158998513,0.871187253418242,-0.737059995903909,-1.64079389549162,-0.745409890281964,-1.28629343999157,0.762445725530536,0.298558192555446,-0.945009358734665,0.877569787250318,2.08339994385457,-1.71218978916821,-0.188265921331474,1.57924872180254,-1.77932836677792,1.10130983831208,0.150599280796952,-1.32091417766381,0.713355262299576,1.84505696833218,0.336115842444728,-0.575600171172769,-0.0709184162379221,0.456245693024897,-1.35937782865695,0.761749825843996,0.163457218599696,0.800583467617236,-0.653471516116678,0.800444410540632,-0.231355328498667,0.128448417636128,0.0620932723722539,0.658202490937153,-0.548508149277268,-0.428869843358844,0.186029158625444,-0.135006417249243,-1.23315583940549,-0.224709310655053,0.972949528075959,-0.725260683350514,-0.204406407895688,0.671241766027371,-2.17913778270221,1.33354822535935,0.183963354335842,1.46622746130108,-1.01597133294975,1.39820881564675,-0.205931636839548,0.117022356513827,0.0536656310437785,0.713337650750814,-0.525372331130997,-0.39249163547725,0.0103939863188818,-0.0698601339467862,-0.419211735750735,-0.050018549014921,-0.928011764232749,0.800215784020875,0.159959327573723,2.26440638311323,-1.38672647673871,-1.29510999602309,0.208622040386305,-0.145139959962212,-0.979755798927496,-0.0519603362986721,0.873851466283545,-0.723356809039072,-1.5337417967523,-0.287579822291554,-0.747129039747142
7344.67822265625,-0.402462670068794,0.656810527974498,0.469323281677592,1.55838986135719,-0.188690710103128,-1.32849940599973,-1.28629343999159,-0.706578202000684,2.59397330965399,2.53537997340692,0.0517717155885639,-0.661131616852152,1.29598474174074,-0.17876758579041,2.02845881871315,1.9432229463832,0.759635189816433,-0.676914009309313,2.21427360310853,-0.178560121049442,3.21099594469735,3.14828434627518,-1.12622394967012,-0.499663055297737,-0.459133123814017,-0.150662345400436,-0.137881893101475,-1.09542052868858,-0.482991388339556,-0.452454947197622,-0.132053130867325,-0.11578375940243,-0.584867307644152,2.03293173809087,-0.173272696819296,3.45228159742381,3.25982526959618,-0.44602634159486,-0.130781764013622,-0.262904613448501,-0.266943615488728,4.14618499614443,4.08766230299161,-0.075079888588345,-0.0822923157224407,2.97784024141045,-0.402462670068802,-0.796186085315076,0.860036477205174,0.282606174354264,-1.02514037676671,0.656810527974507,-0.070706433437794,-0.343771674871945,0.400129542166925,0.245555082034508,-0.196520926328079,-0.141961846267519,0.152657083018421,-0.20644273456081,-0.942254837430869,0.24219695513711,0.634780872081133,-1.23006017831335,0.43207295854875,-0.608108605185005,-1.32849940599971,0.274175768075478,1.19534491521695,-1.06446301008434,-0.289279050819615,-1.10992943744968,0.155429481338123,0.553566195984942,-0.513742986027977,0.12848873824059,-0.0367949995115834,-0.143485493455282,1.10413227927714,-0.325015231456426,1.33919209831551,1.07641780061139,-0.424148517227165,-1.06419021819091,0.871878619681586,0.725681109394132,-0.332422767131687,-0.479469615623987,-0.298319426814917,-0.00478690545003074,-1.41059140335251,-0.990737241763597,0.502623904192576,1.00468576657979,-0.660850201645505,0.426717677959656,0.336805800752327,0.871187253418242,-0.433887005198729,0.48103789565255,-0.745409890281964,-1.28629343999157,0.286018240018573,1.16947554603967,-1.01598902831043,-0.300883017216368,-1.13835828591868,0.164483315173044,0.539553925986418,-0.516024163727858,0.117411384042328,-0.0124726109722794,-0.121422158091489,1.13849208805014,-0.340964570213367,1.38411649463832,0.336115842444728,-0.351293187787758,-0.568035717382874,0.487839679367774,0.308831979670717,-0.204810278594182,-0.204434881359505,-0.22087213665818,-0.0535979039060584,-0.747320347671928,-0.231355328498667,0.0460255160885504,0.320539056630413,-0.332415296663854,0.0243412978963528,0.0323062823287814,0.186029158625444,-0.0654222779417864,0.619191941147997,-0.224709310655053,0.972949528075959,-0.381093889983372,-0.959746802029432,0.7187346881723,0.813355457674261,-0.321475342260005,-0.42297157994935,-0.246448939893481,-0.00962728002467029,-1.27996839330003,-0.205931636839548,0.0431358688524033,0.291243375196516,-0.350966412817747,0.0250563465720135,0.0346127702462811,0.0103939863188818,-0.0500370237048199,0.0770058349390033,-0.050018549014921,-0.928011764232749,0.456628929728989,0.963122656708546,-0.643772493731325,0.411564799312873,0.31622695245967,0.208622040386305,-0.0683704500127425,0.548902723437677,-0.0519603362986721,0.873851466283545,-0.427090499974343,0.419662419563202,-0.287579822291554,-0.747129039747142
0,-0.878660317996087,-0.653137775721146,0.469323281677592,1.55838986135719,-0.188690710103128,-1.32849940599973,-1.28629343999159,1.41474243812483,2.59397330965399,2.53537997340692,-0.250211143546648,0.687159944412415,0.980135690706072,-0.17876758579041,1.62980716859724,1.55732508431915,0.0213213982789787,1.65351710382121,1.40721812900486,-0.178560121049442,2.18783761806657,2.14084841992958,-1.12622394967012,-0.499663055297737,-0.459133123814017,-0.150662345400436,-0.137881893101475,-1.09542052868858,-0.482991388339556,-0.452454947197622,-0.132053130867325,-0.11578375940243,1.70915035796891,2.03293173809087,-0.173272696819296,3.45228159742381,3.25982526959618,2.24118191013093,-0.130781764013622,3.80223897600087,3.7447090330076,4.14618499614443,4.08766230299161,-0.075079888588345,-0.0822923157224407,2.97784024141045,-0.878660317996093,0.127151739590268,0.638281770543895,-0.878664970227119,0.345726682405881,-0.653137775721136,0.70787103566308,0.0708356247881729,-0.505682139453989,0.613722507232963,-0.579477869256204,0.231963289497385,-0.0421695831034994,-0.376515609074279,0.577767893095068,-0.473039991588124,0.0972053120905911,0.8894275417093,-0.61446395870957,-0.1735776336434,-1.32849940599971,0.882652632580064,0.0123663036199829,-0.797551884807006,1.07924725844415,0.495786912576048,-0.715827924487744,0.0998373454921651,0.471661814553427,0.589045570785157,-0.445882843188707,0.0651716529877008,-0.669007101430994,0.385766664936583,-0.957612044483902,1.07641780061139,-0.894649693719707,0.0402567141904984,0.666503225647057,-0.686157168276603,0.437398215174951,-0.063672278443003,-0.737934951795638,0.4056446678659,0.767297055901994,-0.990737241763597,0.959101928906787,-0.120714410511085,0.880687724887195,-0.448097294894123,0.738283700339559,0.871187253418242,-0.812853243580204,-0.579877999919536,-0.745409890281964,-1.28629343999157,0.881552596908527,0.0147517094661894,-0.758772598784935,1.03239839698342,0.472520828967944,-0.708352037569995,0.0941566584947416,0.448342773646925,0.579826323278603,-0.426929471124963,0.0918105114585635,-0.692310691077894,0.412676135009802,-0.97519851338405,0.336115842444728,-0.631676917019022,0.0910775669128808,0.373349256826175,-0.525272924493119,0.244734092107918,0.0207006884623962,-0.469897513481388,0.169624983081439,0.404848799928983,-0.231355328498667,0.149054143023023,-0.022126646780938,0.162893597136649,-0.242089359705016,0.144738538807216,0.186029158625444,-0.152402452076107,-0.306981949128748,-0.224709310655053,0.972949528075959,-0.8113023816923,0.0417369258394057,0.546629634220027,-0.682891162513973,0.448271437879498,-0.0515511490940301,-0.663990225484874,0.364849976890847,0.713689322178605,-0.205931636839548,0.135493978429184,-0.0237540044228023,0.181185618966533,-0.230946474564719,0.138738524839015,0.0103939863188818,-0.0748159115072778,-0.171102950405866,-0.050018549014921,-0.928011764232749,0.886112497593847,-0.101768101413766,0.810316944690952,-0.424815386792139,0.70906222508977,0.208622040386305,-0.164332337449579,-0.215426537744909,-0.0519603362986721,0.873851466283545,-0.797423386305254,-0.55703968859455,-0.287579822291554,-0.747129039747142
0,-0.497702199654253,-0.325650699797235,0.469323281677592,1.55838986135719,-0.188690710103128,-1.32849940599973,-1.28629343999159,1.41474243812483,2.59397330965399,2.53537997340692,-0.00862485623847852,0.902886594214745,1.2328149315338,-0.17876758579041,1.94872848868996,1.86604337397039,0.205899846163342,1.88656021513426,1.60898199753078,-0.178560121049442,2.44362719972426,2.39270740151598,-1.12622394967012,-0.499663055297737,-0.459133123814017,-0.150662345400436,-0.137881893101475,-1.09542052868858,-0.482991388339556,-0.452454947197622,-0.132053130867325,-0.11578375940243,1.70915035796891,2.03293173809087,-0.173272696819296,3.45228159742381,3.25982526959618,2.24118191013093,-0.130781764013622,3.80223897600087,3.7447090330076,4.14618499614443,4.08766230299161,-0.075079888588345,-0.0822923157224407,2.97784024141045,-0.49770219965426,-0.653787693376182,0.919386075611619,-0.00141483486751773,-0.913890409064484,-0.325650699797225,0.325367278152772,0.349775999260459,-0.397284424756324,0.0699838768365369,-0.702807236973186,0.0933945763440122,0.409170548257983,-0.610455065796856,0.0274851773315261,-0.0746628240693133,0.0245746604743949,0.685654126037169,-0.253539389358675,0.365275385271113,-1.32849940599971,0.395871140976395,1.01290437455484,-1.13589810309284,0.0454319469670141,0.0943578250696166,-0.287791865504512,-0.205423308551041,0.353739258902577,0.737365594757455,-0.294283577338156,-0.4182085010727,-0.0270904154181826,-0.0101291006627218,-0.736790937153716,1.07641780061139,-0.518248752525673,-0.893860937930912,0.926844520257185,-0.333197598858919,0.0591963919413351,0.216068731985231,-0.879510932426488,0.253547444351993,-0.0211479797679478,-0.990737241763597,0.593919509135418,0.831125048949794,0.49530324325402,-0.0183134551058004,0.867577649496993,0.871187253418242,-0.509680252875024,-0.314649026026515,-0.745409890281964,-1.28629343999157,0.405125111396564,0.991392494499533,-1.08482946929009,0.0252078656964038,0.0698010502462883,-0.279540756275659,-0.205498655545577,0.33293780122004,0.728744741215734,-0.273340561806353,-0.402169409262628,-0.029518546530538,-0.00709139915957402,-0.748367438455199,0.336115842444728,-0.407369933634011,-0.466386386815375,0.518481466870427,-0.31674669845216,0.0238794979469335,0.172167872481186,-0.550094890330758,0.086903322412749,-0.0122625727025431,-0.231355328498667,0.0666312414754449,0.267692694419064,0.0390663736865232,-0.111195862663346,0.180946784560529,0.186029158625444,-0.0828183127686505,-0.0754384765595617,-0.224709310655053,0.972949528075959,-0.467135588325158,-0.805296644616991,0.764796239647684,-0.308829507466914,0.070106069088594,0.198333872598478,-0.798457307747402,0.226076659366097,-0.00806000429161737,-0.205931636839548,0.0616074907677593,0.242664058815369,0.0481476110204633,-0.105176021521526,0.17227170321355,0.0103939863188818,-0.0549928012653115,-0.109075754069649,-0.050018549014921,-0.928011764232749,0.542525643301961,0.79889378244711,0.446794585085383,-0.0139139972852096,0.835572859470647,0.208622040386305,-0.0875628275001099,-0.0243442224492625,-0.0519603362986721,0.873851466283545,-0.501157077240525,-0.312864161555112,-0.287579822291554,-0.747129039747142
0,-0.878660317996087,0.0018363761266763,0.469323281677592,1.55838986135719,-0.188690710103128,-1.32849940599973,-1.28629343999159,-0.706578202000684,2.59397330965399,2.53537997340692,-0.250211143546648,-0.661131616852152,0.980135690706072,-0.17876758579041,1.62980716859724,1.55732508431915,0.390478294047706,-0.676914009309313,1.8107458660567,-0.178560121049442,2.69941678138196,2.64456638310238,-1.12622394967012,-0.499663055297737,-0.459133123814017,-0.150662345400436,-0.137881893101475,-1.09542052868858,-0.482991388339556,-0.452454947197622,-0.132053130867325,-0.11578375940243,-0.584867307644152,2.03293173809087,-0.173272696819296,3.45228159742381,3.25982526959618,-0.44602634159486,-0.130781764013622,-0.262904613448501,-0.266943615488728,4.14618499614443,4.08766230299161,-0.075079888588345,-0.0822923157224407,2.97784024141045,-0.878660317996093,0.127151739590268,0.638281770543895,-0.878664970227119,0.345726682405881,0.00183637612668535,0.173325310608748,0.149329107211214,-0.119967509239709,0.0680169747971048,-0.680090869057492,0.30882653735109,-0.0529992725035107,-0.430893073625935,-0.479639853283965,0.27624418883472,-0.00959649815203349,0.139167089991882,-0.0740244729197729,0.523731327539782,-1.32849940599971,0.882652632580064,0.0123663036199829,-0.797551884807006,1.07924725844415,-0.307071262436815,-0.117651198099834,0.0139373683808664,0.0520546754762569,0.71004613065746,-0.52997406176424,0.0767701273241455,0.564481897724801,-0.358850392580757,-0.144584775014889,1.07641780061139,-0.894649693719707,0.0402567141904984,0.666503225647057,0.0197619705587645,-0.0911355935728902,0.015046501965152,-0.853433671806651,0.490012100620148,-0.7477566872538,-0.990737241763597,0.959101928906787,-0.120714410511085,0.109918761620845,0.152521940199516,0.843762649284933,0.871187253418242,-0.812853243580204,-0.0494200521334932,-0.745409890281964,-1.28629343999157,0.881552596908527,0.0147517094661894,-0.758772598784935,1.03239839698342,-0.332918728475367,-0.109091944641938,0.00983401724894524,0.0376940216074666,0.701315057322065,-0.512124333196533,0.103663322098547,0.581292000424232,-0.376839927788571,-0.140043524307904,0.336115842444728,-0.631676917019022,0.0910775669128808,0.373349256826175,-0.108220472411201,-0.0639083116577033,0.0633233699904432,-0.535323119810013,0.215510200329651,-0.396660649466282,-0.231355328498667,0.149054143023023,-0.022126646780938,-0.0847608497636027,-0.0591668186652701,0.174277490398561,0.186029158625444,-0.152402452076107,0.156104996009625,-0.224709310655053,0.972949528075959,-0.8113023816923,0.0417369258394057,0.546629634220027,0.0652321475801442,-0.0802114260968779,0.0187661923632961,-0.773689454236345,0.441826717582518,-0.673203827271876,-0.205931636839548,0.135493978429184,-0.0237540044228023,-0.0848903969256068,-0.055183343635022,0.166095136906273,0.0103939863188818,-0.0748159115072778,-0.0470485577334314,-0.050018549014921,-0.928011764232749,0.886112497593847,-0.101768101413766,0.0832722254798136,0.149415785757571,0.812270525492589,0.208622040386305,-0.164332337449579,0.166738092846384,-0.0519603362986721,0.873851466283545,-0.797423386305254,-0.0686886345156736,-0.287579822291554,-0.747129039747142
0,-0.592941729239711,0.329323452050587,-2.12993091808961,1.55838986135719,-0.188690710103128,-1.32849940599973,-1.28629343999159,-0.706578202000684,2.59397330965399,2.53537997340692,-1.76012543922271,-0.661131616852152,1.16964512132687,-0.17876758579041,1.86899815866678,1.78886380155758,-1.82446308056466,-0.676914009309313,2.01250973458261,-0.178560121049442,2.95520636303966,2.89642536468878,-1.12622394967012,-0.499663055297737,-0.459133123814017,-0.150662345400436,-0.137881893101475,-1.09542052868858,-0.482991388339556,-0.452454947197622,-0.132053130867325,-0.11578375940243,-0.584867307644152,-0.491716543892917,-0.173272696819296,-0.289555223122662,-0.306650229859764,-0.44602634159486,-0.130781764013622,-0.262904613448501,-0.266943615488728,4.14618499614443,4.08766230299161,-0.075079888588345,-0.0822923157224407,2.97784024141045,-0.592941729239718,-0.4902547149162,0.933140068228888,-0.281068937511717,-0.702028011214909,0.329323452050596,-0.00654968326108725,-0.00306185358717234,0.162481040768272,-0.0182230694358509,-0.511328765509124,0.05287782467257,0.232411648309135,-0.467346913051718,-0.838066693341424,0.337119215898415,0.365221740104536,-0.586048574206498,0.311101042217225,0.164637934131594,-1.32849940599971,0.517566513877313,0.803386243064081,-1.15245285271599,0.374996664688557,-0.708500349943247,0.083635670261459,0.180707648415067,-0.255212456028459,0.507087178485172,-0.249956761650395,-0.228901726975117,0.98259455646692,-0.41934624277057,0.641302459064514,1.07641780061139,-0.612348987824182,-0.698251604562774,0.93958261134823,0.372721539976448,-0.268987573586117,-0.137781863001805,-0.659703169936127,0.209075028502912,-1.26131063797538,-0.990737241763597,0.68521511407826,0.631804672425712,-0.27546572001233,0.354630714373312,0.666838699703377,0.871187253418242,-0.585473500551319,0.215808921759528,-0.745409890281964,-1.28629343999157,0.524231982774555,0.786878585072118,-1.1007829204073,0.346285005346368,-0.735638507197023,0.0925594772844378,0.17354198280014,-0.263013121680556,0.497537271597596,-0.22843198499463,-0.208711435294952,1.01300189640995,-0.440983563735815,0.66723277384298,0.336115842444728,-0.463446679480264,-0.34965039310205,0.525582558207308,0.100305753629758,-0.1677666868784,-0.0194263206763079,-0.425582201919154,0.0627159506252017,-0.668346288432616,-0.231355328498667,0.0872369668623394,0.207002942972255,-0.208588073213729,0.00238673869380272,0.124730656321311,0.186029158625444,-0.100214347595515,0.387648468578811,-0.224709310655053,0.972949528075959,-0.553177286666943,-0.627923193123886,0.775470789365674,0.439293802627203,-0.258046263160445,-0.117751221499395,-0.589686664951705,0.185500082469196,-1.14331550439655,-0.205931636839548,0.0800791126831154,0.186874662662864,-0.217928404871677,0.00396106743534802,0.120208825917183,0.0103939863188818,-0.059948578825803,0.014978638602786,-0.050018549014921,-0.928011764232749,0.628422356874932,0.610290269504161,-0.280250134125756,0.342644959242682,0.639155223155597,0.208622040386305,-0.106755204987477,0.357820408142031,-0.0519603362986721,0.873851466283545,-0.575223654506707,0.175486892523764,-0.287579822291554,-0.747129039747142
4350.9072265625,-1.069139377167,-0.325650699797235,-2.12993091808961,1.55838986135719,-0.188690710103128,-1.32849940599973,-1.28629343999159,1.41474243812483,2.59397330965399,2.53537997340692,-1.76012543922271,0.579296619511249,0.853796070292207,-0.17876758579041,1.47034650855087,1.40296593949354,-1.82446308056466,1.88656021513426,1.60898199753078,-0.178560121049442,2.44362719972426,2.39270740151598,-1.12622394967012,-0.499663055297737,-0.459133123814017,-0.150662345400436,-0.137881893101475,-1.09542052868858,-0.482991388339556,-0.452454947197622,-0.132053130867325,-0.11578375940243,-0.584867307644152,-0.491716543892917,-0.173272696819296,-0.289555223122662,-0.306650229859764,2.24118191013093,-0.130781764013622,3.80223897600087,3.7447090330076,4.14618499614443,4.08766230299161,-0.075079888588345,-0.0822923157224407,2.97784024141045,-1.06913937716701,0.644428975200017,0.0990627016715037,-0.815246104441951,0.980171520710378,-0.325650699797225,0.498213620627485,-0.0486854651180268,-0.150812979387166,0.321286644277872,-0.702807236973186,0.44257375369227,-0.363195194371598,-0.122282098813212,0.0274851773315261,-0.0873291336321503,0.0529185563766783,0.685654126037169,-0.574748304381199,0.365275385271113,-1.32849940599971,1.1260433783819,-0.650368276819275,-0.148530402419433,1.00450985819474,0.0943578250696166,-0.481213409188428,0.230636216561826,0.0856105182371971,0.737365594757455,-0.676298432868383,0.408986436228912,-0.0270904154181826,0.00245831330211183,-0.736790937153716,1.07641780061139,-1.08285016431672,0.658995858900061,0.167112117300692,-0.333197598858919,0.230098770230878,-0.18353642690519,-0.879510932426488,0.636817102956364,-0.0211479797679478,-0.990737241763597,1.14169313879247,-0.751192093606072,0.49530324325402,-0.212524788468055,0.867577649496993,0.871187253418242,-0.964439738932794,-0.314649026026515,-0.745409890281964,-1.28629343999157,1.11976633966451,-0.632153830374166,-0.133324752758972,0.959585776558346,0.0698010502462883,-0.47331260852112,0.222553739046599,0.0705334651491509,0.728744741215734,-0.660369118146691,0.443164612245758,-0.029518546530538,0.00625501214540373,-0.748367438455199,0.336115842444728,-0.743830408711527,0.460329522651965,0.0949541780151277,-0.31674669845216,0.123679586364194,-0.0442003605635753,-0.550094890330758,0.295353561747832,-0.0122625727025431,-0.231355328498667,0.190265593796812,-0.214096652793704,0.0390663736865232,-0.170344202446041,0.180946784560529,0.186029158625444,-0.187194521729835,-0.0754384765595617,-0.224709310655053,0.972949528075959,-0.983385778375871,0.602793475551582,0.128138733451327,-0.308829507466914,0.240991974292668,-0.158622526625612,-0.798457307747402,0.575771419088279,-0.00806000429161737,-0.205931636839548,0.172437222259896,-0.20022351467004,0.0481476110204633,-0.162009352889043,0.17227170321355,0.0103939863188818,-0.0847274666282609,-0.109075754069649,-0.050018549014921,-0.928011764232749,1.05790592473979,-0.698346875433284,0.446794585085383,-0.199592702133321,0.835572859470647,0.208622040386305,-0.202717092424314,-0.0243442224492625,-0.0519603362986721,0.873851466283545,-0.945556540837618,-0.312864161555112,-0.287579822291554,-0.747129039747142
7812.52197265625,1.88328603998221,-0.325650699797235,-2.12993091808961,1.55838986135719,-0.188690710103128,-1.32849940599973,-1.28629343999159,1.41474243812483,2.59397330965399,2.53537997340692,-1.76012543922271,2.25117815547931,2.81206018670712,-0.17876758579041,3.94198673926951,3.7955326842906,-1.82446308056466,1.88656021513426,1.60898199753078,-0.178560121049442,2.44362719972426,2.39270740151598,-1.12622394967012,-0.499663055297737,-0.459133123814017,-0.150662345400436,-0.137881893101475,-1.09542052868858,-0.482991388339556,-0.452454947197622,-0.132053130867325,-0.11578375940243,-0.584867307644152,-0.491716543892917,-0.173272696819296,-0.289555223122662,-0.306650229859764,2.24118191013093,-0.130781764013622,3.80223897600087,3.7447090330076,4.14618499614443,4.08766230299161,-0.075079888588345,-0.0822923157224407,2.97784024141045,1.8832860399822,2.12662846447765,2.01909098714738,1.49013673356945,0.797476915642085,-0.325650699797225,-0.394825815491862,-0.503616751469744,-0.727697853943297,-0.390591983225562,-0.702807236973186,-1.36151866260706,-1.2450203449581,-1.26488748418859,0.0274851773315261,-0.0218865342241591,0.085279339478145,0.685654126037169,1.08483108990184,0.365275385271113,-1.32849940599971,-2.64651318154654,-2.54935935748376,-2.45953844349546,-1.71232081607564,0.0943578250696166,0.51813123317847,0.72849394791093,0.713185914210417,0.737365594757455,1.29744498737113,1.35341115613808,-0.0270904154181826,-0.0625766588495285,-0.736790937153716,1.07641780061139,1.83425712993704,2.43192298801208,1.94532269791924,-0.333197598858919,-0.652896850931761,-0.639773491762539,-0.879510932426488,-1.34340946649955,-0.0211479797679478,-0.990737241763597,-1.68847061443564,-2.55775467852785,0.49530324325402,0.790900433903594,0.867577649496993,0.871187253418242,1.38515093903235,-0.314649026026515,-0.745409890281964,-1.28629343999157,-2.57254667305321,-2.48578858318133,-2.36039279390053,-1.6872759015933,0.0698010502462883,0.527841961413763,0.7112695720858,0.684710463504929,0.728744741215734,1.33927842294506,1.40829908114986,-0.029518546530538,-0.062701446263648,-0.748367438455199,0.336115842444728,0.994548712522307,1.51837929274497,1.08625151282988,-0.31674669845216,-0.391954203791652,-0.291232225334326,-0.550094890330758,-0.781639341483429,-0.0122625727025431,-0.231355328498667,-0.448511893196919,-0.764165020935487,0.0390663736865232,0.135255553097881,0.180946784560529,0.186029158625444,0.352082557902951,-0.0754384765595617,-0.224709310655053,0.972949528075959,1.68390687021948,2.2104376442709,1.6182833019112,-0.308829507466914,-0.64191853592838,-0.566166664234469,-0.798457307747402,-1.23098483947633,-0.00806000429161737,-0.205931636839548,-0.400183057116142,-0.705876963063546,0.0481476110204633,0.131629525843125,0.17227170321355,0.0103939863188818,0.0689016377469776,-0.109075754069649,-0.050018549014921,-0.928011764232749,-1.60489219602233,-2.40777596547102,0.446794585085383,0.759747272915254,0.835572859470647,0.208622040386305,0.392246609684074,-0.0243442224492625,-0.0519603362986721,0.873851466283545,1.35050735441403,-0.312864161555112,-0.287579822291554,-0.747129039747142
0,-0.116744081312418,-2.2905731553407,-2.12993091808961,-0.641448069582378,5.29769678474325,-1.32849940599973,-1.28629343999159,1.41474243812483,2.59397330965399,2.53537997340692,-1.76012543922271,1.11861324401708,-0.599109564467246,4.83735086165029,2.26764980878269,2.17476166362162,-1.82446308056466,0.488301547255946,-0.610420556254294,2.28100900257186,0.908889709778092,0.881553511997564,-1.12622394967012,-0.499663055297737,-0.459133123814017,-0.150662345400436,-0.137881893101475,-1.09542052868858,-0.482991388339556,-0.452454947197622,-0.132053130867325,-0.11578375940243,-0.584867307644152,-0.491716543892917,-0.173272696819296,-0.289555223122662,-0.306650229859764,-0.44602634159486,7.64346754124059,3.80223897600087,3.7447090330076,-0.24109540919036,-0.244547150456313,13.3141669096665,12.1472601596958,2.97784024141045,-0.116744081312427,-1.09657374200524,0.470960688052502,0.997720460014642,-0.7567879467004,-2.29057315534069,0.423205239175133,2.51649538005754,-1.11635887474046,-2.09747804053834,2.22785500381884,-0.436862287033332,-2.04786211964052,0.825101531391546,0.28262905978417,-0.0902402820399463,-0.207340131998539,-2.25554569151107,0.24209665147561,1.14943180442174,-1.32849940599971,-0.0909103506272735,1.58020099223148,-0.596158827212901,-1.132021694192,2.50293235010821,-0.39727621548201,-2.57659018090326,1.13599834141057,-2.78714687016073,0.285836922960109,2.21324557760082,-0.324721270956121,0.00535132882018417,2.45046976831216,1.07641780061139,-0.141847811331639,-1.42349774032204,0.511540863114465,-2.45095501536502,0.155933991281439,2.38900719614734,2.48474357011891,-0.328478576050032,0.344422156706744,-0.990737241763597,0.228737089364049,1.37080996610521,2.80761013305307,-0.128244857712002,-2.20482028599004,0.871187253418242,-0.206507262169844,-1.90602286938464,-0.745409890281964,-1.28629343999157,-0.0713023741154002,1.54513955333638,-0.564694501996151,-1.1219217475324,2.48611972257622,-0.389223394946452,-2.53312504422565,1.09849607248758,-2.80998729386905,0.314393649268343,2.28698831938126,-0.336828509527072,0.00932247104710888,2.52563920266846,0.336115842444728,-0.183062950249,-0.782463730210414,0.286962538262324,-1.56790405469791,0.0803703499996729,1.34871638679774,1.35562658131718,-0.229645249926194,0.181135133566846,-0.231355328498667,-0.0157916600721333,0.432017807851692,0.782029714387279,-0.144676194843608,-0.679465788688562,0.186029158625444,-0.0132341734611942,-1.46469931197468,-0.224709310655053,0.972949528075959,-0.122968794958015,-1.28555750978278,0.416770816957042,-2.55319943774927,0.166834344001747,2.13936059021282,2.39686922243153,-0.304963157606836,0.326586024082501,-0.205931636839548,-0.0122789968936648,0.393720845711803,0.846375658696884,-0.137345966106379,-0.624573537260847,0.0103939863188818,-0.0351696910233452,-0.481238932086953,-0.050018549014921,-0.928011764232749,0.198938789010074,1.30956144740377,2.6279287427188,-0.119015589991863,-2.17068547219864,0.208622040386305,-0.0107933175506404,-1.17083811422314,-0.0519603362986721,0.873851466283545,-0.204890768175796,-1.77791732379174,-0.287579822291554,-0.747129039747142
3644.65502929688,-1.35485796592338,-1.30811192756897,-2.12993091808961,1.55838986135719,-0.188690710103128,-1.32849940599973,-1.28629343999159,1.41474243812483,2.59397330965399,2.53537997340692,-1.76012543922271,0.417501632159501,0.664286639671409,-0.17876758579041,1.23115551848133,1.17142722225511,-1.82446308056466,1.1874308811951,1.00369039195303,-0.178560121049442,1.67625845475118,1.63713045675677,-1.12622394967012,-0.499663055297737,-0.459133123814017,-0.150662345400436,-0.137881893101475,-1.09542052868858,-0.482991388339556,-0.452454947197622,-0.132053130867325,-0.11578375940243,-0.584867307644152,-0.491716543892917,-0.173272696819296,-0.289555223122662,-0.306650229859764,2.24118191013093,-0.130781764013622,3.80223897600087,3.7447090330076,4.14618499614443,4.08766230299161,-0.075079888588345,-0.0822923157224407,2.97784024141045,-1.35485796592338,1.5788542275228,-1.34882948886414,0.610994814257264,0.344136193193809,-1.30811192756896,1.82100797918305,-1.79747909390505,1.50686508354108,-0.688320560897194,0.105318073075787,-0.334790954580103,0.160965432631119,-0.183615311983227,1.38564435842638,-1.5776404350242,1.77668014135154,0.0926320231765849,-0.0766664261057939,-1.20769456413253,-1.32849940599971,1.49112949708465,-1.84755207869295,1.5941993897668,-0.676276088908082,1.29864508758891,-1.9614699372988,2.14444266326235,-1.71772670314299,-0.234512941376318,0.174167133206272,-0.152383641518604,-1.61141246594194,1.48348680025234,-0.0941565827507328,1.07641780061139,-1.36515087021225,1.77670497427548,-1.17383542617122,-1.39207630711197,1.53801595626108,-1.93734957666113,0.0481767332181201,-0.216441984865717,1.92482239747343,-0.990737241763597,1.415579953621,-1.89010605995424,1.65145668815355,-1.69882558292502,0.0203689539162058,0.871187253418242,-1.19181948196168,-1.11033594770558,-0.745409890281964,-1.28629343999157,1.47708695379848,-1.8007435742893,1.54610593529528,-0.677913370773329,1.27796038641125,-1.9562500506869,2.10121796977076,-1.69430347517252,-0.247054818088058,0.201258264898881,-0.130515428549457,-1.66536355944449,1.57658672574833,-0.0882428554484119,0.336115842444728,-0.912060646250285,1.12735742985429,-0.652582553831169,-0.942325376575036,0.887450413398115,-0.993811354968724,-0.024595317672305,-0.168711508571092,1.01721486507693,-0.231355328498667,0.252082769957496,-0.56087708107881,0.410548044036901,-0.623006891527376,-0.0563105724452523,0.186029158625444,-0.239382626210427,-0.77006889426712,-0.224709310655053,0.972949528075959,-1.24151087340123,1.61630300572482,-0.995578401219635,-1.43101447260809,1.54878309167591,-1.72525602201652,0.0826487463609346,-0.202741111184077,1.77329791612646,-0.205931636839548,0.227852088005964,-0.519003378326085,0.447261634858674,-0.596955265162939,-0.0474570659554928,0.0103939863188818,-0.0995947993097356,-0.295157343078301,-0.050018549014921,-0.928011764232749,1.3155960654587,-1.77602482657391,1.53736166390209,-1.62059322641644,0.00660205125121126,0.208622040386305,-0.260294224886416,-0.597591168336202,-0.0519603362986721,0.873851466283545,-1.16775627263616,-1.04539074267343,-0.287579822291554,-0.747129039747142
4844.80322265625,1.02613027371309,-0.980624851645057,-2.12993091808961,1.55838986135719,-0.188690710103128,-1.32849940599973,-1.28629343999159,1.41474243812483,2.59397330965399,2.53537997340692,-1.76012543922271,1.76579319342407,2.24353189484473,-0.17876758579041,3.22441376906088,3.10091653257532,-1.82446308056466,1.42047399250815,1.20545426047895,-0.178560121049442,1.93204803640887,1.88898943834317,-1.12622394967012,-0.499663055297737,-0.459133123814017,-0.150662345400436,-0.137881893101475,-1.09542052868858,-0.482991388339556,-0.452454947197622,-0.132053130867325,-0.11578375940243,-0.584867307644152,-0.491716543892917,-0.173272696819296,-0.289555223122662,-0.306650229859764,2.24118191013093,-0.130781764013622,3.80223897600087,3.7447090330076,4.14618499614443,4.08766230299161,-0.075079888588345,-0.0822923157224407,2.97784024141045,1.02613027371307,-0.396011581868013,-1.24850861907509,-0.721767501315422,0.554896461411394,-0.980624851645047,-0.759817509356706,0.51512321350084,1.00854913917746,0.740683865465026,-0.310102765906546,-0.487391954175645,0.124160575168803,0.264500621066673,1.06566778859668,0.818244850741933,-0.296381744011858,0.682450040812758,0.600322333873776,-0.809472178513938,-1.32849940599971,-1.55125482543828,0.682642125712101,1.47344995158194,0.894347878945703,0.89721600008248,0.926570635762148,-0.386372369291101,-1.17562404124812,0.265086058740566,0.341118236238733,-0.112966057231032,-1.23815287878259,-0.897475054073069,-0.733318798038311,1.07641780061139,0.987355012250463,-0.585523049113685,-1.08092448654329,-1.03911673769429,-1.01378356478604,0.381890538421838,-0.428705729914102,-0.383941471696045,1.46635999117585,-0.990737241763597,-0.866810169950057,0.516937463738684,1.26607220652037,1.20100759912758,0.45588080181263,0.871187253418242,0.703011709945697,-0.845106973812558,-0.745409890281964,-1.28629343999157,-1.50058483065129,0.669018372667992,1.42974233552084,0.852260898337173,0.875240607689599,0.937021094520073,-0.383125044348666,-1.16377441393207,0.254559803510672,0.370400494450129,-0.0902334786228098,-1.27996537984137,-0.947942641289884,-0.744800800023883,0.336115842444728,0.489857999906033,-0.28237609839623,-0.600787582058897,-0.733799150534078,-0.602697473205098,0.261952927705704,-0.294730989261904,-0.259810053249595,0.774674326498681,-0.231355328498667,-0.263060364714868,0.172027781545334,0.286720820586775,0.260156389398409,0.0656527531386223,0.186029158625444,0.195518244461175,-0.538525421697934,-0.224709310655053,0.972949528075959,0.909531585143412,-0.525703873536483,-0.917718819488381,-1.05695281756103,-1.00277046432361,0.346457973655633,-0.370288207448762,-0.355567434598272,1.35361750977317,-0.205931636839548,-0.233938459877937,0.154723548350682,0.314223626912604,0.251641865050399,0.0654956017826672,0.0103939863188818,0.0242996397025535,-0.233130146742083,-0.050018549014921,-0.928011764232749,-0.831821773865585,0.501599128848471,1.17383930429652,1.15183647785205,0.432738622349958,0.208622040386305,0.219515212297768,-0.406508853040556,-0.0519603362986721,0.873851466283545,0.68390815901839,-0.801215215633988,-0.287579822291554,-0.747129039747142
0,0.454693096200334,-1.96308607941679,-2.12993091808961,1.55838986135719,-0.188690710103128,-1.32849940599973,-1.28629343999159,1.41474243812483,2.59397330965399,2.53537997340692,-1.76012543922271,1.44220321872057,1.86451303360313,-0.17876758579041,2.74603178892178,2.63783909809847,-1.82446308056466,0.721344658568998,0.600162654901201,-0.178560121049442,1.16467929143579,1.13341249358397,-1.12622394967012,-0.499663055297737,-0.459133123814017,-0.150662345400436,-0.137881893101475,-1.09542052868858,-0.482991388339556,-0.452454947197622,-0.132053130867325,-0.11578375940243,-0.584867307644152,-0.491716543892917,-0.173272696819296,-0.289555223122662,-0.306650229859764,2.24118191013093,-0.130781764013622,3.80223897600087,3.7447090330076,4.14618499614443,4.08766230299161,-0.075079888588345,-0.0822923157224407,2.97784024141045,0.454693096200323,-1.1267152193162,-0.693892595737262,0.987009405809045,1.0180488346498,-1.96308607941678,-0.654257778773929,2.2337949559792,1.13573638896516,-1.76771680755339,1.37429695793848,0.332575057461838,-1.29058997038368,-0.870797939001723,1.0996654994301,0.339607627256908,-0.945363056570424,-1.64414548287575,-0.586653422443528,-0.264548387035116,-1.32849940599971,-0.821082588032777,1.61881819388728,0.805896197640422,-1.11939900951693,2.10150326260178,0.808445335869464,-2.26721468617359,-1.31398715695587,-1.76062940582697,-0.555955815739551,1.40221570735813,-1.27781194355975,-0.421819154373492,1.78791979511061,1.07641780061139,0.422753600459412,-1.45955135066443,-0.567273678198317,-2.09799544594734,-0.909411040902065,2.10549534373165,1.50490138323462,0.516079196786445,1.51507190881906,-0.990737241763597,-0.319036540293004,1.40754757501559,2.4222256514199,1.08239996339563,-1.30998158998513,0.871187253418242,0.248252223887927,-1.64079389549162,-0.745409890281964,-1.28629343999157,-0.785943602383346,1.58283440497324,0.786435343626936,-1.1096241462655,2.08339994385457,0.818681856184445,-2.22943044814293,-1.29918355143779,-1.77932836677792,-0.538447081086264,1.45817383943276,-1.32091417766381,-0.443605587248004,1.84505696833218,0.336115842444728,0.153397524828516,-0.803979850928191,-0.31444316206298,-1.35937782865695,-0.541748133493125,1.1952074613255,0.800583467617236,0.229687405106103,0.800444410540632,-0.231355328498667,-0.139426012393501,0.443203800936809,0.658202490937153,0.224033653316833,-0.428869843358844,0.186029158625444,0.0911420354999903,-1.23315583940549,-0.224709310655053,0.972949528075959,0.393281395092698,-1.31824998511157,-0.487278257227167,-2.17913778270221,-0.898408000788257,1.8861071781281,1.46622746130108,0.465610303697112,1.39820881564675,-0.205931636839548,-0.123108728385801,0.404003632915697,0.713337650750814,0.216932937679521,-0.39249163547725,0.0103939863188818,-0.00543502566039588,-0.419211735750735,-0.050018549014921,-0.928011764232749,-0.316441492427755,1.34432378439336,2.26440638311323,1.03843984024837,-1.29510999602309,0.208622040386305,0.104360947373564,-0.979755798927496,-0.0519603362986721,0.873851466283545,0.239508695421297,-1.5337417967523,-0.287579822291554,-0.747129039747142
0,-0.783420788410629,0.0018363761266763,-2.12993091808961,1.55838986135719,-0.188690710103128,-1.32849940599973,-1.28629343999159,-0.706578202000684,2.59397330965399,2.53537997340692,-1.76012543922271,-0.661131616852152,1.043305500913,-0.17876758579041,1.70953749862042,1.63450465673196,-1.82446308056466,-0.676914009309313,1.8107458660567,-0.178560121049442,2.69941678138196,2.64456638310238,-1.12622394967012,-0.499663055297737,-0.459133123814017,-0.150662345400436,-0.137881893101475,-1.09542052868858,-0.482991388339556,-0.452454947197622,-0.132053130867325,-0.11578375940243,-0.584867307644152,-0.491716543892917,-0.173272696819296,-0.289555223122662,-0.306650229859764,-0.44602634159486,-0.130781764013622,-0.262904613448501,-0.266943615488728,4.14618499614443,4.08766230299161,-0.075079888588345,-0.0822923157224407,2.97784024141045,-0.783420788410635,-0.0997849984329752,0.798842579775198,-0.743811221480749,-0.0415316024030472,0.00183637612668535,0.173487760178744,0.148936323403297,-0.119695470536238,0.068251795046413,-0.680090869057492,0.252511055265681,0.0776513096218875,-0.523354142024745,-0.479639853283965,0.239404532880733,0.0768672164479852,0.139167089991882,-0.0631585206644441,0.523731327539782,-1.32849940599971,0.760957259679147,0.303117207596654,-0.990808059219693,0.920325800761001,-0.307071262436815,-0.117832985264952,0.0143672145167269,0.0517587328981434,0.71004613065746,-0.468362854256537,-0.0631551621141107,0.564481897724801,-0.322240202571235,-0.144584775014889,1.07641780061139,-0.800549458421199,-0.231192778502069,0.815204644249866,0.0197619705587645,-0.0909749710369031,0.0146525907591658,-0.853433671806651,0.42819851896007,-0.7477566872538,-0.990737241763597,0.867806323963944,0.155884942695272,0.109918761620845,0.152339410750867,0.843762649284933,0.871187253418242,-0.737059995903909,-0.0494200521334932,-0.745409890281964,-1.28629343999157,0.762445725530536,0.298558192555446,-0.945009358734665,0.877569787250318,-0.332918728475367,-0.109274061044425,0.010255970347467,0.0374043972444376,0.701315057322065,-0.449704517969727,-0.0393303089038606,0.581292000424232,-0.338022212316151,-0.140043524307904,0.336115842444728,-0.575600171172769,-0.0709184162379221,0.456245693024897,-0.108220472411201,-0.0638145145821228,0.0631100847769779,-0.535323119810013,0.181891426701388,-0.396660649466282,-0.231355328498667,0.128448417636128,0.0620932723722539,-0.0847608497636027,-0.0592224092101789,0.174277490398561,0.186029158625444,-0.135006417249243,0.156104996009625,-0.224709310655053,0.972949528075959,-0.725260683350514,-0.204406407895688,0.671241766027371,0.0652321475801442,-0.080050819043114,0.0184143222170415,-0.773689454236345,0.385428082572118,-0.673203827271876,-0.205931636839548,0.117022356513827,0.0536656310437785,-0.0848903969256068,-0.0552367584201421,0.166095136906273,0.0103939863188818,-0.0698601339467862,-0.0470485577334314,-0.050018549014921,-0.928011764232749,0.800215784020875,0.159959327573723,0.0832722254798136,0.149241275696623,0.812270525492589,0.208622040386305,-0.145139959962212,0.166738092846384,-0.0519603362986721,0.873851466283545,-0.723356809039072,-0.0686886345156736,-0.287579822291554,-0.747129039747142
0,-1.069139377167,-0.653137775721146,-2.12993091808961,1.55838986135719,-0.188690710103128,-1.32849940599973,-1.28629343999159,1.41474243812483,2.59397330965399,2.53537997340692,-1.76012543922271,0.579296619511249,0.853796070292207,-0.17876758579041,1.47034650855087,1.40296593949354,-1.82446308056466,1.65351710382121,1.40721812900486,-0.178560121049442,2.18783761806657,2.14084841992958,-1.12622394967012,-0.499663055297737,-0.459133123814017,-0.150662345400436,-0.137881893101475,-1.09542052868858,-0.482991388339556,-0.452454947197622,-0.132053130867325,-0.11578375940243,-0.584867307644152,-0.491716543892917,-0.173272696819296,-0.289555223122662,-0.306650229859764,2.24118191013093,-0.130781764013622,3.80223897600087,3.7447090330076,4.14618499614443,4.08766230299161,-0.075079888588345,-0.0822923157224407,2.97784024141045,-1.06913937716701,0.644428975200017,0.0990627016715037,-0.815246104441951,0.980171520710378,-0.653137775721136,0.823426829786213,-0.247595344765605,-0.180744848905147,0.574445882762001,-0.579477869256204,0.327931569766209,-0.295915941317339,-0.111937132325917,0.577767893095068,-0.561793126913107,0.334610710645909,0.8894275417093,-0.753354226564584,-0.1735776336434,-1.32849940599971,1.1260433783819,-0.650368276819275,-0.148530402419433,1.00450985819474,0.495786912576048,-0.845139194607255,0.448314851545187,0.118172482839613,0.589045570785157,-0.55087566951012,0.33693112041125,-0.669007101430994,0.473966976911449,-0.957612044483902,1.07641780061139,-1.08285016431672,0.658995858900061,0.167112117300692,-0.686157168276603,0.55165437910662,-0.383017232873278,-0.737934951795638,0.510982363815611,0.767297055901994,-0.990737241763597,1.14169313879247,-0.751192093606072,0.880687724887195,-0.577936576032926,0.738283700339559,0.871187253418242,-0.964439738932794,-0.579877999919536,-0.745409890281964,-1.28629343999157,1.11976633966451,-0.632153830374166,-0.133324752758972,0.959585776558346,0.472520828967944,-0.837897505205277,0.436235256339604,0.102400249297158,0.579826323278603,-0.533300261184599,0.369529236659565,-0.692310691077894,0.506194759576582,-0.97519851338405,0.336115842444728,-0.743830408711527,0.460329522651965,0.0949541780151277,-0.525272924493119,0.311455078537252,-0.152210251210397,-0.469897513481388,0.22691537233813,0.404848799928983,-0.231355328498667,0.190265593796812,-0.214096652793704,0.162893597136649,-0.28163276731663,0.144738538807216,0.186029158625444,-0.187194521729835,-0.306981949128748,-0.224709310655053,0.972949528075959,-0.983385778375871,0.602793475551582,0.128138733451327,-0.682891162513973,0.562516588789741,-0.336813294758848,-0.663990225484874,0.460959959634997,0.713689322178605,-0.205931636839548,0.172437222259896,-0.20022351467004,0.181185618966533,-0.268942191713304,0.138738524839015,0.0103939863188818,-0.0847274666282609,-0.171102950405866,-0.050018549014921,-0.928011764232749,1.05790592473979,-0.698346875433284,0.810316944690952,-0.548950210146109,0.70906222508977,0.208622040386305,-0.202717092424314,-0.215426537744909,-0.0519603362986721,0.873851466283545,-0.945556540837618,-0.55703968859455,-0.287579822291554,-0.747129039747142
14792.900390625,-0.68818125882517,0.0018363761266763,-2.12993091808961,-0.641448069582378,-0.188690710103128,-1.32849940599973,-1.28629343999159,-0.706578202000684,2.59397330965399,2.53537997340692,-1.76012543922271,-0.661131616852152,-0.599109564467246,-0.17876758579041,1.7892678286436,1.71168422914477,-1.82446308056466,-0.676914009309313,-0.610420556254294,-0.178560121049442,2.69941678138196,2.64456638310238,-1.12622394967012,-0.499663055297737,-0.459133123814017,-0.150662345400436,-0.137881893101475,-1.09542052868858,-0.482991388339556,-0.452454947197622,-0.132053130867325,-0.11578375940243,-0.584867307644152,-0.491716543892917,-0.173272696819296,-0.289555223122662,-0.306650229859764,-0.44602634159486,-0.130781764013622,-0.262904613448501,-0.266943615488728,-0.24109540919036,-0.244547150456313,-0.075079888588345,-0.0822923157224407,2.97784024141045,-0.688181258825176,-0.305587149935131,0.895043790976805,-0.536140016360194,-0.403069827270686,0.00183637612668535,0.17365020974874,0.148580119496214,-0.119532476509907,0.0686134120174936,-0.680090869057492,0.196195573180271,0.196134421394042,-0.578752883545449,-0.479639853283965,0.202564876926745,0.155278577457897,0.139167089991882,-0.0522925684091153,0.523731327539782,-1.32849940599971,0.63926188677823,0.566790520744687,-1.10659894330714,0.675590960659174,-0.307071262436815,-0.118014772430069,0.0147570291423603,0.0515814166863172,0.71004613065746,-0.406751646748833,-0.190049229010435,0.564481897724801,-0.285630012561713,-0.144584775014889,1.07641780061139,-0.70644922312269,-0.477362218086493,0.904300212748024,0.0197619705587645,-0.090814348500916,0.0142953644484375,-0.853433671806651,0.366384937299992,-0.7477566872538,-0.990737241763597,0.776510719021102,0.406724637007538,0.109918761620845,0.152156881302217,0.843762649284933,0.871187253418242,-0.661266748227614,-0.0494200521334932,-0.745409890281964,-1.28629343999157,0.643338854152546,0.555933817757422,-1.05659450808214,0.639137824703346,-0.332918728475367,-0.109456177446912,0.0106386270132197,0.0372308666384929,0.701315057322065,-0.387284702742922,-0.169006963145655,0.581292000424232,-0.299204496843732,-0.140043524307904,0.336115842444728,-0.519523425326516,-0.217827736242899,0.505913713538703,-0.108220472411201,-0.0637207175065422,0.0629166627854701,-0.535323119810013,0.148272653073125,-0.396660649466282,-0.231355328498667,0.107842692249234,0.138469802289985,-0.0847608497636027,-0.0592779997550876,0.174277490398561,0.186029158625444,-0.117610382422379,0.156104996009625,-0.224709310655053,0.972949528075959,-0.639218985008729,-0.427626447550119,0.745904057950745,0.0652321475801442,-0.0798902119893501,0.01809522168806,-0.773689454236345,0.329029447561718,-0.673203827271876,-0.205931636839548,0.0985507345984714,0.123875186739001,-0.0848903969256068,-0.0552901732052621,0.166095136906273,0.0103939863188818,-0.0649043563862946,-0.0470485577334314,-0.050018549014921,-0.928011764232749,0.714319070447904,0.397312117879699,0.0832722254798136,0.149066765635675,0.812270525492589,0.208622040386305,-0.125947582474845,0.166738092846384,-0.0519603362986721,0.873851466283545,-0.64929023177289,-0.0686886345156736,-0.287579822291554,-0.747129039747142
0,-0.116744081312418,-0.980624851645057,0.469323281677592,-0.641448069582378,5.29769678474325,-1.32849940599973,-1.28629343999159,1.41474243812483,2.59397330965399,2.53537997340692,0.232961431069691,1.11861324401708,-0.599109564467246,4.83735086165029,2.26764980878269,2.17476166362162,-0.163257049605385,1.42047399250815,-0.610420556254294,4.24866430146891,1.93204803640887,1.88898943834317,-1.12622394967012,-0.499663055297737,-0.459133123814017,-0.150662345400436,-0.137881893101475,-1.09542052868858,-0.482991388339556,-0.452454947197622,-0.132053130867325,-0.11578375940243,1.70915035796891,-0.491716543892917,5.76909222615016,3.45228159742381,3.25982526959618,-0.44602634159486,7.64346754124059,3.80223897600087,3.7447090330076,-0.24109540919036,-0.244547150456313,13.3141669096665,12.1472601596958,2.97784024141045,-0.116744081312427,-1.09657374200524,0.470960688052502,0.997720460014642,-0.7567879467004,-0.980624851645047,0.281159335171465,1.16261863372251,-0.547154375972335,-0.858185265013891,-0.310102765906546,-0.179252188401442,0.308064887370836,-0.186993898411214,1.06566778859668,-0.163962972674445,-0.889419487431744,0.682450040812758,-0.039093455639493,-0.809472178513938,-1.32849940599971,-0.0909103506272735,1.58020099223148,-0.596158827212901,-1.132021694192,0.89721600008248,-0.23832151830416,-1.09496421742632,0.516778191152695,0.265086058740566,0.00400200554222995,-0.309925486689329,-1.23815287878259,0.0786148173694055,-0.733318798038311,1.07641780061139,-0.141847811331639,-1.42349774032204,0.511540863114465,-1.03911673769429,0.0154856458149061,1.03124444942571,-0.428705729914102,-0.0457179163065408,1.46635999117585,-0.990737241763597,0.228737089364049,1.37080996610521,1.26607220652037,0.0313588921864678,0.45588080181263,0.871187253418242,-0.206507262169844,-0.845106973812558,-0.745409890281964,-1.28629343999157,-0.0713023741154002,1.54513955333638,-0.564694501996151,-1.1219217475324,0.875240607689599,-0.229980812612385,-1.0787053949998,0.492495939838944,0.254559803510672,0.0288598286970399,-0.291511918649422,-1.27996537984137,0.0870036098852531,-0.744800800023883,0.336115842444728,-0.183062950249,-0.782463730210414,0.286962538262324,-0.733799150534078,-0.0016458128876025,0.613548884911904,-0.294730989261904,-0.0758591991005042,0.774674326498681,-0.231355328498667,-0.0157916600721333,0.432017807851692,0.286720820586775,-0.0960678223755694,0.0656527531386223,0.186029158625444,-0.0132341734611942,-0.538525421697934,-0.224709310655053,0.972949528075959,-0.122968794958015,-1.28555750978278,0.416770816957042,-1.05695281756103,0.0263995361911679,0.926508127506583,-0.370288207448762,-0.0469726834118667,1.35361750977317,-0.205931636839548,-0.0122789968936648,0.393720845711803,0.314223626912604,-0.0906400779975812,0.0654956017826672,0.0103939863188818,-0.0351696910233452,-0.233130146742083,-0.050018549014921,-0.928011764232749,0.198938789010074,1.30956144740377,1.17383930429652,0.033576007300622,0.432738622349958,0.208622040386305,-0.0107933175506404,-0.406508853040556,-0.0519603362986721,0.873851466283545,-0.204890768175796,-0.801215215633988,-0.287579822291554,-0.747129039747142
0,-0.878660317996087,-0.653137775721146,0.469323281677592,1.55838986135719,-0.188690710103128,-1.32849940599973,-1.28629343999159,1.41474243812483,2.59397330965399,2.53537997340692,-0.250211143546648,0.687159944412415,0.980135690706072,-0.17876758579041,1.62980716859724,1.55732508431915,0.0213213982789787,1.65351710382121,1.40721812900486,-0.178560121049442,2.18783761806657,2.14084841992958,-1.12622394967012,-0.499663055297737,-0.459133123814017,-0.150662345400436,-0.137881893101475,-1.09542052868858,-0.482991388339556,-0.452454947197622,-0.132053130867325,-0.11578375940243,1.70915035796891,2.03293173809087,-0.173272696819296,3.45228159742381,3.25982526959618,2.24118191013093,-0.130781764013622,3.80223897600087,3.7447090330076,4.14618499614443,4.08766230299161,-0.075079888588345,-0.0822923157224407,2.97784024141045,-0.878660317996093,0.127151739590268,0.638281770543895,-0.878664970227119,0.345726682405881,-0.653137775721136,0.70787103566308,0.0708356247881729,-0.505682139453989,0.613722507232963,-0.579477869256204,0.231963289497385,-0.0421695831034994,-0.376515609074279,0.577767893095068,-0.473039991588124,0.0972053120905911,0.8894275417093,-0.61446395870957,-0.1735776336434,-1.32849940599971,0.882652632580064,0.0123663036199829,-0.797551884807006,1.07924725844415,0.495786912576048,-0.715827924487744,0.0998373454921651,0.471661814553427,0.589045570785157,-0.445882843188707,0.0651716529877008,-0.669007101430994,0.385766664936583,-0.957612044483902,1.07641780061139,-0.894649693719707,0.0402567141904984,0.666503225647057,-0.686157168276603,0.437398215174951,-0.063672278443003,-0.737934951795638,0.4056446678659,0.767297055901994,-0.990737241763597,0.959101928906787,-0.120714410511085,0.880687724887195,-0.448097294894123,0.738283700339559,0.871187253418242,-0.812853243580204,-0.579877999919536,-0.745409890281964,-1.28629343999157,0.881552596908527,0.0147517094661894,-0.758772598784935,1.03239839698342,0.472520828967944,-0.708352037569995,0.0941566584947416,0.448342773646925,0.579826323278603,-0.426929471124963,0.0918105114585635,-0.692310691077894,0.412676135009802,-0.97519851338405,0.336115842444728,-0.631676917019022,0.0910775669128808,0.373349256826175,-0.525272924493119,0.244734092107918,0.0207006884623962,-0.469897513481388,0.169624983081439,0.404848799928983,-0.231355328498667,0.149054143023023,-0.022126646780938,0.162893597136649,-0.242089359705016,0.144738538807216,0.186029158625444,-0.152402452076107,-0.306981949128748,-0.224709310655053,0.972949528075959,-0.8113023816923,0.0417369258394057,0.546629634220027,-0.682891162513973,0.448271437879498,-0.0515511490940301,-0.663990225484874,0.364849976890847,0.713689322178605,-0.205931636839548,0.135493978429184,-0.0237540044228023,0.181185618966533,-0.230946474564719,0.138738524839015,0.0103939863188818,-0.0748159115072778,-0.171102950405866,-0.050018549014921,-0.928011764232749,0.886112497593847,-0.101768101413766,0.810316944690952,-0.424815386792139,0.70906222508977,0.208622040386305,-0.164332337449579,-0.215426537744909,-0.0519603362986721,0.873851466283545,-0.797423386305254,-0.55703968859455,-0.287579822291554,-0.747129039747142
3746.70092773438,-1.069139377167,-1.30811192756897,-2.12993091808961,1.55838986135719,-0.188690710103128,-1.32849940599973,-1.28629343999159,1.41474243812483,2.59397330965399,2.53537997340692,-1.76012543922271,0.579296619511249,0.853796070292207,-0.17876758579041,1.47034650855087,1.40296593949354,-1.82446308056466,1.1874308811951,1.00369039195303,-0.178560121049442,1.67625845475118,1.63713045675677,-1.12622394967012,-0.499663055297737,-0.459133123814017,-0.150662345400436,-0.137881893101475,-1.09542052868858,-0.482991388339556,-0.452454947197622,-0.132053130867325,-0.11578375940243,-0.584867307644152,-0.491716543892917,-0.173272696819296,-0.289555223122662,-0.306650229859764,2.24118191013093,-0.130781764013622,3.80223897600087,3.7447090330076,4.14618499614443,4.08766230299161,-0.075079888588345,-0.0822923157224407,2.97784024141045,-1.06913937716701,0.644428975200017,0.0990627016715037,-0.815246104441951,0.980171520710378,-1.30811192756896,1.47385324810367,-0.64541510406076,-0.240608587941109,1.08076435973026,0.105318073075787,-0.308628106375175,0.07765736362664,-0.0544958982938283,1.38564435842638,-1.25835924254503,0.748166243799118,0.0926320231765849,-0.054968728585281,-1.20769456413253,-1.32849940599971,1.1260433783819,-0.650368276819275,-0.148530402419433,1.00450985819474,1.29864508758891,-1.57299076544491,0.88367212151191,0.183296412044443,-0.234512941376318,0.145544015547407,-0.063161645884435,-1.61141246594194,1.16619433862543,-0.0941565827507328,1.07641780061139,-1.08285016431672,0.658995858900061,0.167112117300692,-1.39207630711197,1.19476559685811,-0.781978844809454,0.0481767332181201,-0.187724848936332,1.92482239747343,-0.990737241763597,1.14169313879247,-0.751192093606072,1.65145668815355,-1.30876015116267,0.0203689539162058,0.871187253418242,-0.964439738932794,-1.11033594770558,-0.745409890281964,-1.28629343999157,1.11976633966451,-0.632153830374166,-0.133324752758972,0.959585776558346,1.27796038641125,-1.56706729857359,0.863598290925613,0.166133817593172,-0.247054818088058,0.172259487115503,-0.0393369348530724,-1.66536355944449,1.240162126647,-0.0882428554484119,0.336115842444728,-0.743830408711527,0.460329522651965,0.0949541780151277,-0.942325376575036,0.687006062883369,-0.368230032504039,-0.024595317672305,-0.153093017195343,1.01721486507693,-0.231355328498667,0.190265593796812,-0.214096652793704,0.410548044036901,-0.504209897057807,-0.0563105724452523,0.186029158625444,-0.187194521729835,-0.77006889426712,-0.224709310655053,0.972949528075959,-0.983385778375871,0.602793475551582,0.128138733451327,-1.43101447260809,1.20556581778389,-0.69319483102532,0.0826487463609346,-0.176539632086297,1.77329791612646,-0.205931636839548,0.172437222259896,-0.20022351467004,0.447261634858674,-0.482807869361826,-0.0474570659554928,0.0103939863188818,-0.0847274666282609,-0.295157343078301,-0.050018549014921,-0.928011764232749,1.05790592473979,-0.698346875433284,1.53736166390209,-1.24766522617169,0.00660205125121126,0.208622040386305,-0.202717092424314,-0.597591168336202,-0.0519603362986721,0.873851466283545,-0.945556540837618,-1.04539074267343,-0.287579822291554,-0.747129039747142
1568.15002441406,-1.5453370250943,-1.30811192756897,-2.12993091808961,1.55838986135719,-0.188690710103128,-1.32849940599973,-1.28629343999159,1.41474243812483,2.59397330965399,2.53537997340692,-1.76012543922271,0.309638307258336,0.537947019257543,-0.17876758579041,1.07169485843496,1.0170680774295,-1.82446308056466,1.1874308811951,1.00369039195303,-0.178560121049442,1.67625845475118,1.63713045675677,-1.12622394967012,-0.499663055297737,-0.459133123814017,-0.150662345400436,-0.137881893101475,-1.09542052868858,-0.482991388339556,-0.452454947197622,-0.132053130867325,-0.11578375940243,-0.584867307644152,-0.491716543892917,-0.173272696819296,-0.289555223122662,-0.306650229859764,2.24118191013093,-0.130781764013622,3.80223897600087,3.7447090330076,4.14618499614443,4.08766230299161,-0.075079888588345,-0.0822923157224407,2.97784024141045,-1.5453370250943,2.30747732834342,-2.81310442164129,2.89747837926436,-2.53328379623812,-1.30811192756896,2.05244446656931,-2.69580716727155,3.27411122905197,-3.52443579436401,0.105318073075787,-0.352232853383389,0.22592534612932,-0.314195697757892,1.38564435842638,-1.79049456334365,2.57866936778661,0.0926320231765849,-0.0911315577861359,-1.20769456413253,-1.32849940599971,1.73452024288648,-2.78106256741859,3.35664797950482,-3.37083448641257,1.29864508758891,-2.22045605186805,3.12753525335449,-3.6402596875699,-0.234512941376318,0.193249211645515,-0.221954971016361,-1.61141246594194,1.69501510800361,-0.0941565827507328,1.07641780061139,-1.55335134080927,2.64824465006647,-2.52995564486555,-1.39207630711197,1.76684952919639,-2.8382560998384,0.0481767332181201,-0.235586742151974,1.92482239747343,-0.990737241763597,1.59817116350668,-2.77818033199014,1.65145668815355,-1.95886920409993,0.0203689539162058,0.871187253418242,-1.34340597731427,-1.11033594770558,-0.745409890281964,-1.28629343999157,1.71530069655446,-2.71195769300247,3.24453919844091,-3.30307637023472,1.27796038641125,-2.21570521876243,3.06625855037921,-3.5757914130229,-0.247054818088058,0.220590783421133,-0.20161234790183,-1.66536355944449,1.80086979181589,-0.0882428554484119,0.336115842444728,-1.02421413794279,1.64747601705163,-1.40857758227852,-0.942325376575036,1.02107998040795,-1.48161174548325,-0.024595317672305,-0.179123836154924,1.01721486507693,-0.231355328498667,0.293294220731285,-0.831280979446185,0.410548044036901,-0.702204887840421,-0.0563105724452523,0.186029158625444,-0.274174695864155,-0.77006889426712,-0.224709310655053,0.972949528075959,-1.4135942700848,2.40659249624363,-2.13201027272668,-1.43101447260809,1.77759460760393,-2.53001126953082,0.0826487463609346,-0.22020876391593,1.77329791612646,-0.205931636839548,0.264795331836676,-0.767573686286908,0.447261634858674,-0.673053529030348,-0.0474570659554928,0.0103939863188818,-0.109506354430719,-0.295157343078301,-0.050018549014921,-0.928011764232749,1.48738949260465,-2.61634998740856,1.53736166390209,-1.86921189324628,0.00660205125121126,0.208622040386305,-0.298678979861151,-0.597591168336202,-0.0519603362986721,0.873851466283545,-1.31588942716853,-1.04539074267343,-0.287579822291554,-0.747129039747142
7010.44384765625,-1.64057655467976,-1.30811192756897,-2.12993091808961,1.55838986135719,-0.188690710103128,-1.32849940599973,-1.28629343999159,1.41474243812483,2.59397330965399,2.53537997340692,-1.76012543922271,0.255706644807753,0.47477720905061,-0.17876758579041,0.991964528411782,0.939888505016689,-1.82446308056466,1.1874308811951,1.00369039195303,-0.178560121049442,1.67625845475118,1.63713045675677,-1.12622394967012,-0.499663055297737,-0.459133123814017,-0.150662345400436,-0.137881893101475,-1.09542052868858,-0.482991388339556,-0.452454947197622,-0.132053130867325,-0.11578375940243,-0.584867307644152,-0.491716543892917,-0.173272696819296,-0.289555223122662,-0.306650229859764,2.24118191013093,-0.130781764013622,3.80223897600087,3.7447090330076,4.14618499614443,4.08766230299161,-0.075079888588345,-0.0822923157224407,2.97784024141045,-1.64057655467976,2.70349075853536,-3.71370992199641,4.57228518246426,-5.19242709304557,-1.30811192756896,2.16816271026244,-3.1840568279959,4.36105983651727,-5.60183760051011,0.105318073075787,-0.360953802785031,0.261231663126985,-0.394509449659737,1.38564435842638,-1.89692162750337,3.01455796942419,0.0926320231765849,-0.0983641236263069,-1.20769456413253,-1.32849940599971,1.8562156157874,-3.28843419802437,4.44064583979786,-5.34454853571778,1.29864508758891,-2.34994910915268,3.66185521707811,-4.82271780498446,-0.234512941376318,0.202790250865137,-0.259767635487733,-1.61141246594194,1.80077926187925,-0.0941565827507328,1.07641780061139,-1.64745157610778,3.12193456762418,-3.36404035174674,-1.39207630711197,1.88126631566404,-3.32790717200989,0.0481767332181201,-0.245159120795102,1.92482239747343,-0.990737241763597,1.68946676844952,-3.26085695634923,1.65145668815355,-2.08889101468738,0.0203689539162058,0.871187253418242,-1.41919922499056,-1.11033594770558,-0.745409890281964,-1.28629343999157,1.83440756793245,-3.20721103918997,4.28916429208637,-5.22595957757279,1.27796038641125,-2.3454328028002,3.59076707909694,-4.73300468475876,-0.247054818088058,0.230257042682258,-0.240254184644451,-1.66536355944449,1.91301132484966,-0.0882428554484119,0.336115842444728,-1.08029088378904,1.93016530536904,-1.87355397818628,-0.942325376575036,1.08789476391286,-1.74673579340193,-0.024595317672305,-0.18432999994684,1.01721486507693,-0.231355328498667,0.313899946118179,-0.978248012483064,0.410548044036901,-0.741803885996944,-0.0563105724452523,0.186029158625444,-0.291570730691019,-0.77006889426712,-0.224709310655053,0.972949528075959,-1.49963596842658,2.83612218262403,-2.8309751811247,-1.43101447260809,1.89200036556793,-2.96740322934403,0.0826487463609346,-0.228942590281856,1.77329791612646,-0.205931636839548,0.283266953752032,-0.902673959924358,0.447261634858674,-0.711102660964053,-0.0474570659554928,0.0103939863188818,-0.11446213199121,-0.295157343078301,-0.050018549014921,-0.928011764232749,1.57328620617762,-3.07307452584816,1.53736166390209,-1.9935212266612,0.00660205125121126,0.208622040386305,-0.317871357348518,-0.597591168336202,-0.0519603362986721,0.873851466283545,-1.38995600443471,-1.04539074267343,-0.287579822291554,-0.747129039747142
3811.68310546875,-1.45009749550884,-0.980624851645057,-2.12993091808961,-0.641448069582378,5.29769678474325,-1.32849940599973,-1.28629343999159,1.41474243812483,2.59397330965399,2.53537997340692,-1.76012543922271,0.363569969708919,-0.599109564467246,2.7093006112209,1.15142518845815,1.09424764984231,-1.82446308056466,1.42047399250815,-0.610420556254294,4.24866430146891,1.93204803640887,1.88898943834317,-1.12622394967012,-0.499663055297737,-0.459133123814017,-0.150662345400436,-0.137881893101475,-1.09542052868858,-0.482991388339556,-0.452454947197622,-0.132053130867325,-0.11578375940243,-0.584867307644152,-0.491716543892917,-0.173272696819296,-0.289555223122662,-0.306650229859764,-0.44602634159486,7.64346754124059,3.80223897600087,3.7447090330076,-0.24109540919036,-0.244547150456313,13.3141669096665,12.1472601596958,2.97784024141045,-1.45009749550884,1.93259848467256,-2.02689583195726,1.59245607131494,-0.749108939623212,-0.980624851645047,1.49563232045433,-1.6370974449369,1.71280115356866,-1.41120129716396,-0.310102765906546,0.180244205001795,-0.487121987666153,0.46888784635251,1.06566778859668,-1.30987209999355,1.67482614836926,0.682450040812758,-0.785078543404974,-0.809472178513938,-1.32849940599971,1.61282486998557,-2.30076852764145,2.41034193471,-1.83290135947803,0.89721600008248,-1.59736236471485,1.96892770902466,-1.941758249805,0.265086058740566,-0.389300263603691,0.541710624202695,-1.23815287878259,1.21738633405229,-0.733318798038311,1.07641780061139,-1.45925110551076,2.1998347856169,-1.80181822974261,-1.03911673769429,1.21629972484935,-1.77650758804124,-0.428705729914102,0.34887623164788,1.46635999117585,-0.990737241763597,1.50687555856384,-2.32126336652515,1.26607220652037,-1.3332312659115,0.45588080181263,0.871187253418242,-1.26761272963797,-0.845106973812558,-0.745409890281964,-1.28629343999157,1.59619382517647,-2.24313520470225,2.33260470403719,-1.80475102526777,0.875240607689599,-1.59148303760025,1.92892590384528,-1.91355206864629,0.254559803510672,-0.369604281348231,0.578799232952344,-1.27996537984137,1.29444090292291,-0.744800800023883,0.336115842444728,-0.968137392096538,1.37987339188005,-1.00266352077339,-0.733799150534078,0.699581124149476,-0.906722647271049,-0.294730989261904,0.138750130740102,0.774674326498681,-0.231355328498667,0.27268849534439,-0.692157335644767,0.286720820586775,-0.511662736111878,0.0656527531386223,0.186029158625444,-0.256778661037291,-0.538525421697934,-0.224709310655053,0.972949528075959,-1.32755257174301,1.99998610394389,-1.52182943921683,-1.05695281756103,1.22709787012507,-1.58158025651535,-0.370288207448762,0.313054526305607,1.35361750977317,-0.205931636839548,0.24632370992132,-0.639683492420817,0.314223626912604,-0.489969011553558,0.0654956017826672,0.0103939863188818,-0.104550576870227,-0.233130146742083,-0.050018549014921,-0.928011764232749,1.40149277903168,-2.18400008765048,1.17383930429652,-1.27106120834271,0.432738622349958,0.208622040386305,-0.279486602373783,-0.406508853040556,-0.0519603362986721,0.873851466283545,-1.24182284990235,-0.801215215633988,-0.287579822291554,-0.747129039747142
10798.5595703125,-1.5453370250943,-1.30811192756897,-2.12993091808961,-0.641448069582378,5.29769678474325,-1.32849940599973,-1.28629343999159,1.41474243812483,2.59397330965399,2.53537997340692,-1.76012543922271,0.309638307258336,-0.599109564467246,2.55729702190452,1.07169485843496,1.0170680774295,-1.82446308056466,1.1874308811951,-0.610420556254294,3.75675047674465,1.67625845475118,1.63713045675677,-1.12622394967012,-0.499663055297737,-0.459133123814017,-0.150662345400436,-0.137881893101475,-1.09542052868858,-0.482991388339556,-0.452454947197622,-0.132053130867325,-0.11578375940243,-0.584867307644152,-0.491716543892917,-0.173272696819296,-0.289555223122662,-0.306650229859764,-0.44602634159486,7.64346754124059,3.80223897600087,3.7447090330076,-0.24109540919036,-0.244547150456313,13.3141669096665,12.1472601596958,2.97784024141045,-1.5453370250943,2.30747732834342,-2.81310442164129,2.89747837926436,-2.53328379623812,-1.30811192756896,2.05244446656931,-2.69580716727155,3.27411122905197,-3.52443579436401,0.105318073075787,-0.352232853383389,0.22592534612932,-0.314195697757892,1.38564435842638,-1.79049456334365,2.57866936778661,0.0926320231765849,-0.0911315577861359,-1.20769456413253,-1.32849940599971,1.73452024288648,-2.78106256741859,3.35664797950482,-3.37083448641257,1.29864508758891,-2.22045605186805,3.12753525335449,-3.6402596875699,-0.234512941376318,0.193249211645515,-0.221954971016361,-1.61141246594194,1.69501510800361,-0.0941565827507328,1.07641780061139,-1.55335134080927,2.64824465006647,-2.52995564486555,-1.39207630711197,1.76684952919639,-2.8382560998384,0.0481767332181201,-0.235586742151974,1.92482239747343,-0.990737241763597,1.59817116350668,-2.77818033199014,1.65145668815355,-1.95886920409993,0.0203689539162058,0.871187253418242,-1.34340597731427,-1.11033594770558,-0.745409890281964,-1.28629343999157,1.71530069655446,-2.71195769300247,3.24453919844091,-3.30307637023472,1.27796038641125,-2.21570521876243,3.06625855037921,-3.5757914130229,-0.247054818088058,0.220590783421133,-0.20161234790183,-1.66536355944449,1.80086979181589,-0.0882428554484119,0.336115842444728,-1.02421413794279,1.64747601705163,-1.40857758227852,-0.942325376575036,1.02107998040795,-1.48161174548325,-0.024595317672305,-0.179123836154924,1.01721486507693,-0.231355328498667,0.293294220731285,-0.831280979446185,0.410548044036901,-0.702204887840421,-0.0563105724452523,0.186029158625444,-0.274174695864155,-0.77006889426712,-0.224709310655053,0.972949528075959,-1.4135942700848,2.40659249624363,-2.13201027272668,-1.43101447260809,1.77759460760393,-2.53001126953082,0.0826487463609346,-0.22020876391593,1.77329791612646,-0.205931636839548,0.264795331836676,-0.767573686286908,0.447261634858674,-0.673053529030348,-0.0474570659554928,0.0103939863188818,-0.109506354430719,-0.295157343078301,-0.050018549014921,-0.928011764232749,1.48738949260465,-2.61634998740856,1.53736166390209,-1.86921189324628,0.00660205125121126,0.208622040386305,-0.298678979861151,-0.597591168336202,-0.0519603362986721,0.873851466283545,-1.31588942716853,-1.04539074267343,-0.287579822291554,-0.747129039747142
4657.27294921875,-1.5453370250943,-0.325650699797235,-2.12993091808961,1.55838986135719,-0.188690710103128,-1.32849940599973,-1.28629343999159,1.41474243812483,2.59397330965399,2.53537997340692,-1.76012543922271,0.309638307258336,0.537947019257543,-0.17876758579041,1.07169485843496,1.0170680774295,-1.82446308056466,1.88656021513426,1.60898199753078,-0.178560121049442,2.44362719972426,2.39270740151598,-1.12622394967012,-0.499663055297737,-0.459133123814017,-0.150662345400436,-0.137881893101475,-1.09542052868858,-0.482991388339556,-0.452454947197622,-0.132053130867325,-0.11578375940243,-0.584867307644152,-0.491716543892917,-0.173272696819296,-0.289555223122662,-0.306650229859764,2.24118191013093,-0.130781764013622,3.80223897600087,3.7447090330076,4.14618499614443,4.08766230299161,-0.075079888588345,-0.0822923157224407,2.97784024141045,-1.5453370250943,2.30747732834342,-2.81310442164129,2.89747837926436,-2.53328379623812,-0.325650699797225,0.642252239356411,-0.559124668500396,0.724166404159995,-0.825164680934156,-0.702807236973186,0.733556401482484,-1.35261522524614,1.61074332762503,0.0274851773315261,-0.0978843916011811,0.0892278031633935,0.685654126037169,-0.842422400233303,0.365275385271113,-1.32849940599971,1.73452024288648,-2.78106256741859,3.35664797950482,-3.37083448641257,0.0943578250696166,-0.642398028925024,0.789239485696234,-0.866252769079038,0.737365594757455,-0.99464414581024,1.46864405079085,-0.0270904154181826,0.0129478249394732,-0.736790937153716,1.07641780061139,-1.55335134080927,2.64824465006647,-2.52995564486555,-0.333197598858919,0.372517418805497,-0.695440731853894,-0.879510932426488,0.956208485126673,-0.0211479797679478,-0.990737241763597,1.59817116350668,-2.77818033199014,0.49530324325402,-0.374367566269934,0.867577649496993,0.871187253418242,-1.34340597731427,-0.314649026026515,-0.745409890281964,-1.28629343999157,1.71530069655446,-2.71195769300247,3.24453919844091,-3.30307637023472,0.0698010502462883,-0.634789152059004,0.770899671676122,-0.861008052252681,0.728744741215734,-0.982892915096973,1.52605885197805,-0.029518546530538,0.0173770215662185,-0.748367438455199,0.336115842444728,-1.02421413794279,1.64747601705163,-1.40857758227852,-0.31674669845216,0.206846326711911,-0.321373533846181,-0.550094890330758,0.469062094527067,-0.0122625727025431,-0.231355328498667,0.293294220731285,-0.831280979446185,0.0390663736865232,-0.219634485598287,0.180946784560529,0.186029158625444,-0.274174695864155,-0.0754384765595617,-0.224709310655053,0.972949528075959,-1.4135942700848,2.40659249624363,-2.13201027272668,-0.308829507466914,0.383396895296062,-0.615892692879665,-0.798457307747402,0.867183718856764,-0.00806000429161737,-0.205931636839548,0.264795331836676,-0.767573686286908,0.0481476110204633,-0.209370462361973,0.17227170321355,0.0103939863188818,-0.109506354430719,-0.109075754069649,-0.050018549014921,-0.928011764232749,1.48738949260465,-2.61634998740856,0.446794585085383,-0.354324956173413,0.835572859470647,0.208622040386305,-0.298678979861151,-0.0243442224492625,-0.0519603362986721,0.873851466283545,-1.31588942716853,-0.312864161555112,-0.287579822291554,-0.747129039747142
8551.533203125,-1.64057655467976,-0.325650699797235,-2.12993091808961,1.55838986135719,-0.188690710103128,-1.32849940599973,-1.28629343999159,1.41474243812483,2.59397330965399,2.53537997340692,-1.76012543922271,0.255706644807753,0.47477720905061,-0.17876758579041,0.991964528411782,0.939888505016689,-1.82446308056466,1.88656021513426,1.60898199753078,-0.178560121049442,2.44362719972426,2.39270740151598,-1.12622394967012,-0.499663055297737,-0.459133123814017,-0.150662345400436,-0.137881893101475,-1.09542052868858,-0.482991388339556,-0.452454947197622,-0.132053130867325,-0.11578375940243,-0.584867307644152,-0.491716543892917,-0.173272696819296,-0.289555223122662,-0.306650229859764,2.24118191013093,-0.130781764013622,3.80223897600087,3.7447090330076,4.14618499614443,4.08766230299161,-0.075079888588345,-0.0822923157224407,2.97784024141045,-1.64057655467976,2.70349075853536,-3.71370992199641,4.57228518246426,-5.19242709304557,-0.325650699797225,0.671059963102197,-0.680673016420539,0.994759131895854,-1.34232788208984,-0.702807236973186,0.791752931040527,-1.58822089455013,2.14669204389584,0.0274851773315261,-0.0999954431949873,0.0978739434518069,0.685654126037169,-0.895957219403723,0.365275385271113,-1.32849940599971,1.8562156157874,-3.28843419802437,4.44064583979786,-5.34454853571778,0.0943578250696166,-0.674634952872343,0.922256902963882,-1.16062231445318,0.737365594757455,-1.05831328839861,1.72097504644621,-0.0270904154181826,0.0150457272669455,-0.736790937153716,1.07641780061139,-1.64745157610778,3.12193456762418,-3.36404035174674,-0.333197598858919,0.401001148520421,-0.817337957120728,-0.879510932426488,1.02008676156074,-0.0211479797679478,-0.990737241763597,1.68946676844952,-3.26085695634923,0.49530324325402,-0.40673612183031,0.867577649496993,0.871187253418242,-1.41919922499056,-0.314649026026515,-0.745409890281964,-1.28629343999157,1.83440756793245,-3.20721103918997,4.28916429208637,-5.22595957757279,0.0698010502462883,-0.667084460766581,0.90147456043505,-1.1490929659464,0.728744741215734,-1.04739767448703,1.78392306957636,-0.029518546530538,0.0196014234503815,-0.748367438455199,0.336115842444728,-1.08029088378904,1.93016530536904,-1.87355397818628,-0.31674669845216,0.223479674781454,-0.387375402584008,-0.550094890330758,0.503803801082914,-0.0122625727025431,-0.231355328498667,0.313899946118179,-0.978248012483064,0.0390663736865232,-0.229492542228736,0.180946784560529,0.186029158625444,-0.291570730691019,-0.0754384765595617,-0.224709310655053,0.972949528075959,-1.49963596842658,2.83612218262403,-2.8309751811247,-0.308829507466914,0.411877879496741,-0.724780162519636,-0.798457307747402,0.92546617881046,-0.00806000429161737,-0.205931636839548,0.283266953752032,-0.902673959924358,0.0481476110204633,-0.218842684256559,0.17227170321355,0.0103939863188818,-0.11446213199121,-0.109075754069649,-0.050018549014921,-0.928011764232749,1.57328620617762,-3.07307452584816,0.446794585085383,-0.385271406981432,0.835572859470647,0.208622040386305,-0.317871357348518,-0.0243442224492625,-0.0519603362986721,0.873851466283545,-1.38995600443471,-0.312864161555112,-0.287579822291554,-0.747129039747142
4309.8779296875,-1.45009749550884,-0.653137775721146,-2.12993091808961,1.55838986135719,-0.188690710103128,-1.32849940599973,-1.28629343999159,1.41474243812483,2.59397330965399,2.53537997340692,-1.76012543922271,0.363569969708919,0.601116829464476,-0.17876758579041,1.15142518845815,1.09424764984231,-1.82446308056466,1.65351710382121,1.40721812900486,-0.178560121049442,2.18783761806657,2.14084841992958,-1.12622394967012,-0.499663055297737,-0.459133123814017,-0.150662345400436,-0.137881893101475,-1.09542052868858,-0.482991388339556,-0.452454947197622,-0.132053130867325,-0.11578375940243,-0.584867307644152,-0.491716543892917,-0.173272696819296,-0.289555223122662,-0.306650229859764,2.24118191013093,-0.130781764013622,3.80223897600087,3.7447090330076,4.14618499614443,4.08766230299161,-0.075079888588345,-0.0822923157224407,2.97784024141045,-1.45009749550884,1.93259848467256,-2.02689583195726,1.59245607131494,-0.749108939623212,-0.653137775721136,1.05453841803248,-1.04058030063252,1.10037305959375,-0.916694222383787,-0.579477869256204,0.519868130303858,-0.927817558649223,0.931206374512481,0.577767893095068,-0.739299397563073,0.92581862537784,0.8894275417093,-1.03113476227461,-0.1735776336434,-1.32849940599971,1.61282486998557,-2.30076852764145,2.41034193471,-1.83290135947803,0.495786912576048,-1.10376173484628,1.31612434930008,-1.27551647344164,0.589045570785157,-0.760861322152945,1.01369057500596,-0.669007101430994,0.650367600861182,-0.957612044483902,1.07641780061139,-1.45925110551076,2.1998347856169,-1.80181822974261,-0.686157168276603,0.78016670696996,-1.17827827469367,-0.737934951795638,0.721657755715033,0.767297055901994,-0.990737241763597,1.50687555856384,-2.32126336652515,0.880687724887195,-0.83761513831053,0.738283700339559,0.871187253418242,-1.26761272963797,-0.579877999919536,-0.745409890281964,-1.28629343999157,1.59619382517647,-2.24313520470225,2.33260470403719,-1.80475102526777,0.472520828967944,-1.09698844047584,1.28810962708674,-1.26153419635301,0.579826323278603,-0.746041841303872,1.06112896188585,-0.692310691077894,0.693232008710142,-0.97519851338405,0.336115842444728,-0.968137392096538,1.37987339188005,-1.00266352077339,-0.525272924493119,0.444897051395922,-0.582808361869919,-0.469897513481388,0.341496150851511,0.404848799928983,-0.231355328498667,0.27268849534439,-0.692157335644767,0.162893597136649,-0.360719582539858,0.144738538807216,0.186029158625444,-0.256778661037291,-0.306981949128748,-0.224709310655053,0.972949528075959,-1.32755257174301,1.99998610394389,-1.52182943921683,-0.682891162513973,0.791006890610228,-1.04719831260905,-0.663990225484874,0.653179925123297,0.713689322178605,-0.205931636839548,0.24632370992132,-0.639683492420817,0.181185618966533,-0.344933626010473,0.138738524839015,0.0103939863188818,-0.104550576870227,-0.171102950405866,-0.050018549014921,-0.928011764232749,1.40149277903168,-2.18400008765048,0.810316944690952,-0.79721985685405,0.70906222508977,0.208622040386305,-0.279486602373783,-0.215426537744909,-0.0519603362986721,0.873851466283545,-1.24182284990235,-0.55703968859455,-0.287579822291554,-0.747129039747142
5286.39599609375,-1.45009749550884,-0.653137775721146,-2.12993091808961,1.55838986135719,-0.188690710103128,-1.32849940599973,-1.28629343999159,1.41474243812483,2.59397330965399,2.53537997340692,-1.76012543922271,0.363569969708919,0.601116829464476,-0.17876758579041,1.15142518845815,1.09424764984231,-1.82446308056466,1.65351710382121,1.40721812900486,-0.178560121049442,2.18783761806657,2.14084841992958,-1.12622394967012,-0.499663055297737,-0.459133123814017,-0.150662345400436,-0.137881893101475,-1.09542052868858,-0.482991388339556,-0.452454947197622,-0.132053130867325,-0.11578375940243,-0.584867307644152,-0.491716543892917,-0.173272696819296,-0.289555223122662,-0.306650229859764,2.24118191013093,-0.130781764013622,3.80223897600087,3.7447090330076,4.14618499614443,4.08766230299161,-0.075079888588345,-0.0822923157224407,2.97784024141045,-1.45009749550884,1.93259848467256,-2.02689583195726,1.59245607131494,-0.749108939623212,-0.653137775721136,1.05453841803248,-1.04058030063252,1.10037305959375,-0.916694222383787,-0.579477869256204,0.519868130303858,-0.927817558649223,0.931206374512481,0.577767893095068,-0.739299397563073,0.92581862537784,0.8894275417093,-1.03113476227461,-0.1735776336434,-1.32849940599971,1.61282486998557,-2.30076852764145,2.41034193471,-1.83290135947803,0.495786912576048,-1.10376173484628,1.31612434930008,-1.27551647344164,0.589045570785157,-0.760861322152945,1.01369057500596,-0.669007101430994,0.650367600861182,-0.957612044483902,1.07641780061139,-1.45925110551076,2.1998347856169,-1.80181822974261,-0.686157168276603,0.78016670696996,-1.17827827469367,-0.737934951795638,0.721657755715033,0.767297055901994,-0.990737241763597,1.50687555856384,-2.32126336652515,0.880687724887195,-0.83761513831053,0.738283700339559,0.871187253418242,-1.26761272963797,-0.579877999919536,-0.745409890281964,-1.28629343999157,1.59619382517647,-2.24313520470225,2.33260470403719,-1.80475102526777,0.472520828967944,-1.09698844047584,1.28810962708674,-1.26153419635301,0.579826323278603,-0.746041841303872,1.06112896188585,-0.692310691077894,0.693232008710142,-0.97519851338405,0.336115842444728,-0.968137392096538,1.37987339188005,-1.00266352077339,-0.525272924493119,0.444897051395922,-0.582808361869919,-0.469897513481388,0.341496150851511,0.404848799928983,-0.231355328498667,0.27268849534439,-0.692157335644767,0.162893597136649,-0.360719582539858,0.144738538807216,0.186029158625444,-0.256778661037291,-0.306981949128748,-0.224709310655053,0.972949528075959,-1.32755257174301,1.99998610394389,-1.52182943921683,-0.682891162513973,0.791006890610228,-1.04719831260905,-0.663990225484874,0.653179925123297,0.713689322178605,-0.205931636839548,0.24632370992132,-0.639683492420817,0.181185618966533,-0.344933626010473,0.138738524839015,0.0103939863188818,-0.104550576870227,-0.171102950405866,-0.050018549014921,-0.928011764232749,1.40149277903168,-2.18400008765048,0.810316944690952,-0.79721985685405,0.70906222508977,0.208622040386305,-0.279486602373783,-0.215426537744909,-0.0519603362986721,0.873851466283545,-1.24182284990235,-0.55703968859455,-0.287579822291554,-0.747129039747142
12486.169921875,-1.5453370250943,-0.980624851645057,-2.12993091808961,1.55838986135719,-0.188690710103128,-1.32849940599973,-1.28629343999159,1.41474243812483,2.59397330965399,2.53537997340692,-1.76012543922271,0.309638307258336,0.537947019257543,-0.17876758579041,1.07169485843496,1.0170680774295,-1.82446308056466,1.42047399250815,1.20545426047895,-0.178560121049442,1.93204803640887,1.88898943834317,-1.12622394967012,-0.499663055297737,-0.459133123814017,-0.150662345400436,-0.137881893101475,-1.09542052868858,-0.482991388339556,-0.452454947197622,-0.132053130867325,-0.11578375940243,-0.584867307644152,-0.491716543892917,-0.173272696819296,-0.289555223122662,-0.306650229859764,2.24118191013093,-0.130781764013622,3.80223897600087,3.7447090330076,4.14618499614443,4.08766230299161,-0.075079888588345,-0.0822923157224407,2.97784024141045,-1.5453370250943,2.30747732834342,-2.81310442164129,2.89747837926436,-2.53328379623812,-0.980624851645047,1.58238039083168,-1.98357966768117,2.42412962075464,-2.62467875655406,-0.310102765906546,0.205922518816312,-0.585531293545417,0.675328791786867,1.06566778859668,-1.39172275194492,1.99216744391236,0.682450040812758,-0.838363192531079,-0.809472178513938,-1.32849940599971,1.73452024288648,-2.78106256741859,3.35664797950482,-3.37083448641257,0.89721600008248,-1.69443671088704,2.34810333080174,-2.71559071473961,0.265086058740566,-0.417393282828399,0.647105872999654,-1.23815287878259,1.2987271566725,-0.733318798038311,1.07641780061139,-1.55335134080927,2.64824465006647,-2.52995564486555,-1.03911673769429,1.30207215906609,-2.12398431051023,-0.428705729914102,0.377061527930339,1.46635999117585,-0.990737241763597,1.59817116350668,-2.77818033199014,1.26607220652037,-1.43070199148993,0.45588080181263,0.871187253418242,-1.34340597731427,-0.845106973812558,-0.745409890281964,-1.28629343999157,1.71530069655446,-2.71195769300247,3.24453919844091,-3.30307637023472,0.875240607689599,-1.68873319652796,2.30113892414484,-2.67086362609949,0.254559803510672,-0.398066003494322,0.686505633820855,-1.27996537984137,1.38068642385417,-0.744800800023883,0.336115842444728,-1.02421413794279,1.64747601705163,-1.40857758227852,-0.733799150534078,0.749668762509267,-1.09486567493756,-0.294730989261904,0.15407936858586,0.774674326498681,-0.231355328498667,0.293294220731285,-0.831280979446185,0.286720820586775,-0.541348087093043,0.0656527531386223,0.186029158625444,-0.274174695864155,-0.538525421697934,-0.224709310655053,0.972949528075959,-1.4135942700848,2.40659249624363,-2.13201027272668,-1.05695281756103,1.31286203683464,-1.89197174398044,-0.370288207448762,0.338770755571141,1.35361750977317,-0.205931636839548,0.264795331836676,-0.767573686286908,0.314223626912604,-0.518492506807556,0.0654956017826672,0.0103939863188818,-0.109506354430719,-0.233130146742083,-0.050018549014921,-0.928011764232749,1.48738949260465,-2.61634998740856,1.17383930429652,-1.36424958088866,0.432738622349958,0.208622040386305,-0.298678979861151,-0.406508853040556,-0.0519603362986721,0.873851466283545,-1.31588942716853,-0.801215215633988,-0.287579822291554,-0.747129039747142
10877.349609375,-1.5453370250943,-0.980624851645057,-2.12993091808961,1.55838986135719,-0.188690710103128,-1.32849940599973,-1.28629343999159,1.41474243812483,2.59397330965399,2.53537997340692,-1.76012543922271,0.309638307258336,0.537947019257543,-0.17876758579041,1.07169485843496,1.0170680774295,-1.82446308056466,1.42047399250815,1.20545426047895,-0.178560121049442,1.93204803640887,1.88898943834317,-1.12622394967012,-0.499663055297737,-0.459133123814017,-0.150662345400436,-0.137881893101475,-1.09542052868858,-0.482991388339556,-0.452454947197622,-0.132053130867325,-0.11578375940243,-0.584867307644152,-0.491716543892917,-0.173272696819296,-0.289555223122662,-0.306650229859764,2.24118191013093,-0.130781764013622,3.80223897600087,3.7447090330076,4.14618499614443,4.08766230299161,-0.075079888588345,-0.0822923157224407,2.97784024141045,-1.5453370250943,2.30747732834342,-2.81310442164129,2.89747837926436,-2.53328379623812,-0.980624851645047,1.58238039083168,-1.98357966768117,2.42412962075464,-2.62467875655406,-0.310102765906546,0.205922518816312,-0.585531293545417,0.675328791786867,1.06566778859668,-1.39172275194492,1.99216744391236,0.682450040812758,-0.838363192531079,-0.809472178513938,-1.32849940599971,1.73452024288648,-2.78106256741859,3.35664797950482,-3.37083448641257,0.89721600008248,-1.69443671088704,2.34810333080174,-2.71559071473961,0.265086058740566,-0.417393282828399,0.647105872999654,-1.23815287878259,1.2987271566725,-0.733318798038311,1.07641780061139,-1.55335134080927,2.64824465006647,-2.52995564486555,-1.03911673769429,1.30207215906609,-2.12398431051023,-0.428705729914102,0.377061527930339,1.46635999117585,-0.990737241763597,1.59817116350668,-2.77818033199014,1.26607220652037,-1.43070199148993,0.45588080181263,0.871187253418242,-1.34340597731427,-0.845106973812558,-0.745409890281964,-1.28629343999157,1.71530069655446,-2.71195769300247,3.24453919844091,-3.30307637023472,0.875240607689599,-1.68873319652796,2.30113892414484,-2.67086362609949,0.254559803510672,-0.398066003494322,0.686505633820855,-1.27996537984137,1.38068642385417,-0.744800800023883,0.336115842444728,-1.02421413794279,1.64747601705163,-1.40857758227852,-0.733799150534078,0.749668762509267,-1.09486567493756,-0.294730989261904,0.15407936858586,0.774674326498681,-0.231355328498667,0.293294220731285,-0.831280979446185,0.286720820586775,-0.541348087093043,0.0656527531386223,0.186029158625444,-0.274174695864155,-0.538525421697934,-0.224709310655053,0.972949528075959,-1.4135942700848,2.40659249624363,-2.13201027272668,-1.05695281756103,1.31286203683464,-1.89197174398044,-0.370288207448762,0.338770755571141,1.35361750977317,-0.205931636839548,0.264795331836676,-0.767573686286908,0.314223626912604,-0.518492506807556,0.0654956017826672,0.0103939863188818,-0.109506354430719,-0.233130146742083,-0.050018549014921,-0.928011764232749,1.48738949260465,-2.61634998740856,1.17383930429652,-1.36424958088866,0.432738622349958,0.208622040386305,-0.298678979861151,-0.406508853040556,-0.0519603362986721,0.873851466283545,-1.31588942716853,-0.801215215633988,-0.287579822291554,-0.747129039747142
202.284698486328,-1.5453370250943,-0.653137775721146,-2.12993091808961,1.55838986135719,-0.188690710103128,-1.32849940599973,-1.28629343999159,1.41474243812483,2.59397330965399,2.53537997340692,-1.76012543922271,0.309638307258336,0.537947019257543,-0.17876758579041,1.07169485843496,1.0170680774295,-1.82446308056466,1.65351710382121,1.40721812900486,-0.178560121049442,2.18783761806657,2.14084841992958,-1.12622394967012,-0.499663055297737,-0.459133123814017,-0.150662345400436,-0.137881893101475,-1.09542052868858,-0.482991388339556,-0.452454947197622,-0.132053130867325,-0.11578375940243,-0.584867307644152,-0.491716543892917,-0.173272696819296,-0.289555223122662,-0.306650229859764,2.24118191013093,-0.130781764013622,3.80223897600087,3.7447090330076,4.14618499614443,4.08766230299161,-0.075079888588345,-0.0822923157224407,2.97784024141045,-1.5453370250943,2.30747732834342,-2.81310442164129,2.89747837926436,-2.53328379623812,-0.653137775721136,1.11231631509405,-1.27135216809078,1.57414801245732,-1.72492171874411,-0.579477869256204,0.56785227043827,-1.1117114840039,1.31697513358118,0.577767893095068,-0.783675965225564,1.09787000356526,0.8894275417093,-1.10057989620212,-0.1735776336434,-1.32849940599971,1.73452024288648,-2.78106256741859,3.35664797950482,-3.37083448641257,0.495786912576048,-1.16841736990603,1.56867140824899,-1.79092174190932,0.589045570785157,-0.813357735313651,1.21063888026872,-0.669007101430994,0.694467756848615,-0.957612044483902,1.07641780061139,-1.55335134080927,2.64824465006647,-2.52995564486555,-0.686157168276603,0.837294788935794,-1.40971252118206,-0.737934951795638,0.774326603689888,0.767297055901994,-0.990737241763597,1.59817116350668,-2.77818033199014,0.880687724887195,-0.902534778879931,0.738283700339559,0.871187253418242,-1.34340597731427,-0.579877999919536,-0.745409890281964,-1.28629343999157,1.71530069655446,-2.71195769300247,3.24453919844091,-3.30307637023472,0.472520828967944,-1.16176117429348,1.53601929791048,-1.76593583917609,0.579826323278603,-0.79922723633369,1.26239603378081,-0.692310691077894,0.739991320993533,-0.97519851338405,0.336115842444728,-1.02421413794279,1.64747601705163,-1.40857758227852,-0.525272924493119,0.478257544610589,-0.70811960439187,-0.469897513481388,0.370141345479857,0.404848799928983,-0.231355328498667,0.293294220731285,-0.831280979446185,0.162893597136649,-0.380491286345665,0.144738538807216,0.186029158625444,-0.274174695864155,-0.306981949128748,-0.224709310655053,0.972949528075959,-1.4135942700848,2.40659249624363,-2.13201027272668,-0.682891162513973,0.84812946606535,-1.25393221843005,-0.663990225484874,0.701234916495372,0.713689322178605,-0.205931636839548,0.264795331836676,-0.767573686286908,0.181185618966533,-0.363931484584765,0.138738524839015,0.0103939863188818,-0.109506354430719,-0.171102950405866,-0.050018549014921,-0.928011764232749,1.48738949260465,-2.61634998740856,0.810316944690952,-0.859287268531036,0.70906222508977,0.208622040386305,-0.298678979861151,-0.215426537744909,-0.0519603362986721,0.873851466283545,-1.31588942716853,-0.55703968859455,-0.287579822291554,-0.747129039747142
2657.705078125,-1.64057655467976,-0.653137775721146,-2.12993091808961,1.55838986135719,-0.188690710103128,-1.32849940599973,-1.28629343999159,1.41474243812483,2.59397330965399,2.53537997340692,-1.76012543922271,0.255706644807753,0.47477720905061,-0.17876758579041,0.991964528411782,0.939888505016689,-1.82446308056466,1.65351710382121,1.40721812900486,-0.178560121049442,2.18783761806657,2.14084841992958,-1.12622394967012,-0.499663055297737,-0.459133123814017,-0.150662345400436,-0.137881893101475,-1.09542052868858,-0.482991388339556,-0.452454947197622,-0.132053130867325,-0.11578375940243,-0.584867307644152,-0.491716543892917,-0.173272696819296,-0.289555223122662,-0.306650229859764,2.24118191013093,-0.130781764013622,3.80223897600087,3.7447090330076,4.14618499614443,4.08766230299161,-0.075079888588345,-0.0822923157224407,2.97784024141045,-1.64057655467976,2.70349075853536,-3.71370992199641,4.57228518246426,-5.19242709304557,-0.653137775721136,1.17009421215561,-1.51513428694566,2.11685936676966,-2.7621644548966,-0.579477869256204,0.615836410572682,-1.30597281776727,1.75887499430651,0.577767893095068,-0.828052532888055,1.27962114155445,0.8894275417093,-1.17002503012963,-0.1735776336434,-1.32849940599971,1.8562156157874,-3.28843419802437,4.44064583979786,-5.34454853571778,0.495786912576048,-1.23307300496579,1.83545634100196,-2.38132081129694,0.589045570785157,-0.865854148474357,1.41869056217712,-0.669007101430994,0.738567912836048,-0.957612044483902,1.07641780061139,-1.64745157610778,3.12193456762418,-3.36404035174674,-0.686157168276603,0.894422870901629,-1.65419436208378,-0.737934951795638,0.826995451664744,0.767297055901994,-0.990737241763597,1.68946676844952,-3.26085695634923,0.880687724887195,-0.967454419449332,0.738283700339559,0.871187253418242,-1.41919922499056,-0.579877999919536,-0.745409890281964,-1.28629343999157,1.83440756793245,-3.20721103918997,4.28916429208637,-5.22595957757279,0.472520828967944,-1.22653390811112,1.79790539998901,-2.34373020555052,0.579826323278603,-0.852412631363508,1.47500996191113,-0.692310691077894,0.786750633276923,-0.97519851338405,0.336115842444728,-1.08029088378904,1.93016530536904,-1.87355397818628,-0.525272924493119,0.511618037825256,-0.840495532856648,-0.469897513481388,0.398786540108202,0.404848799928983,-0.231355328498667,0.313899946118179,-0.978248012483064,0.162893597136649,-0.400262990151472,0.144738538807216,0.186029158625444,-0.291570730691019,-0.306981949128748,-0.224709310655053,0.972949528075959,-1.49963596842658,2.83612218262403,-2.8309751811247,-0.682891162513973,0.905252041520472,-1.47232118479443,-0.663990225484874,0.749289907867446,0.713689322178605,-0.205931636839548,0.283266953752032,-0.902673959924358,0.181185618966533,-0.382929343159057,0.138738524839015,0.0103939863188818,-0.11446213199121,-0.171102950405866,-0.050018549014921,-0.928011764232749,1.57328620617762,-3.07307452584816,0.810316944690952,-0.921354680208021,0.70906222508977,0.208622040386305,-0.317871357348518,-0.215426537744909,-0.0519603362986721,0.873851466283545,-1.38995600443471,-0.55703968859455,-0.287579822291554,-0.747129039747142
4132.5771484375,-1.5453370250943,-1.63559900349288,-2.12993091808961,1.55838986135719,-0.188690710103128,-1.32849940599973,-1.28629343999159,1.41474243812483,2.59397330965399,2.53537997340692,-1.76012543922271,0.309638307258336,0.537947019257543,-0.17876758579041,1.07169485843496,1.0170680774295,-1.82446308056466,0.95438776988205,0.801926523427117,-0.178560121049442,1.42046887309348,1.38527147517037,-1.12622394967012,-0.499663055297737,-0.459133123814017,-0.150662345400436,-0.137881893101475,-1.09542052868858,-0.482991388339556,-0.452454947197622,-0.132053130867325,-0.11578375940243,-0.584867307644152,-0.491716543892917,-0.173272696819296,-0.289555223122662,-0.306650229859764,2.24118191013093,-0.130781764013622,3.80223897600087,3.7447090330076,4.14618499614443,4.08766230299161,-0.075079888588345,-0.0822923157224407,2.97784024141045,-1.5453370250943,2.30747732834342,-2.81310442164129,2.89747837926436,-2.53328379623812,-1.63559900349287,2.52250854230694,-3.40803466686194,4.12409283734929,-4.42419283217396,0.666784647690796,-1.10661384616083,1.32265843502031,-1.6515983350531,1.43215709717418,-1.84846121100616,2.66392501876995,-0.756168415345631,0.984201036818349,-1.0770181279137,-1.32849940599971,1.73452024288648,-2.78106256741859,3.35664797950482,-3.37083448641257,1.70007417509534,-2.74647539284906,3.90696717590724,-4.56492866040019,-0.909751429565495,1.01856974810809,-1.39654365177932,-1.66567058137801,1.75262069443445,0.82565453254412,1.07641780061139,-1.55335134080927,2.64824465006647,-2.52995564486555,-1.74503587652965,2.23162689932669,-3.55252788916657,0.692712437601029,-1.06361820655705,1.99146584621456,-0.990737241763597,1.59817116350668,-2.77818033199014,2.03684116978672,-2.48703641670992,-0.568251843349713,0.871187253418242,-1.34340597731427,-1.3755649215986,-0.745409890281964,-1.28629343999157,1.71530069655446,-2.71195769300247,3.24453919844091,-3.30307637023472,1.68068016513291,-2.74267724099691,3.83137817661357,-4.48071919994631,-0.925017541517588,1.05674312441267,-1.40195791138724,-1.7213861765108,1.8619488865464,0.856602257124368,0.336115842444728,-1.02421413794279,1.64747601705163,-1.40857758227852,-1.150851602616,1.29249119830662,-1.86835781602893,0.340509501287408,-0.629468268742494,1.05247127373412,-0.231355328498667,0.293294220731285,-0.831280979446185,0.534375267487027,-0.863061688587799,-0.221151437944408,0.186029158625444,-0.274174695864155,-1.00161236683631,-0.224709310655053,0.972949528075959,-1.4135942700848,2.40659249624363,-2.13201027272668,-1.80507612765515,2.24232717837321,-3.16805079508121,0.694820635944215,-0.975703641965838,1.83430389887286,-0.205931636839548,0.264795331836676,-0.767573686286908,0.580299642804744,-0.82761455125314,-0.200119478375465,0.0103939863188818,-0.109506354430719,-0.357184539414518,-0.050018549014921,-0.928011764232749,1.48738949260465,-2.61634998740856,1.90088402350766,-2.3741742056039,-0.56934748820647,0.208622040386305,-0.298678979861151,-0.788673483631849,-0.0519603362986721,0.873851466283545,-1.31588942716853,-1.28956626971286,-0.287579822291554,-0.747129039747142
11303.1396484375,-1.5453370250943,-0.325650699797235,-2.12993091808961,1.55838986135719,-0.188690710103128,-1.32849940599973,-1.28629343999159,1.41474243812483,2.59397330965399,2.53537997340692,-1.76012543922271,0.309638307258336,0.537947019257543,-0.17876758579041,1.07169485843496,1.0170680774295,-1.82446308056466,1.88656021513426,1.60898199753078,-0.178560121049442,2.44362719972426,2.39270740151598,-1.12622394967012,-0.499663055297737,-0.459133123814017,-0.150662345400436,-0.137881893101475,-1.09542052868858,-0.482991388339556,-0.452454947197622,-0.132053130867325,-0.11578375940243,-0.584867307644152,-0.491716543892917,-0.173272696819296,-0.289555223122662,-0.306650229859764,2.24118191013093,-0.130781764013622,3.80223897600087,3.7447090330076,4.14618499614443,4.08766230299161,-0.075079888588345,-0.0822923157224407,2.97784024141045,-1.5453370250943,2.30747732834342,-2.81310442164129,2.89747837926436,-2.53328379623812,-0.325650699797225,0.642252239356411,-0.559124668500396,0.724166404159995,-0.825164680934156,-0.702807236973186,0.733556401482484,-1.35261522524614,1.61074332762503,0.0274851773315261,-0.0978843916011811,0.0892278031633935,0.685654126037169,-0.842422400233303,0.365275385271113,-1.32849940599971,1.73452024288648,-2.78106256741859,3.35664797950482,-3.37083448641257,0.0943578250696166,-0.642398028925024,0.789239485696234,-0.866252769079038,0.737365594757455,-0.99464414581024,1.46864405079085,-0.0270904154181826,0.0129478249394732,-0.736790937153716,1.07641780061139,-1.55335134080927,2.64824465006647,-2.52995564486555,-0.333197598858919,0.372517418805497,-0.695440731853894,-0.879510932426488,0.956208485126673,-0.0211479797679478,-0.990737241763597,1.59817116350668,-2.77818033199014,0.49530324325402,-0.374367566269934,0.867577649496993,0.871187253418242,-1.34340597731427,-0.314649026026515,-0.745409890281964,-1.28629343999157,1.71530069655446,-2.71195769300247,3.24453919844091,-3.30307637023472,0.0698010502462883,-0.634789152059004,0.770899671676122,-0.861008052252681,0.728744741215734,-0.982892915096973,1.52605885197805,-0.029518546530538,0.0173770215662185,-0.748367438455199,0.336115842444728,-1.02421413794279,1.64747601705163,-1.40857758227852,-0.31674669845216,0.206846326711911,-0.321373533846181,-0.550094890330758,0.469062094527067,-0.0122625727025431,-0.231355328498667,0.293294220731285,-0.831280979446185,0.0390663736865232,-0.219634485598287,0.180946784560529,0.186029158625444,-0.274174695864155,-0.0754384765595617,-0.224709310655053,0.972949528075959,-1.4135942700848,2.40659249624363,-2.13201027272668,-0.308829507466914,0.383396895296062,-0.615892692879665,-0.798457307747402,0.867183718856764,-0.00806000429161737,-0.205931636839548,0.264795331836676,-0.767573686286908,0.0481476110204633,-0.209370462361973,0.17227170321355,0.0103939863188818,-0.109506354430719,-0.109075754069649,-0.050018549014921,-0.928011764232749,1.48738949260465,-2.61634998740856,0.446794585085383,-0.354324956173413,0.835572859470647,0.208622040386305,-0.298678979861151,-0.0243442224492625,-0.0519603362986721,0.873851466283545,-1.31588942716853,-0.312864161555112,-0.287579822291554,-0.747129039747142
0,-1.45009749550884,-0.653137775721146,-2.12993091808961,-0.641448069582378,5.29769678474325,-1.32849940599973,-1.28629343999159,1.41474243812483,2.59397330965399,2.53537997340692,-1.76012543922271,0.363569969708919,-0.599109564467246,2.7093006112209,1.15142518845815,1.09424764984231,-1.82446308056466,1.65351710382121,-0.610420556254294,4.74057812619317,2.18783761806657,2.14084841992958,-1.12622394967012,-0.499663055297737,-0.459133123814017,-0.150662345400436,-0.137881893101475,-1.09542052868858,-0.482991388339556,-0.452454947197622,-0.132053130867325,-0.11578375940243,-0.584867307644152,-0.491716543892917,-0.173272696819296,-0.289555223122662,-0.306650229859764,-0.44602634159486,7.64346754124059,3.80223897600087,3.7447090330076,-0.24109540919036,-0.244547150456313,13.3141669096665,12.1472601596958,2.97784024141045,-1.45009749550884,1.93259848467256,-2.02689583195726,1.59245607131494,-0.749108939623212,-0.653137775721136,1.05453841803248,-1.04058030063252,1.10037305959375,-0.916694222383787,-0.579477869256204,0.519868130303858,-0.927817558649223,0.931206374512481,0.577767893095068,-0.739299397563073,0.92581862537784,0.8894275417093,-1.03113476227461,-0.1735776336434,-1.32849940599971,1.61282486998557,-2.30076852764145,2.41034193471,-1.83290135947803,0.495786912576048,-1.10376173484628,1.31612434930008,-1.27551647344164,0.589045570785157,-0.760861322152945,1.01369057500596,-0.669007101430994,0.650367600861182,-0.957612044483902,1.07641780061139,-1.45925110551076,2.1998347856169,-1.80181822974261,-0.686157168276603,0.78016670696996,-1.17827827469367,-0.737934951795638,0.721657755715033,0.767297055901994,-0.990737241763597,1.50687555856384,-2.32126336652515,0.880687724887195,-0.83761513831053,0.738283700339559,0.871187253418242,-1.26761272963797,-0.579877999919536,-0.745409890281964,-1.28629343999157,1.59619382517647,-2.24313520470225,2.33260470403719,-1.80475102526777,0.472520828967944,-1.09698844047584,1.28810962708674,-1.26153419635301,0.579826323278603,-0.746041841303872,1.06112896188585,-0.692310691077894,0.693232008710142,-0.97519851338405,0.336115842444728,-0.968137392096538,1.37987339188005,-1.00266352077339,-0.525272924493119,0.444897051395922,-0.582808361869919,-0.469897513481388,0.341496150851511,0.404848799928983,-0.231355328498667,0.27268849534439,-0.692157335644767,0.162893597136649,-0.360719582539858,0.144738538807216,0.186029158625444,-0.256778661037291,-0.306981949128748,-0.224709310655053,0.972949528075959,-1.32755257174301,1.99998610394389,-1.52182943921683,-0.682891162513973,0.791006890610228,-1.04719831260905,-0.663990225484874,0.653179925123297,0.713689322178605,-0.205931636839548,0.24632370992132,-0.639683492420817,0.181185618966533,-0.344933626010473,0.138738524839015,0.0103939863188818,-0.104550576870227,-0.171102950405866,-0.050018549014921,-0.928011764232749,1.40149277903168,-2.18400008765048,0.810316944690952,-0.79721985685405,0.70906222508977,0.208622040386305,-0.279486602373783,-0.215426537744909,-0.0519603362986721,0.873851466283545,-1.24182284990235,-0.55703968859455,-0.287579822291554,-0.747129039747142
0,-1.5453370250943,-0.980624851645057,-2.12993091808961,1.55838986135719,-0.188690710103128,-1.32849940599973,-1.28629343999159,1.41474243812483,2.59397330965399,2.53537997340692,-1.76012543922271,0.309638307258336,0.537947019257543,-0.17876758579041,1.07169485843496,1.0170680774295,-1.82446308056466,1.42047399250815,1.20545426047895,-0.178560121049442,1.93204803640887,1.88898943834317,-1.12622394967012,-0.499663055297737,-0.459133123814017,-0.150662345400436,-0.137881893101475,-1.09542052868858,-0.482991388339556,-0.452454947197622,-0.132053130867325,-0.11578375940243,-0.584867307644152,-0.491716543892917,-0.173272696819296,-0.289555223122662,-0.306650229859764,2.24118191013093,-0.130781764013622,3.80223897600087,3.7447090330076,4.14618499614443,4.08766230299161,-0.075079888588345,-0.0822923157224407,2.97784024141045,-1.5453370250943,2.30747732834342,-2.81310442164129,2.89747837926436,-2.53328379623812,-0.980624851645047,1.58238039083168,-1.98357966768117,2.42412962075464,-2.62467875655406,-0.310102765906546,0.205922518816312,-0.585531293545417,0.675328791786867,1.06566778859668,-1.39172275194492,1.99216744391236,0.682450040812758,-0.838363192531079,-0.809472178513938,-1.32849940599971,1.73452024288648,-2.78106256741859,3.35664797950482,-3.37083448641257,0.89721600008248,-1.69443671088704,2.34810333080174,-2.71559071473961,0.265086058740566,-0.417393282828399,0.647105872999654,-1.23815287878259,1.2987271566725,-0.733318798038311,1.07641780061139,-1.55335134080927,2.64824465006647,-2.52995564486555,-1.03911673769429,1.30207215906609,-2.12398431051023,-0.428705729914102,0.377061527930339,1.46635999117585,-0.990737241763597,1.59817116350668,-2.77818033199014,1.26607220652037,-1.43070199148993,0.45588080181263,0.871187253418242,-1.34340597731427,-0.845106973812558,-0.745409890281964,-1.28629343999157,1.71530069655446,-2.71195769300247,3.24453919844091,-3.30307637023472,0.875240607689599,-1.68873319652796,2.30113892414484,-2.67086362609949,0.254559803510672,-0.398066003494322,0.686505633820855,-1.27996537984137,1.38068642385417,-0.744800800023883,0.336115842444728,-1.02421413794279,1.64747601705163,-1.40857758227852,-0.733799150534078,0.749668762509267,-1.09486567493756,-0.294730989261904,0.15407936858586,0.774674326498681,-0.231355328498667,0.293294220731285,-0.831280979446185,0.286720820586775,-0.541348087093043,0.0656527531386223,0.186029158625444,-0.274174695864155,-0.538525421697934,-0.224709310655053,0.972949528075959,-1.4135942700848,2.40659249624363,-2.13201027272668,-1.05695281756103,1.31286203683464,-1.89197174398044,-0.370288207448762,0.338770755571141,1.35361750977317,-0.205931636839548,0.264795331836676,-0.767573686286908,0.314223626912604,-0.518492506807556,0.0654956017826672,0.0103939863188818,-0.109506354430719,-0.233130146742083,-0.050018549014921,-0.928011764232749,1.48738949260465,-2.61634998740856,1.17383930429652,-1.36424958088866,0.432738622349958,0.208622040386305,-0.298678979861151,-0.406508853040556,-0.0519603362986721,0.873851466283545,-1.31588942716853,-0.801215215633988,-0.287579822291554,-0.747129039747142
0,-1.64057655467976,-0.653137775721146,-2.12993091808961,1.55838986135719,-0.188690710103128,-1.32849940599973,-1.28629343999159,1.41474243812483,2.59397330965399,2.53537997340692,-1.76012543922271,0.255706644807753,0.47477720905061,-0.17876758579041,0.991964528411782,0.939888505016689,-1.82446308056466,1.65351710382121,1.40721812900486,-0.178560121049442,2.18783761806657,2.14084841992958,-1.12622394967012,-0.499663055297737,-0.459133123814017,-0.150662345400436,-0.137881893101475,-1.09542052868858,-0.482991388339556,-0.452454947197622,-0.132053130867325,-0.11578375940243,-0.584867307644152,-0.491716543892917,-0.173272696819296,-0.289555223122662,-0.306650229859764,2.24118191013093,-0.130781764013622,3.80223897600087,3.7447090330076,4.14618499614443,4.08766230299161,-0.075079888588345,-0.0822923157224407,2.97784024141045,-1.64057655467976,2.70349075853536,-3.71370992199641,4.57228518246426,-5.19242709304557,-0.653137775721136,1.17009421215561,-1.51513428694566,2.11685936676966,-2.7621644548966,-0.579477869256204,0.615836410572682,-1.30597281776727,1.75887499430651,0.577767893095068,-0.828052532888055,1.27962114155445,0.8894275417093,-1.17002503012963,-0.1735776336434,-1.32849940599971,1.8562156157874,-3.28843419802437,4.44064583979786,-5.34454853571778,0.495786912576048,-1.23307300496579,1.83545634100196,-2.38132081129694,0.589045570785157,-0.865854148474357,1.41869056217712,-0.669007101430994,0.738567912836048,-0.957612044483902,1.07641780061139,-1.64745157610778,3.12193456762418,-3.36404035174674,-0.686157168276603,0.894422870901629,-1.65419436208378,-0.737934951795638,0.826995451664744,0.767297055901994,-0.990737241763597,1.68946676844952,-3.26085695634923,0.880687724887195,-0.967454419449332,0.738283700339559,0.871187253418242,-1.41919922499056,-0.579877999919536,-0.745409890281964,-1.28629343999157,1.83440756793245,-3.20721103918997,4.28916429208637,-5.22595957757279,0.472520828967944,-1.22653390811112,1.79790539998901,-2.34373020555052,0.579826323278603,-0.852412631363508,1.47500996191113,-0.692310691077894,0.786750633276923,-0.97519851338405,0.336115842444728,-1.08029088378904,1.93016530536904,-1.87355397818628,-0.525272924493119,0.511618037825256,-0.840495532856648,-0.469897513481388,0.398786540108202,0.404848799928983,-0.231355328498667,0.313899946118179,-0.978248012483064,0.162893597136649,-0.400262990151472,0.144738538807216,0.186029158625444,-0.291570730691019,-0.306981949128748,-0.224709310655053,0.972949528075959,-1.49963596842658,2.83612218262403,-2.8309751811247,-0.682891162513973,0.905252041520472,-1.47232118479443,-0.663990225484874,0.749289907867446,0.713689322178605,-0.205931636839548,0.283266953752032,-0.902673959924358,0.181185618966533,-0.382929343159057,0.138738524839015,0.0103939863188818,-0.11446213199121,-0.171102950405866,-0.050018549014921,-0.928011764232749,1.57328620617762,-3.07307452584816,0.810316944690952,-0.921354680208021,0.70906222508977,0.208622040386305,-0.317871357348518,-0.215426537744909,-0.0519603362986721,0.873851466283545,-1.38995600443471,-0.55703968859455,-0.287579822291554,-0.747129039747142
2189.42602539062,-1.64057655467976,-0.653137775721146,-2.12993091808961,1.55838986135719,-0.188690710103128,-1.32849940599973,-1.28629343999159,1.41474243812483,2.59397330965399,2.53537997340692,-1.76012543922271,0.255706644807753,0.47477720905061,-0.17876758579041,0.991964528411782,0.939888505016689,-1.82446308056466,1.65351710382121,1.40721812900486,-0.178560121049442,2.18783761806657,2.14084841992958,-1.12622394967012,-0.499663055297737,-0.459133123814017,-0.150662345400436,-0.137881893101475,-1.09542052868858,-0.482991388339556,-0.452454947197622,-0.132053130867325,-0.11578375940243,-0.584867307644152,-0.491716543892917,-0.173272696819296,-0.289555223122662,-0.306650229859764,2.24118191013093,-0.130781764013622,3.80223897600087,3.7447090330076,4.14618499614443,4.08766230299161,-0.075079888588345,-0.0822923157224407,2.97784024141045,-1.64057655467976,2.70349075853536,-3.71370992199641,4.57228518246426,-5.19242709304557,-0.653137775721136,1.17009421215561,-1.51513428694566,2.11685936676966,-2.7621644548966,-0.579477869256204,0.615836410572682,-1.30597281776727,1.75887499430651,0.577767893095068,-0.828052532888055,1.27962114155445,0.8894275417093,-1.17002503012963,-0.1735776336434,-1.32849940599971,1.8562156157874,-3.28843419802437,4.44064583979786,-5.34454853571778,0.495786912576048,-1.23307300496579,1.83545634100196,-2.38132081129694,0.589045570785157,-0.865854148474357,1.41869056217712,-0.669007101430994,0.738567912836048,-0.957612044483902,1.07641780061139,-1.64745157610778,3.12193456762418,-3.36404035174674,-0.686157168276603,0.894422870901629,-1.65419436208378,-0.737934951795638,0.826995451664744,0.767297055901994,-0.990737241763597,1.68946676844952,-3.26085695634923,0.880687724887195,-0.967454419449332,0.738283700339559,0.871187253418242,-1.41919922499056,-0.579877999919536,-0.745409890281964,-1.28629343999157,1.83440756793245,-3.20721103918997,4.28916429208637,-5.22595957757279,0.472520828967944,-1.22653390811112,1.79790539998901,-2.34373020555052,0.579826323278603,-0.852412631363508,1.47500996191113,-0.692310691077894,0.786750633276923,-0.97519851338405,0.336115842444728,-1.08029088378904,1.93016530536904,-1.87355397818628,-0.525272924493119,0.511618037825256,-0.840495532856648,-0.469897513481388,0.398786540108202,0.404848799928983,-0.231355328498667,0.313899946118179,-0.978248012483064,0.162893597136649,-0.400262990151472,0.144738538807216,0.186029158625444,-0.291570730691019,-0.306981949128748,-0.224709310655053,0.972949528075959,-1.49963596842658,2.83612218262403,-2.8309751811247,-0.682891162513973,0.905252041520472,-1.47232118479443,-0.663990225484874,0.749289907867446,0.713689322178605,-0.205931636839548,0.283266953752032,-0.902673959924358,0.181185618966533,-0.382929343159057,0.138738524839015,0.0103939863188818,-0.11446213199121,-0.171102950405866,-0.050018549014921,-0.928011764232749,1.57328620617762,-3.07307452584816,0.810316944690952,-0.921354680208021,0.70906222508977,0.208622040386305,-0.317871357348518,-0.215426537744909,-0.0519603362986721,0.873851466283545,-1.38995600443471,-0.55703968859455,-0.287579822291554,-0.747129039747142
0,-1.45009749550884,-0.325650699797235,-2.12993091808961,1.55838986135719,-0.188690710103128,-1.32849940599973,-1.28629343999159,1.41474243812483,2.59397330965399,2.53537997340692,-1.76012543922271,0.363569969708919,0.601116829464476,-0.17876758579041,1.15142518845815,1.09424764984231,-1.82446308056466,1.88656021513426,1.60898199753078,-0.178560121049442,2.44362719972426,2.39270740151598,-1.12622394967012,-0.499663055297737,-0.459133123814017,-0.150662345400436,-0.137881893101475,-1.09542052868858,-0.482991388339556,-0.452454947197622,-0.132053130867325,-0.11578375940243,-0.584867307644152,-0.491716543892917,-0.173272696819296,-0.289555223122662,-0.306650229859764,2.24118191013093,-0.130781764013622,3.80223897600087,3.7447090330076,4.14618499614443,4.08766230299161,-0.075079888588345,-0.0822923157224407,2.97784024141045,-1.45009749550884,1.93259848467256,-2.02689583195726,1.59245607131494,-0.749108939623212,-0.325650699797225,0.613444515610626,-0.444063156328143,0.487944965618837,-0.422187147603618,-0.702807236973186,0.675359871924441,-1.12958344365184,1.14287200750086,0.0274851773315261,-0.0957733400073749,0.0810430931853368,0.685654126037169,-0.788887581062882,0.365275385271113,-1.32849940599971,1.61282486998557,-2.30076852764145,2.41034193471,-1.83290135947803,0.0943578250696166,-0.610161104977705,0.663320989575509,-0.609274697078285,0.737365594757455,-0.930975003221868,1.22977954604981,-0.0270904154181826,0.0108499226120009,-0.736790937153716,1.07641780061139,-1.45925110551076,2.1998347856169,-1.80181822974261,-0.333197598858919,0.344033689090573,-0.580048961346092,-0.879510932426488,0.892330208692612,-0.0211479797679478,-0.990737241763597,1.50687555856384,-2.32126336652515,0.49530324325402,-0.341999010709558,0.867577649496993,0.871187253418242,-1.26761272963797,-0.314649026026515,-0.745409890281964,-1.28629343999157,1.59619382517647,-2.24313520470225,2.33260470403719,-1.80475102526777,0.0698010502462883,-0.602493843351427,0.647293350328203,-0.609516324059735,0.728744741215734,-0.918388155706916,1.28195642426369,-0.029518546530538,0.0151526196820556,-0.748367438455199,0.336115842444728,-0.968137392096538,1.37987339188005,-1.00266352077339,-0.31674669845216,0.190212978642368,-0.258894076468789,-0.550094890330758,0.43432038797122,-0.0122625727025431,-0.231355328498667,0.27268849534439,-0.692157335644767,0.0390663736865232,-0.209776428967838,0.180946784560529,0.186029158625444,-0.256778661037291,-0.0754384765595617,-0.224709310655053,0.972949528075959,-1.32755257174301,1.99998610394389,-1.52182943921683,-0.308829507466914,0.354915911095383,-0.512816368702747,-0.798457307747402,0.808901258903067,-0.00806000429161737,-0.205931636839548,0.24632370992132,-0.639683492420817,0.0481476110204633,-0.199898240467387,0.17227170321355,0.0103939863188818,-0.104550576870227,-0.109075754069649,-0.050018549014921,-0.928011764232749,1.40149277903168,-2.18400008765048,0.446794585085383,-0.323378505365395,0.835572859470647,0.208622040386305,-0.279486602373783,-0.0243442224492625,-0.0519603362986721,0.873851466283545,-1.24182284990235,-0.312864161555112,-0.287579822291554,-0.747129039747142
10210.990234375,-1.64057655467976,-1.30811192756897,-2.12993091808961,-0.641448069582378,-0.188690710103128,-1.32849940599973,-1.28629343999159,1.41474243812483,2.59397330965399,2.53537997340692,-1.76012543922271,0.255706644807753,-0.599109564467246,-0.17876758579041,0.991964528411782,0.939888505016689,-1.82446308056466,1.1874308811951,-0.610420556254294,-0.178560121049442,1.67625845475118,1.63713045675677,-1.12622394967012,-0.499663055297737,-0.459133123814017,-0.150662345400436,-0.137881893101475,-1.09542052868858,-0.482991388339556,-0.452454947197622,-0.132053130867325,-0.11578375940243,-0.584867307644152,-0.491716543892917,-0.173272696819296,-0.289555223122662,-0.306650229859764,-0.44602634159486,-0.130781764013622,3.80223897600087,3.7447090330076,-0.24109540919036,-0.244547150456313,-0.075079888588345,-0.0822923157224407,2.97784024141045,-1.64057655467976,2.70349075853536,-3.71370992199641,4.57228518246426,-5.19242709304557,-1.30811192756896,2.16816271026244,-3.1840568279959,4.36105983651727,-5.60183760051011,0.105318073075787,-0.360953802785031,0.261231663126985,-0.394509449659737,1.38564435842638,-1.89692162750337,3.01455796942419,0.0926320231765849,-0.0983641236263069,-1.20769456413253,-1.32849940599971,1.8562156157874,-3.28843419802437,4.44064583979786,-5.34454853571778,1.29864508758891,-2.34994910915268,3.66185521707811,-4.82271780498446,-0.234512941376318,0.202790250865137,-0.259767635487733,-1.61141246594194,1.80077926187925,-0.0941565827507328,1.07641780061139,-1.64745157610778,3.12193456762418,-3.36404035174674,-1.39207630711197,1.88126631566404,-3.32790717200989,0.0481767332181201,-0.245159120795102,1.92482239747343,-0.990737241763597,1.68946676844952,-3.26085695634923,1.65145668815355,-2.08889101468738,0.0203689539162058,0.871187253418242,-1.41919922499056,-1.11033594770558,-0.745409890281964,-1.28629343999157,1.83440756793245,-3.20721103918997,4.28916429208637,-5.22595957757279,1.27796038641125,-2.3454328028002,3.59076707909694,-4.73300468475876,-0.247054818088058,0.230257042682258,-0.240254184644451,-1.66536355944449,1.91301132484966,-0.0882428554484119,0.336115842444728,-1.08029088378904,1.93016530536904,-1.87355397818628,-0.942325376575036,1.08789476391286,-1.74673579340193,-0.024595317672305,-0.18432999994684,1.01721486507693,-0.231355328498667,0.313899946118179,-0.978248012483064,0.410548044036901,-0.741803885996944,-0.0563105724452523,0.186029158625444,-0.291570730691019,-0.77006889426712,-0.224709310655053,0.972949528075959,-1.49963596842658,2.83612218262403,-2.8309751811247,-1.43101447260809,1.89200036556793,-2.96740322934403,0.0826487463609346,-0.228942590281856,1.77329791612646,-0.205931636839548,0.283266953752032,-0.902673959924358,0.447261634858674,-0.711102660964053,-0.0474570659554928,0.0103939863188818,-0.11446213199121,-0.295157343078301,-0.050018549014921,-0.928011764232749,1.57328620617762,-3.07307452584816,1.53736166390209,-1.9935212266612,0.00660205125121126,0.208622040386305,-0.317871357348518,-0.597591168336202,-0.0519603362986721,0.873851466283545,-1.38995600443471,-1.04539074267343,-0.287579822291554,-0.747129039747142
11048.080078125,-1.5453370250943,-0.653137775721146,-2.12993091808961,1.55838986135719,-0.188690710103128,-1.32849940599973,-1.28629343999159,1.41474243812483,2.59397330965399,2.53537997340692,-1.76012543922271,0.309638307258336,0.537947019257543,-0.17876758579041,1.07169485843496,1.0170680774295,-1.82446308056466,1.65351710382121,1.40721812900486,-0.178560121049442,2.18783761806657,2.14084841992958,-1.12622394967012,-0.499663055297737,-0.459133123814017,-0.150662345400436,-0.137881893101475,-1.09542052868858,-0.482991388339556,-0.452454947197622,-0.132053130867325,-0.11578375940243,-0.584867307644152,-0.491716543892917,-0.173272696819296,-0.289555223122662,-0.306650229859764,2.24118191013093,-0.130781764013622,3.80223897600087,3.7447090330076,4.14618499614443,4.08766230299161,-0.075079888588345,-0.0822923157224407,2.97784024141045,-1.5453370250943,2.30747732834342,-2.81310442164129,2.89747837926436,-2.53328379623812,-0.653137775721136,1.11231631509405,-1.27135216809078,1.57414801245732,-1.72492171874411,-0.579477869256204,0.56785227043827,-1.1117114840039,1.31697513358118,0.577767893095068,-0.783675965225564,1.09787000356526,0.8894275417093,-1.10057989620212,-0.1735776336434,-1.32849940599971,1.73452024288648,-2.78106256741859,3.35664797950482,-3.37083448641257,0.495786912576048,-1.16841736990603,1.56867140824899,-1.79092174190932,0.589045570785157,-0.813357735313651,1.21063888026872,-0.669007101430994,0.694467756848615,-0.957612044483902,1.07641780061139,-1.55335134080927,2.64824465006647,-2.52995564486555,-0.686157168276603,0.837294788935794,-1.40971252118206,-0.737934951795638,0.774326603689888,0.767297055901994,-0.990737241763597,1.59817116350668,-2.77818033199014,0.880687724887195,-0.902534778879931,0.738283700339559,0.871187253418242,-1.34340597731427,-0.579877999919536,-0.745409890281964,-1.28629343999157,1.71530069655446,-2.71195769300247,3.24453919844091,-3.30307637023472,0.472520828967944,-1.16176117429348,1.53601929791048,-1.76593583917609,0.579826323278603,-0.79922723633369,1.26239603378081,-0.692310691077894,0.739991320993533,-0.97519851338405,0.336115842444728,-1.02421413794279,1.64747601705163,-1.40857758227852,-0.525272924493119,0.478257544610589,-0.70811960439187,-0.469897513481388,0.370141345479857,0.404848799928983,-0.231355328498667,0.293294220731285,-0.831280979446185,0.162893597136649,-0.380491286345665,0.144738538807216,0.186029158625444,-0.274174695864155,-0.306981949128748,-0.224709310655053,0.972949528075959,-1.4135942700848,2.40659249624363,-2.13201027272668,-0.682891162513973,0.84812946606535,-1.25393221843005,-0.663990225484874,0.701234916495372,0.713689322178605,-0.205931636839548,0.264795331836676,-0.767573686286908,0.181185618966533,-0.363931484584765,0.138738524839015,0.0103939863188818,-0.109506354430719,-0.171102950405866,-0.050018549014921,-0.928011764232749,1.48738949260465,-2.61634998740856,0.810316944690952,-0.859287268531036,0.70906222508977,0.208622040386305,-0.298678979861151,-0.215426537744909,-0.0519603362986721,0.873851466283545,-1.31588942716853,-0.55703968859455,-0.287579822291554,-0.747129039747142
0,-1.5453370250943,-0.980624851645057,-2.12993091808961,1.55838986135719,-0.188690710103128,-1.32849940599973,-1.28629343999159,1.41474243812483,2.59397330965399,2.53537997340692,-1.76012543922271,0.309638307258336,0.537947019257543,-0.17876758579041,1.07169485843496,1.0170680774295,-1.82446308056466,1.42047399250815,1.20545426047895,-0.178560121049442,1.93204803640887,1.88898943834317,-1.12622394967012,-0.499663055297737,-0.459133123814017,-0.150662345400436,-0.137881893101475,-1.09542052868858,-0.482991388339556,-0.452454947197622,-0.132053130867325,-0.11578375940243,-0.584867307644152,-0.491716543892917,-0.173272696819296,-0.289555223122662,-0.306650229859764,2.24118191013093,-0.130781764013622,3.80223897600087,3.7447090330076,4.14618499614443,4.08766230299161,-0.075079888588345,-0.0822923157224407,2.97784024141045,-1.5453370250943,2.30747732834342,-2.81310442164129,2.89747837926436,-2.53328379623812,-0.980624851645047,1.58238039083168,-1.98357966768117,2.42412962075464,-2.62467875655406,-0.310102765906546,0.205922518816312,-0.585531293545417,0.675328791786867,1.06566778859668,-1.39172275194492,1.99216744391236,0.682450040812758,-0.838363192531079,-0.809472178513938,-1.32849940599971,1.73452024288648,-2.78106256741859,3.35664797950482,-3.37083448641257,0.89721600008248,-1.69443671088704,2.34810333080174,-2.71559071473961,0.265086058740566,-0.417393282828399,0.647105872999654,-1.23815287878259,1.2987271566725,-0.733318798038311,1.07641780061139,-1.55335134080927,2.64824465006647,-2.52995564486555,-1.03911673769429,1.30207215906609,-2.12398431051023,-0.428705729914102,0.377061527930339,1.46635999117585,-0.990737241763597,1.59817116350668,-2.77818033199014,1.26607220652037,-1.43070199148993,0.45588080181263,0.871187253418242,-1.34340597731427,-0.845106973812558,-0.745409890281964,-1.28629343999157,1.71530069655446,-2.71195769300247,3.24453919844091,-3.30307637023472,0.875240607689599,-1.68873319652796,2.30113892414484,-2.67086362609949,0.254559803510672,-0.398066003494322,0.686505633820855,-1.27996537984137,1.38068642385417,-0.744800800023883,0.336115842444728,-1.02421413794279,1.64747601705163,-1.40857758227852,-0.733799150534078,0.749668762509267,-1.09486567493756,-0.294730989261904,0.15407936858586,0.774674326498681,-0.231355328498667,0.293294220731285,-0.831280979446185,0.286720820586775,-0.541348087093043,0.0656527531386223,0.186029158625444,-0.274174695864155,-0.538525421697934,-0.224709310655053,0.972949528075959,-1.4135942700848,2.40659249624363,-2.13201027272668,-1.05695281756103,1.31286203683464,-1.89197174398044,-0.370288207448762,0.338770755571141,1.35361750977317,-0.205931636839548,0.264795331836676,-0.767573686286908,0.314223626912604,-0.518492506807556,0.0654956017826672,0.0103939863188818,-0.109506354430719,-0.233130146742083,-0.050018549014921,-0.928011764232749,1.48738949260465,-2.61634998740856,1.17383930429652,-1.36424958088866,0.432738622349958,0.208622040386305,-0.298678979861151,-0.406508853040556,-0.0519603362986721,0.873851466283545,-1.31588942716853,-0.801215215633988,-0.287579822291554,-0.747129039747142
8993.865234375,-1.64057655467976,-1.30811192756897,-2.12993091808961,1.55838986135719,-0.188690710103128,-1.32849940599973,-1.28629343999159,1.41474243812483,2.59397330965399,2.53537997340692,-1.76012543922271,0.255706644807753,0.47477720905061,-0.17876758579041,0.991964528411782,0.939888505016689,-1.82446308056466,1.1874308811951,1.00369039195303,-0.178560121049442,1.67625845475118,1.63713045675677,-1.12622394967012,-0.499663055297737,-0.459133123814017,-0.150662345400436,-0.137881893101475,-1.09542052868858,-0.482991388339556,-0.452454947197622,-0.132053130867325,-0.11578375940243,-0.584867307644152,-0.491716543892917,-0.173272696819296,-0.289555223122662,-0.306650229859764,2.24118191013093,-0.130781764013622,3.80223897600087,3.7447090330076,4.14618499614443,4.08766230299161,-0.075079888588345,-0.0822923157224407,2.97784024141045,-1.64057655467976,2.70349075853536,-3.71370992199641,4.57228518246426,-5.19242709304557,-1.30811192756896,2.16816271026244,-3.1840568279959,4.36105983651727,-5.60183760051011,0.105318073075787,-0.360953802785031,0.261231663126985,-0.394509449659737,1.38564435842638,-1.89692162750337,3.01455796942419,0.0926320231765849,-0.0983641236263069,-1.20769456413253,-1.32849940599971,1.8562156157874,-3.28843419802437,4.44064583979786,-5.34454853571778,1.29864508758891,-2.34994910915268,3.66185521707811,-4.82271780498446,-0.234512941376318,0.202790250865137,-0.259767635487733,-1.61141246594194,1.80077926187925,-0.0941565827507328,1.07641780061139,-1.64745157610778,3.12193456762418,-3.36404035174674,-1.39207630711197,1.88126631566404,-3.32790717200989,0.0481767332181201,-0.245159120795102,1.92482239747343,-0.990737241763597,1.68946676844952,-3.26085695634923,1.65145668815355,-2.08889101468738,0.0203689539162058,0.871187253418242,-1.41919922499056,-1.11033594770558,-0.745409890281964,-1.28629343999157,1.83440756793245,-3.20721103918997,4.28916429208637,-5.22595957757279,1.27796038641125,-2.3454328028002,3.59076707909694,-4.73300468475876,-0.247054818088058,0.230257042682258,-0.240254184644451,-1.66536355944449,1.91301132484966,-0.0882428554484119,0.336115842444728,-1.08029088378904,1.93016530536904,-1.87355397818628,-0.942325376575036,1.08789476391286,-1.74673579340193,-0.024595317672305,-0.18432999994684,1.01721486507693,-0.231355328498667,0.313899946118179,-0.978248012483064,0.410548044036901,-0.741803885996944,-0.0563105724452523,0.186029158625444,-0.291570730691019,-0.77006889426712,-0.224709310655053,0.972949528075959,-1.49963596842658,2.83612218262403,-2.8309751811247,-1.43101447260809,1.89200036556793,-2.96740322934403,0.0826487463609346,-0.228942590281856,1.77329791612646,-0.205931636839548,0.283266953752032,-0.902673959924358,0.447261634858674,-0.711102660964053,-0.0474570659554928,0.0103939863188818,-0.11446213199121,-0.295157343078301,-0.050018549014921,-0.928011764232749,1.57328620617762,-3.07307452584816,1.53736166390209,-1.9935212266612,0.00660205125121126,0.208622040386305,-0.317871357348518,-0.597591168336202,-0.0519603362986721,0.873851466283545,-1.38995600443471,-1.04539074267343,-0.287579822291554,-0.747129039747142
5071.80078125,-1.45009749550884,-1.96308607941679,-2.12993091808961,-0.641448069582378,5.29769678474325,-1.32849940599973,-1.28629343999159,1.41474243812483,2.59397330965399,2.53537997340692,-1.76012543922271,0.363569969708919,-0.599109564467246,2.7093006112209,1.15142518845815,1.09424764984231,-1.82446308056466,0.721344658568998,-0.610420556254294,2.77292282729612,1.16467929143579,1.13341249358397,-1.12622394967012,-0.499663055297737,-0.459133123814017,-0.150662345400436,-0.137881893101475,-1.09542052868858,-0.482991388339556,-0.452454947197622,-0.132053130867325,-0.11578375940243,-0.584867307644152,-0.491716543892917,-0.173272696819296,-0.289555223122662,-0.306650229859764,-0.44602634159486,7.64346754124059,3.80223897600087,3.7447090330076,-0.24109540919036,-0.244547150456313,13.3141669096665,12.1472601596958,2.97784024141045,-1.45009749550884,1.93259848467256,-2.02689583195726,1.59245607131494,-0.749108939623212,-1.96308607941678,2.81891402771989,-3.42664887785003,3.5500854354934,-2.89472252150446,1.37429695793848,-1.94342067299327,2.26854284116574,-2.42198510915696,1.0996654994301,-1.34963059538477,1.72701829149842,-1.64414548287575,1.98079356790232,-0.264548387035116,-1.32849940599971,1.61282486998557,-2.30076852764145,2.41034193471,-1.83290135947803,2.10150326260178,-3.07816425432057,3.92733778819839,-3.94048357889507,-1.76062940582697,1.93406717692605,-2.40957510676358,-1.27781194355975,1.25689718270363,1.78791979511061,1.07641780061139,-1.45925110551076,2.1998347856169,-1.80181822974261,-2.09799544594734,2.5246987784875,-3.57119552808397,1.50490138323462,-1.98212276709102,1.51507190881906,-0.990737241763597,1.50687555856384,-2.32126336652515,2.4222256514199,-2.82007964871442,-1.30998158998513,0.871187253418242,-1.26761272963797,-1.64079389549162,-0.745409890281964,-1.28629343999157,1.59619382517647,-2.24313520470225,2.33260470403719,-1.80475102526777,2.08339994385457,-3.07496682897349,3.85137473412089,-3.86960568552611,-1.77932836677792,1.98425587183427,-2.43720355318219,-1.32091417766381,1.33633418128674,1.84505696833218,0.336115842444728,-0.968137392096538,1.37987339188005,-1.00266352077339,-1.35937782865695,1.46363334241014,-1.87846550347444,0.800583467617236,-1.12901862754433,0.800444410540632,-0.231355328498667,0.27268849534439,-0.692157335644767,0.658202490937153,-0.964492196827939,-0.428869843358844,0.186029158625444,-0.256778661037291,-1.23315583940549,-0.224709310655053,0.972949528075959,-1.32755257174301,1.99998610394389,-1.52182943921683,-2.17913778270221,2.53537080866961,-3.18472608823426,1.46622746130108,-1.81374606037498,1.39820881564675,-0.205931636839548,0.24632370992132,-0.639683492420817,0.713337650750814,-0.925075168182815,-0.39249163547725,0.0103939863188818,-0.104550576870227,-0.419211735750735,-0.050018549014921,-0.928011764232749,1.40149277903168,-2.18400008765048,2.26440638311323,-2.69258526280867,-1.29510999602309,0.208622040386305,-0.279486602373783,-0.979755798927496,-0.0519603362986721,0.873851466283545,-1.24182284990235,-1.5337417967523,-0.287579822291554,-0.747129039747142
3194.01000976562,-1.45009749550884,-0.653137775721146,-2.12993091808961,-0.641448069582378,-0.188690710103128,-1.32849940599973,-1.28629343999159,1.41474243812483,2.59397330965399,2.53537997340692,-1.76012543922271,0.363569969708919,-0.599109564467246,-0.17876758579041,1.15142518845815,1.09424764984231,-1.82446308056466,1.65351710382121,-0.610420556254294,-0.178560121049442,2.18783761806657,2.14084841992958,-1.12622394967012,-0.499663055297737,-0.459133123814017,-0.150662345400436,-0.137881893101475,-1.09542052868858,-0.482991388339556,-0.452454947197622,-0.132053130867325,-0.11578375940243,-0.584867307644152,-0.491716543892917,-0.173272696819296,-0.289555223122662,-0.306650229859764,-0.44602634159486,-0.130781764013622,3.80223897600087,3.7447090330076,-0.24109540919036,-0.244547150456313,-0.075079888588345,-0.0822923157224407,2.97784024141045,-1.45009749550884,1.93259848467256,-2.02689583195726,1.59245607131494,-0.749108939623212,-0.653137775721136,1.05453841803248,-1.04058030063252,1.10037305959375,-0.916694222383787,-0.579477869256204,0.519868130303858,-0.927817558649223,0.931206374512481,0.577767893095068,-0.739299397563073,0.92581862537784,0.8894275417093,-1.03113476227461,-0.1735776336434,-1.32849940599971,1.61282486998557,-2.30076852764145,2.41034193471,-1.83290135947803,0.495786912576048,-1.10376173484628,1.31612434930008,-1.27551647344164,0.589045570785157,-0.760861322152945,1.01369057500596,-0.669007101430994,0.650367600861182,-0.957612044483902,1.07641780061139,-1.45925110551076,2.1998347856169,-1.80181822974261,-0.686157168276603,0.78016670696996,-1.17827827469367,-0.737934951795638,0.721657755715033,0.767297055901994,-0.990737241763597,1.50687555856384,-2.32126336652515,0.880687724887195,-0.83761513831053,0.738283700339559,0.871187253418242,-1.26761272963797,-0.579877999919536,-0.745409890281964,-1.28629343999157,1.59619382517647,-2.24313520470225,2.33260470403719,-1.80475102526777,0.472520828967944,-1.09698844047584,1.28810962708674,-1.26153419635301,0.579826323278603,-0.746041841303872,1.06112896188585,-0.692310691077894,0.693232008710142,-0.97519851338405,0.336115842444728,-0.968137392096538,1.37987339188005,-1.00266352077339,-0.525272924493119,0.444897051395922,-0.582808361869919,-0.469897513481388,0.341496150851511,0.404848799928983,-0.231355328498667,0.27268849534439,-0.692157335644767,0.162893597136649,-0.360719582539858,0.144738538807216,0.186029158625444,-0.256778661037291,-0.306981949128748,-0.224709310655053,0.972949528075959,-1.32755257174301,1.99998610394389,-1.52182943921683,-0.682891162513973,0.791006890610228,-1.04719831260905,-0.663990225484874,0.653179925123297,0.713689322178605,-0.205931636839548,0.24632370992132,-0.639683492420817,0.181185618966533,-0.344933626010473,0.138738524839015,0.0103939863188818,-0.104550576870227,-0.171102950405866,-0.050018549014921,-0.928011764232749,1.40149277903168,-2.18400008765048,0.810316944690952,-0.79721985685405,0.70906222508977,0.208622040386305,-0.279486602373783,-0.215426537744909,-0.0519603362986721,0.873851466283545,-1.24182284990235,-0.55703968859455,-0.287579822291554,-0.747129039747142
0,-1.64057655467976,-0.325650699797235,-2.12993091808961,-0.641448069582378,-0.188690710103128,-1.32849940599973,-1.28629343999159,1.41474243812483,2.59397330965399,2.53537997340692,-1.76012543922271,0.255706644807753,-0.599109564467246,-0.17876758579041,0.991964528411782,0.939888505016689,-1.82446308056466,1.88656021513426,-0.610420556254294,-0.178560121049442,2.44362719972426,2.39270740151598,-1.12622394967012,-0.499663055297737,-0.459133123814017,-0.150662345400436,-0.137881893101475,-1.09542052868858,-0.482991388339556,-0.452454947197622,-0.132053130867325,-0.11578375940243,-0.584867307644152,-0.491716543892917,-0.173272696819296,-0.289555223122662,-0.306650229859764,-0.44602634159486,-0.130781764013622,3.80223897600087,3.7447090330076,-0.24109540919036,-0.244547150456313,-0.075079888588345,-0.0822923157224407,2.97784024141045,-1.64057655467976,2.70349075853536,-3.71370992199641,4.57228518246426,-5.19242709304557,-0.325650699797225,0.671059963102197,-0.680673016420539,0.994759131895854,-1.34232788208984,-0.702807236973186,0.791752931040527,-1.58822089455013,2.14669204389584,0.0274851773315261,-0.0999954431949873,0.0978739434518069,0.685654126037169,-0.895957219403723,0.365275385271113,-1.32849940599971,1.8562156157874,-3.28843419802437,4.44064583979786,-5.34454853571778,0.0943578250696166,-0.674634952872343,0.922256902963882,-1.16062231445318,0.737365594757455,-1.05831328839861,1.72097504644621,-0.0270904154181826,0.0150457272669455,-0.736790937153716,1.07641780061139,-1.64745157610778,3.12193456762418,-3.36404035174674,-0.333197598858919,0.401001148520421,-0.817337957120728,-0.879510932426488,1.02008676156074,-0.0211479797679478,-0.990737241763597,1.68946676844952,-3.26085695634923,0.49530324325402,-0.40673612183031,0.867577649496993,0.871187253418242,-1.41919922499056,-0.314649026026515,-0.745409890281964,-1.28629343999157,1.83440756793245,-3.20721103918997,4.28916429208637,-5.22595957757279,0.0698010502462883,-0.667084460766581,0.90147456043505,-1.1490929659464,0.728744741215734,-1.04739767448703,1.78392306957636,-0.029518546530538,0.0196014234503815,-0.748367438455199,0.336115842444728,-1.08029088378904,1.93016530536904,-1.87355397818628,-0.31674669845216,0.223479674781454,-0.387375402584008,-0.550094890330758,0.503803801082914,-0.0122625727025431,-0.231355328498667,0.313899946118179,-0.978248012483064,0.0390663736865232,-0.229492542228736,0.180946784560529,0.186029158625444,-0.291570730691019,-0.0754384765595617,-0.224709310655053,0.972949528075959,-1.49963596842658,2.83612218262403,-2.8309751811247,-0.308829507466914,0.411877879496741,-0.724780162519636,-0.798457307747402,0.92546617881046,-0.00806000429161737,-0.205931636839548,0.283266953752032,-0.902673959924358,0.0481476110204633,-0.218842684256559,0.17227170321355,0.0103939863188818,-0.11446213199121,-0.109075754069649,-0.050018549014921,-0.928011764232749,1.57328620617762,-3.07307452584816,0.446794585085383,-0.385271406981432,0.835572859470647,0.208622040386305,-0.317871357348518,-0.0243442224492625,-0.0519603362986721,0.873851466283545,-1.38995600443471,-0.312864161555112,-0.287579822291554,-0.747129039747142
5193.0888671875,-1.35485796592338,-0.980624851645057,-2.12993091808961,1.55838986135719,-0.188690710103128,-1.32849940599973,-1.28629343999159,1.41474243812483,2.59397330965399,2.53537997340692,-1.76012543922271,0.417501632159501,0.664286639671409,-0.17876758579041,1.23115551848133,1.17142722225511,-1.82446308056466,1.42047399250815,1.20545426047895,-0.178560121049442,1.93204803640887,1.88898943834317,-1.12622394967012,-0.499663055297737,-0.459133123814017,-0.150662345400436,-0.137881893101475,-1.09542052868858,-0.482991388339556,-0.452454947197622,-0.132053130867325,-0.11578375940243,-0.584867307644152,-0.491716543892917,-0.173272696819296,-0.289555223122662,-0.306650229859764,2.24118191013093,-0.130781764013622,3.80223897600087,3.7447090330076,4.14618499614443,4.08766230299161,-0.075079888588345,-0.0822923157224407,2.97784024141045,-1.35485796592338,1.5788542275228,-1.34882948886414,0.610994814257264,0.344136193193809,-0.980624851645047,1.40888425007698,-1.31014888923796,1.09931524307171,-0.498587692439024,-0.310102765906546,0.154565891187279,-0.394260714237105,0.290842657363138,1.06566778859668,-1.22802144804219,1.37537563855761,0.682450040812758,-0.731793894278868,-0.809472178513938,-1.32849940599971,1.49112949708465,-1.84755207869295,1.5941993897668,-0.676276088908082,0.89721600008248,-1.50028801854266,1.6111289137088,-1.2743657072282,0.265086058740566,-0.361207244378982,0.442257255141596,-1.23815287878259,1.13604551143209,-0.733318798038311,1.07641780061139,-1.36515087021225,1.77670497427548,-1.17383542617122,-1.03911673769429,1.1305272906326,-1.44862059963986,-0.428705729914102,0.320690935365422,1.46635999117585,-0.990737241763597,1.415579953621,-1.89010605995424,1.26607220652037,-1.23576054033308,0.45588080181263,0.871187253418242,-1.19181948196168,-0.845106973812558,-0.745409890281964,-1.28629343999157,1.47708695379848,-1.8007435742893,1.54610593529528,-0.677913370773329,0.875240607689599,-1.49423287867255,1.57769717864427,-1.26040799838012,0.254559803510672,-0.34114255920214,0.477165007898665,-1.27996537984137,1.20819538199165,-0.744800800023883,0.336115842444728,-0.912060646250285,1.12735742985429,-0.652582553831169,-0.733799150534078,0.649493485789684,-0.72918658012976,-0.294730989261904,0.123420892894345,0.774674326498681,-0.231355328498667,0.252082769957496,-0.56087708107881,0.286720820586775,-0.481977385130713,0.0656527531386223,0.186029158625444,-0.239382626210427,-0.538525421697934,-0.224709310655053,0.972949528075959,-1.24151087340123,1.61630300572482,-0.995578401219635,-1.05695281756103,1.14133370341551,-1.28868774467397,-0.370288207448762,0.287338297040073,1.35361750977317,-0.205931636839548,0.227852088005964,-0.519003378326085,0.314223626912604,-0.46144551629956,0.0654956017826672,0.0103939863188818,-0.0995947993097356,-0.233130146742083,-0.050018549014921,-0.928011764232749,1.3155960654587,-1.77602482657391,1.17383930429652,-1.17787283579675,0.432738622349958,0.208622040386305,-0.260294224886416,-0.406508853040556,-0.0519603362986721,0.873851466283545,-1.16775627263616,-0.801215215633988,-0.287579822291554,-0.747129039747142
0,-1.64057655467976,-0.980624851645057,-2.12993091808961,1.55838986135719,-0.188690710103128,-1.32849940599973,-1.28629343999159,1.41474243812483,2.59397330965399,2.53537997340692,-1.76012543922271,0.255706644807753,0.47477720905061,-0.17876758579041,0.991964528411782,0.939888505016689,-1.82446308056466,1.42047399250815,1.20545426047895,-0.178560121049442,1.93204803640887,1.88898943834317,-1.12622394967012,-0.499663055297737,-0.459133123814017,-0.150662345400436,-0.137881893101475,-1.09542052868858,-0.482991388339556,-0.452454947197622,-0.132053130867325,-0.11578375940243,-0.584867307644152,-0.491716543892917,-0.173272696819296,-0.289555223122662,-0.306650229859764,2.24118191013093,-0.130781764013622,3.80223897600087,3.7447090330076,4.14618499614443,4.08766230299161,-0.075079888588345,-0.0822923157224407,2.97784024141045,-1.64057655467976,2.70349075853536,-3.71370992199641,4.57228518246426,-5.19242709304557,-0.980624851645047,1.66912846120903,-2.34959555747078,3.23895960164347,-4.18200102770335,-0.310102765906546,0.231600832630829,-0.689488631874897,0.911807829787981,1.06566778859668,-1.47357340389628,2.32739952518691,0.682450040812758,-0.891647841657185,-0.809472178513938,-1.32849940599971,1.8562156157874,-3.28843419802437,4.44064583979786,-5.34454853571778,0.89721600008248,-1.79151105705924,2.74865577904004,-3.6020193081407,0.265086058740566,-0.445486302053108,0.758443001532474,-1.23815287878259,1.38006797929271,-0.733318798038311,1.07641780061139,-1.64745157610778,3.12193456762418,-3.36404035174674,-1.03911673769429,1.38784459328284,-2.49105076704683,-0.428705729914102,0.405246824212798,1.46635999117585,-0.990737241763597,1.68946676844952,-3.26085695634923,1.26607220652037,-1.52817271706835,0.45588080181263,0.871187253418242,-1.41919922499056,-0.845106973812558,-0.745409890281964,-1.28629343999157,1.83440756793245,-3.20721103918997,4.28916429208637,-5.22595957757279,0.875240607689599,-1.78598335545566,2.69433623954297,-3.53836744515464,0.254559803510672,-0.426527725640412,0.800284210504199,-1.27996537984137,1.46693194478544,-0.744800800023883,0.336115842444728,-1.08029088378904,1.93016530536904,-1.87355397818628,-0.733799150534078,0.799756400869058,-1.29361566312929,-0.294730989261904,0.169408606431617,0.774674326498681,-0.231355328498667,0.313899946118179,-0.978248012483064,0.286720820586775,-0.571033438074208,0.0656527531386223,0.186029158625444,-0.291570730691019,-0.538525421697934,-0.224709310655053,0.972949528075959,-1.49963596842658,2.83612218262403,-2.8309751811247,-1.05695281756103,1.3986262035442,-2.21986220706923,-0.370288207448762,0.364486984836674,1.35361750977317,-0.205931636839548,0.283266953752032,-0.902673959924358,0.314223626912604,-0.547016002061555,0.0654956017826672,0.0103939863188818,-0.11446213199121,-0.233130146742083,-0.050018549014921,-0.928011764232749,1.57328620617762,-3.07307452584816,1.17383930429652,-1.45743795343461,0.432738622349958,0.208622040386305,-0.317871357348518,-0.406508853040556,-0.0519603362986721,0.873851466283545,-1.38995600443471,-0.801215215633988,-0.287579822291554,-0.747129039747142
275.566101074219,-1.64057655467976,-0.653137775721146,-2.12993091808961,1.55838986135719,-0.188690710103128,-1.32849940599973,-1.28629343999159,1.41474243812483,2.59397330965399,2.53537997340692,-1.76012543922271,0.255706644807753,0.47477720905061,-0.17876758579041,0.991964528411782,0.939888505016689,-1.82446308056466,1.65351710382121,1.40721812900486,-0.178560121049442,2.18783761806657,2.14084841992958,-1.12622394967012,-0.499663055297737,-0.459133123814017,-0.150662345400436,-0.137881893101475,-1.09542052868858,-0.482991388339556,-0.452454947197622,-0.132053130867325,-0.11578375940243,-0.584867307644152,-0.491716543892917,-0.173272696819296,-0.289555223122662,-0.306650229859764,2.24118191013093,-0.130781764013622,3.80223897600087,3.7447090330076,4.14618499614443,4.08766230299161,-0.075079888588345,-0.0822923157224407,2.97784024141045,-1.64057655467976,2.70349075853536,-3.71370992199641,4.57228518246426,-5.19242709304557,-0.653137775721136,1.17009421215561,-1.51513428694566,2.11685936676966,-2.7621644548966,-0.579477869256204,0.615836410572682,-1.30597281776727,1.75887499430651,0.577767893095068,-0.828052532888055,1.27962114155445,0.8894275417093,-1.17002503012963,-0.1735776336434,-1.32849940599971,1.8562156157874,-3.28843419802437,4.44064583979786,-5.34454853571778,0.495786912576048,-1.23307300496579,1.83545634100196,-2.38132081129694,0.589045570785157,-0.865854148474357,1.41869056217712,-0.669007101430994,0.738567912836048,-0.957612044483902,1.07641780061139,-1.64745157610778,3.12193456762418,-3.36404035174674,-0.686157168276603,0.894422870901629,-1.65419436208378,-0.737934951795638,0.826995451664744,0.767297055901994,-0.990737241763597,1.68946676844952,-3.26085695634923,0.880687724887195,-0.967454419449332,0.738283700339559,0.871187253418242,-1.41919922499056,-0.579877999919536,-0.745409890281964,-1.28629343999157,1.83440756793245,-3.20721103918997,4.28916429208637,-5.22595957757279,0.472520828967944,-1.22653390811112,1.79790539998901,-2.34373020555052,0.579826323278603,-0.852412631363508,1.47500996191113,-0.692310691077894,0.786750633276923,-0.97519851338405,0.336115842444728,-1.08029088378904,1.93016530536904,-1.87355397818628,-0.525272924493119,0.511618037825256,-0.840495532856648,-0.469897513481388,0.398786540108202,0.404848799928983,-0.231355328498667,0.313899946118179,-0.978248012483064,0.162893597136649,-0.400262990151472,0.144738538807216,0.186029158625444,-0.291570730691019,-0.306981949128748,-0.224709310655053,0.972949528075959,-1.49963596842658,2.83612218262403,-2.8309751811247,-0.682891162513973,0.905252041520472,-1.47232118479443,-0.663990225484874,0.749289907867446,0.713689322178605,-0.205931636839548,0.283266953752032,-0.902673959924358,0.181185618966533,-0.382929343159057,0.138738524839015,0.0103939863188818,-0.11446213199121,-0.171102950405866,-0.050018549014921,-0.928011764232749,1.57328620617762,-3.07307452584816,0.810316944690952,-0.921354680208021,0.70906222508977,0.208622040386305,-0.317871357348518,-0.215426537744909,-0.0519603362986721,0.873851466283545,-1.38995600443471,-0.55703968859455,-0.287579822291554,-0.747129039747142
3590.70190429688,-1.64057655467976,-0.980624851645057,-2.12993091808961,1.55838986135719,-0.188690710103128,-1.32849940599973,-1.28629343999159,1.41474243812483,2.59397330965399,2.53537997340692,-1.76012543922271,0.255706644807753,0.47477720905061,-0.17876758579041,0.991964528411782,0.939888505016689,-1.82446308056466,1.42047399250815,1.20545426047895,-0.178560121049442,1.93204803640887,1.88898943834317,-1.12622394967012,-0.499663055297737,-0.459133123814017,-0.150662345400436,-0.137881893101475,-1.09542052868858,-0.482991388339556,-0.452454947197622,-0.132053130867325,-0.11578375940243,-0.584867307644152,-0.491716543892917,-0.173272696819296,-0.289555223122662,-0.306650229859764,2.24118191013093,-0.130781764013622,3.80223897600087,3.7447090330076,4.14618499614443,4.08766230299161,-0.075079888588345,-0.0822923157224407,2.97784024141045,-1.64057655467976,2.70349075853536,-3.71370992199641,4.57228518246426,-5.19242709304557,-0.980624851645047,1.66912846120903,-2.34959555747078,3.23895960164347,-4.18200102770335,-0.310102765906546,0.231600832630829,-0.689488631874897,0.911807829787981,1.06566778859668,-1.47357340389628,2.32739952518691,0.682450040812758,-0.891647841657185,-0.809472178513938,-1.32849940599971,1.8562156157874,-3.28843419802437,4.44064583979786,-5.34454853571778,0.89721600008248,-1.79151105705924,2.74865577904004,-3.6020193081407,0.265086058740566,-0.445486302053108,0.758443001532474,-1.23815287878259,1.38006797929271,-0.733318798038311,1.07641780061139,-1.64745157610778,3.12193456762418,-3.36404035174674,-1.03911673769429,1.38784459328284,-2.49105076704683,-0.428705729914102,0.405246824212798,1.46635999117585,-0.990737241763597,1.68946676844952,-3.26085695634923,1.26607220652037,-1.52817271706835,0.45588080181263,0.871187253418242,-1.41919922499056,-0.845106973812558,-0.745409890281964,-1.28629343999157,1.83440756793245,-3.20721103918997,4.28916429208637,-5.22595957757279,0.875240607689599,-1.78598335545566,2.69433623954297,-3.53836744515464,0.254559803510672,-0.426527725640412,0.800284210504199,-1.27996537984137,1.46693194478544,-0.744800800023883,0.336115842444728,-1.08029088378904,1.93016530536904,-1.87355397818628,-0.733799150534078,0.799756400869058,-1.29361566312929,-0.294730989261904,0.169408606431617,0.774674326498681,-0.231355328498667,0.313899946118179,-0.978248012483064,0.286720820586775,-0.571033438074208,0.0656527531386223,0.186029158625444,-0.291570730691019,-0.538525421697934,-0.224709310655053,0.972949528075959,-1.49963596842658,2.83612218262403,-2.8309751811247,-1.05695281756103,1.3986262035442,-2.21986220706923,-0.370288207448762,0.364486984836674,1.35361750977317,-0.205931636839548,0.283266953752032,-0.902673959924358,0.314223626912604,-0.547016002061555,0.0654956017826672,0.0103939863188818,-0.11446213199121,-0.233130146742083,-0.050018549014921,-0.928011764232749,1.57328620617762,-3.07307452584816,1.17383930429652,-1.45743795343461,0.432738622349958,0.208622040386305,-0.317871357348518,-0.406508853040556,-0.0519603362986721,0.873851466283545,-1.38995600443471,-0.801215215633988,-0.287579822291554,-0.747129039747142
0,-1.45009749550884,-0.325650699797235,-2.12993091808961,1.55838986135719,-0.188690710103128,-1.32849940599973,-1.28629343999159,1.41474243812483,2.59397330965399,2.53537997340692,-1.76012543922271,0.363569969708919,0.601116829464476,-0.17876758579041,1.15142518845815,1.09424764984231,-1.82446308056466,1.88656021513426,1.60898199753078,-0.178560121049442,2.44362719972426,2.39270740151598,-1.12622394967012,-0.499663055297737,-0.459133123814017,-0.150662345400436,-0.137881893101475,-1.09542052868858,-0.482991388339556,-0.452454947197622,-0.132053130867325,-0.11578375940243,-0.584867307644152,-0.491716543892917,-0.173272696819296,-0.289555223122662,-0.306650229859764,2.24118191013093,-0.130781764013622,3.80223897600087,3.7447090330076,4.14618499614443,4.08766230299161,-0.075079888588345,-0.0822923157224407,2.97784024141045,-1.45009749550884,1.93259848467256,-2.02689583195726,1.59245607131494,-0.749108939623212,-0.325650699797225,0.613444515610626,-0.444063156328143,0.487944965618837,-0.422187147603618,-0.702807236973186,0.675359871924441,-1.12958344365184,1.14287200750086,0.0274851773315261,-0.0957733400073749,0.0810430931853368,0.685654126037169,-0.788887581062882,0.365275385271113,-1.32849940599971,1.61282486998557,-2.30076852764145,2.41034193471,-1.83290135947803,0.0943578250696166,-0.610161104977705,0.663320989575509,-0.609274697078285,0.737365594757455,-0.930975003221868,1.22977954604981,-0.0270904154181826,0.0108499226120009,-0.736790937153716,1.07641780061139,-1.45925110551076,2.1998347856169,-1.80181822974261,-0.333197598858919,0.344033689090573,-0.580048961346092,-0.879510932426488,0.892330208692612,-0.0211479797679478,-0.990737241763597,1.50687555856384,-2.32126336652515,0.49530324325402,-0.341999010709558,0.867577649496993,0.871187253418242,-1.26761272963797,-0.314649026026515,-0.745409890281964,-1.28629343999157,1.59619382517647,-2.24313520470225,2.33260470403719,-1.80475102526777,0.0698010502462883,-0.602493843351427,0.647293350328203,-0.609516324059735,0.728744741215734,-0.918388155706916,1.28195642426369,-0.029518546530538,0.0151526196820556,-0.748367438455199,0.336115842444728,-0.968137392096538,1.37987339188005,-1.00266352077339,-0.31674669845216,0.190212978642368,-0.258894076468789,-0.550094890330758,0.43432038797122,-0.0122625727025431,-0.231355328498667,0.27268849534439,-0.692157335644767,0.0390663736865232,-0.209776428967838,0.180946784560529,0.186029158625444,-0.256778661037291,-0.0754384765595617,-0.224709310655053,0.972949528075959,-1.32755257174301,1.99998610394389,-1.52182943921683,-0.308829507466914,0.354915911095383,-0.512816368702747,-0.798457307747402,0.808901258903067,-0.00806000429161737,-0.205931636839548,0.24632370992132,-0.639683492420817,0.0481476110204633,-0.199898240467387,0.17227170321355,0.0103939863188818,-0.104550576870227,-0.109075754069649,-0.050018549014921,-0.928011764232749,1.40149277903168,-2.18400008765048,0.446794585085383,-0.323378505365395,0.835572859470647,0.208622040386305,-0.279486602373783,-0.0243442224492625,-0.0519603362986721,0.873851466283545,-1.24182284990235,-0.312864161555112,-0.287579822291554,-0.747129039747142
12797.669921875,-1.45009749550884,-0.653137775721146,0.469323281677592,1.55838986135719,-0.188690710103128,-1.32849940599973,-1.28629343999159,1.41474243812483,2.59397330965399,2.53537997340692,-0.612590574508902,0.363569969708919,0.601116829464476,-0.17876758579041,1.15142518845815,1.09424764984231,0.0213213982789787,1.65351710382121,1.40721812900486,-0.178560121049442,2.18783761806657,2.14084841992958,-1.12622394967012,-0.499663055297737,-0.459133123814017,-0.150662345400436,-0.137881893101475,-1.09542052868858,-0.482991388339556,-0.452454947197622,-0.132053130867325,-0.11578375940243,1.70915035796891,2.03293173809087,-0.173272696819296,3.45228159742381,3.25982526959618,2.24118191013093,-0.130781764013622,3.80223897600087,3.7447090330076,4.14618499614443,4.08766230299161,-0.075079888588345,-0.0822923157224407,2.97784024141045,-1.45009749550884,1.93259848467256,-2.02689583195726,1.59245607131494,-0.749108939623212,-0.653137775721136,1.05453841803248,-1.04058030063252,1.10037305959375,-0.916694222383787,-0.579477869256204,0.519868130303858,-0.927817558649223,0.931206374512481,0.577767893095068,-0.739299397563073,0.92581862537784,0.8894275417093,-1.03113476227461,-0.1735776336434,-1.32849940599971,1.61282486998557,-2.30076852764145,2.41034193471,-1.83290135947803,0.495786912576048,-1.10376173484628,1.31612434930008,-1.27551647344164,0.589045570785157,-0.760861322152945,1.01369057500596,-0.669007101430994,0.650367600861182,-0.957612044483902,1.07641780061139,-1.45925110551076,2.1998347856169,-1.80181822974261,-0.686157168276603,0.78016670696996,-1.17827827469367,-0.737934951795638,0.721657755715033,0.767297055901994,-0.990737241763597,1.50687555856384,-2.32126336652515,0.880687724887195,-0.83761513831053,0.738283700339559,0.871187253418242,-1.26761272963797,-0.579877999919536,-0.745409890281964,-1.28629343999157,1.59619382517647,-2.24313520470225,2.33260470403719,-1.80475102526777,0.472520828967944,-1.09698844047584,1.28810962708674,-1.26153419635301,0.579826323278603,-0.746041841303872,1.06112896188585,-0.692310691077894,0.693232008710142,-0.97519851338405,0.336115842444728,-0.968137392096538,1.37987339188005,-1.00266352077339,-0.525272924493119,0.444897051395922,-0.582808361869919,-0.469897513481388,0.341496150851511,0.404848799928983,-0.231355328498667,0.27268849534439,-0.692157335644767,0.162893597136649,-0.360719582539858,0.144738538807216,0.186029158625444,-0.256778661037291,-0.306981949128748,-0.224709310655053,0.972949528075959,-1.32755257174301,1.99998610394389,-1.52182943921683,-0.682891162513973,0.791006890610228,-1.04719831260905,-0.663990225484874,0.653179925123297,0.713689322178605,-0.205931636839548,0.24632370992132,-0.639683492420817,0.181185618966533,-0.344933626010473,0.138738524839015,0.0103939863188818,-0.104550576870227,-0.171102950405866,-0.050018549014921,-0.928011764232749,1.40149277903168,-2.18400008765048,0.810316944690952,-0.79721985685405,0.70906222508977,0.208622040386305,-0.279486602373783,-0.215426537744909,-0.0519603362986721,0.873851466283545,-1.24182284990235,-0.55703968859455,-0.287579822291554,-0.747129039747142
2035.91394042969,-1.35485796592338,-0.980624851645057,-2.12993091808961,1.55838986135719,-0.188690710103128,-1.32849940599973,-1.28629343999159,1.41474243812483,2.59397330965399,2.53537997340692,-1.76012543922271,0.417501632159501,0.664286639671409,-0.17876758579041,1.23115551848133,1.17142722225511,-1.82446308056466,1.42047399250815,1.20545426047895,-0.178560121049442,1.93204803640887,1.88898943834317,-1.12622394967012,-0.499663055297737,-0.459133123814017,-0.150662345400436,-0.137881893101475,-1.09542052868858,-0.482991388339556,-0.452454947197622,-0.132053130867325,-0.11578375940243,-0.584867307644152,-0.491716543892917,-0.173272696819296,-0.289555223122662,-0.306650229859764,2.24118191013093,-0.130781764013622,3.80223897600087,3.7447090330076,4.14618499614443,4.08766230299161,-0.075079888588345,-0.0822923157224407,2.97784024141045,-1.35485796592338,1.5788542275228,-1.34882948886414,0.610994814257264,0.344136193193809,-0.980624851645047,1.40888425007698,-1.31014888923796,1.09931524307171,-0.498587692439024,-0.310102765906546,0.154565891187279,-0.394260714237105,0.290842657363138,1.06566778859668,-1.22802144804219,1.37537563855761,0.682450040812758,-0.731793894278868,-0.809472178513938,-1.32849940599971,1.49112949708465,-1.84755207869295,1.5941993897668,-0.676276088908082,0.89721600008248,-1.50028801854266,1.6111289137088,-1.2743657072282,0.265086058740566,-0.361207244378982,0.442257255141596,-1.23815287878259,1.13604551143209,-0.733318798038311,1.07641780061139,-1.36515087021225,1.77670497427548,-1.17383542617122,-1.03911673769429,1.1305272906326,-1.44862059963986,-0.428705729914102,0.320690935365422,1.46635999117585,-0.990737241763597,1.415579953621,-1.89010605995424,1.26607220652037,-1.23576054033308,0.45588080181263,0.871187253418242,-1.19181948196168,-0.845106973812558,-0.745409890281964,-1.28629343999157,1.47708695379848,-1.8007435742893,1.54610593529528,-0.677913370773329,0.875240607689599,-1.49423287867255,1.57769717864427,-1.26040799838012,0.254559803510672,-0.34114255920214,0.477165007898665,-1.27996537984137,1.20819538199165,-0.744800800023883,0.336115842444728,-0.912060646250285,1.12735742985429,-0.652582553831169,-0.733799150534078,0.649493485789684,-0.72918658012976,-0.294730989261904,0.123420892894345,0.774674326498681,-0.231355328498667,0.252082769957496,-0.56087708107881,0.286720820586775,-0.481977385130713,0.0656527531386223,0.186029158625444,-0.239382626210427,-0.538525421697934,-0.224709310655053,0.972949528075959,-1.24151087340123,1.61630300572482,-0.995578401219635,-1.05695281756103,1.14133370341551,-1.28868774467397,-0.370288207448762,0.287338297040073,1.35361750977317,-0.205931636839548,0.227852088005964,-0.519003378326085,0.314223626912604,-0.46144551629956,0.0654956017826672,0.0103939863188818,-0.0995947993097356,-0.233130146742083,-0.050018549014921,-0.928011764232749,1.3155960654587,-1.77602482657391,1.17383930429652,-1.17787283579675,0.432738622349958,0.208622040386305,-0.260294224886416,-0.406508853040556,-0.0519603362986721,0.873851466283545,-1.16775627263616,-0.801215215633988,-0.287579822291554,-0.747129039747142
2389.67895507812,-1.5453370250943,-0.980624851645057,-2.12993091808961,1.55838986135719,-0.188690710103128,-1.32849940599973,-1.28629343999159,1.41474243812483,2.59397330965399,2.53537997340692,-1.76012543922271,0.309638307258336,0.537947019257543,-0.17876758579041,1.07169485843496,1.0170680774295,-1.82446308056466,1.42047399250815,1.20545426047895,-0.178560121049442,1.93204803640887,1.88898943834317,-1.12622394967012,-0.499663055297737,-0.459133123814017,-0.150662345400436,-0.137881893101475,-1.09542052868858,-0.482991388339556,-0.452454947197622,-0.132053130867325,-0.11578375940243,-0.584867307644152,-0.491716543892917,-0.173272696819296,-0.289555223122662,-0.306650229859764,2.24118191013093,-0.130781764013622,3.80223897600087,3.7447090330076,4.14618499614443,4.08766230299161,-0.075079888588345,-0.0822923157224407,2.97784024141045,-1.5453370250943,2.30747732834342,-2.81310442164129,2.89747837926436,-2.53328379623812,-0.980624851645047,1.58238039083168,-1.98357966768117,2.42412962075464,-2.62467875655406,-0.310102765906546,0.205922518816312,-0.585531293545417,0.675328791786867,1.06566778859668,-1.39172275194492,1.99216744391236,0.682450040812758,-0.838363192531079,-0.809472178513938,-1.32849940599971,1.73452024288648,-2.78106256741859,3.35664797950482,-3.37083448641257,0.89721600008248,-1.69443671088704,2.34810333080174,-2.71559071473961,0.265086058740566,-0.417393282828399,0.647105872999654,-1.23815287878259,1.2987271566725,-0.733318798038311,1.07641780061139,-1.55335134080927,2.64824465006647,-2.52995564486555,-1.03911673769429,1.30207215906609,-2.12398431051023,-0.428705729914102,0.377061527930339,1.46635999117585,-0.990737241763597,1.59817116350668,-2.77818033199014,1.26607220652037,-1.43070199148993,0.45588080181263,0.871187253418242,-1.34340597731427,-0.845106973812558,-0.745409890281964,-1.28629343999157,1.71530069655446,-2.71195769300247,3.24453919844091,-3.30307637023472,0.875240607689599,-1.68873319652796,2.30113892414484,-2.67086362609949,0.254559803510672,-0.398066003494322,0.686505633820855,-1.27996537984137,1.38068642385417,-0.744800800023883,0.336115842444728,-1.02421413794279,1.64747601705163,-1.40857758227852,-0.733799150534078,0.749668762509267,-1.09486567493756,-0.294730989261904,0.15407936858586,0.774674326498681,-0.231355328498667,0.293294220731285,-0.831280979446185,0.286720820586775,-0.541348087093043,0.0656527531386223,0.186029158625444,-0.274174695864155,-0.538525421697934,-0.224709310655053,0.972949528075959,-1.4135942700848,2.40659249624363,-2.13201027272668,-1.05695281756103,1.31286203683464,-1.89197174398044,-0.370288207448762,0.338770755571141,1.35361750977317,-0.205931636839548,0.264795331836676,-0.767573686286908,0.314223626912604,-0.518492506807556,0.0654956017826672,0.0103939863188818,-0.109506354430719,-0.233130146742083,-0.050018549014921,-0.928011764232749,1.48738949260465,-2.61634998740856,1.17383930429652,-1.36424958088866,0.432738622349958,0.208622040386305,-0.298678979861151,-0.406508853040556,-0.0519603362986721,0.873851466283545,-1.31588942716853,-0.801215215633988,-0.287579822291554,-0.747129039747142
0,-1.5453370250943,-0.325650699797235,-2.12993091808961,1.55838986135719,-0.188690710103128,-1.32849940599973,-1.28629343999159,1.41474243812483,2.59397330965399,2.53537997340692,-1.76012543922271,0.309638307258336,0.537947019257543,-0.17876758579041,1.07169485843496,1.0170680774295,-1.82446308056466,1.88656021513426,1.60898199753078,-0.178560121049442,2.44362719972426,2.39270740151598,-1.12622394967012,-0.499663055297737,-0.459133123814017,-0.150662345400436,-0.137881893101475,-1.09542052868858,-0.482991388339556,-0.452454947197622,-0.132053130867325,-0.11578375940243,-0.584867307644152,-0.491716543892917,-0.173272696819296,-0.289555223122662,-0.306650229859764,2.24118191013093,-0.130781764013622,3.80223897600087,3.7447090330076,4.14618499614443,4.08766230299161,-0.075079888588345,-0.0822923157224407,2.97784024141045,-1.5453370250943,2.30747732834342,-2.81310442164129,2.89747837926436,-2.53328379623812,-0.325650699797225,0.642252239356411,-0.559124668500396,0.724166404159995,-0.825164680934156,-0.702807236973186,0.733556401482484,-1.35261522524614,1.61074332762503,0.0274851773315261,-0.0978843916011811,0.0892278031633935,0.685654126037169,-0.842422400233303,0.365275385271113,-1.32849940599971,1.73452024288648,-2.78106256741859,3.35664797950482,-3.37083448641257,0.0943578250696166,-0.642398028925024,0.789239485696234,-0.866252769079038,0.737365594757455,-0.99464414581024,1.46864405079085,-0.0270904154181826,0.0129478249394732,-0.736790937153716,1.07641780061139,-1.55335134080927,2.64824465006647,-2.52995564486555,-0.333197598858919,0.372517418805497,-0.695440731853894,-0.879510932426488,0.956208485126673,-0.0211479797679478,-0.990737241763597,1.59817116350668,-2.77818033199014,0.49530324325402,-0.374367566269934,0.867577649496993,0.871187253418242,-1.34340597731427,-0.314649026026515,-0.745409890281964,-1.28629343999157,1.71530069655446,-2.71195769300247,3.24453919844091,-3.30307637023472,0.0698010502462883,-0.634789152059004,0.770899671676122,-0.861008052252681,0.728744741215734,-0.982892915096973,1.52605885197805,-0.029518546530538,0.0173770215662185,-0.748367438455199,0.336115842444728,-1.02421413794279,1.64747601705163,-1.40857758227852,-0.31674669845216,0.206846326711911,-0.321373533846181,-0.550094890330758,0.469062094527067,-0.0122625727025431,-0.231355328498667,0.293294220731285,-0.831280979446185,0.0390663736865232,-0.219634485598287,0.180946784560529,0.186029158625444,-0.274174695864155,-0.0754384765595617,-0.224709310655053,0.972949528075959,-1.4135942700848,2.40659249624363,-2.13201027272668,-0.308829507466914,0.383396895296062,-0.615892692879665,-0.798457307747402,0.867183718856764,-0.00806000429161737,-0.205931636839548,0.264795331836676,-0.767573686286908,0.0481476110204633,-0.209370462361973,0.17227170321355,0.0103939863188818,-0.109506354430719,-0.109075754069649,-0.050018549014921,-0.928011764232749,1.48738949260465,-2.61634998740856,0.446794585085383,-0.354324956173413,0.835572859470647,0.208622040386305,-0.298678979861151,-0.0243442224492625,-0.0519603362986721,0.873851466283545,-1.31588942716853,-0.312864161555112,-0.287579822291554,-0.747129039747142
8469.275390625,-1.64057655467976,-0.653137775721146,-2.12993091808961,-0.641448069582378,5.29769678474325,-1.32849940599973,-1.28629343999159,1.41474243812483,2.59397330965399,2.53537997340692,-1.76012543922271,0.255706644807753,-0.599109564467246,2.40529343258813,0.991964528411782,0.939888505016689,-1.82446308056466,1.65351710382121,-0.610420556254294,4.74057812619317,2.18783761806657,2.14084841992958,-1.12622394967012,-0.499663055297737,-0.459133123814017,-0.150662345400436,-0.137881893101475,-1.09542052868858,-0.482991388339556,-0.452454947197622,-0.132053130867325,-0.11578375940243,-0.584867307644152,-0.491716543892917,-0.173272696819296,-0.289555223122662,-0.306650229859764,-0.44602634159486,7.64346754124059,3.80223897600087,3.7447090330076,-0.24109540919036,-0.244547150456313,13.3141669096665,12.1472601596958,2.97784024141045,-1.64057655467976,2.70349075853536,-3.71370992199641,4.57228518246426,-5.19242709304557,-0.653137775721136,1.17009421215561,-1.51513428694566,2.11685936676966,-2.7621644548966,-0.579477869256204,0.615836410572682,-1.30597281776727,1.75887499430651,0.577767893095068,-0.828052532888055,1.27962114155445,0.8894275417093,-1.17002503012963,-0.1735776336434,-1.32849940599971,1.8562156157874,-3.28843419802437,4.44064583979786,-5.34454853571778,0.495786912576048,-1.23307300496579,1.83545634100196,-2.38132081129694,0.589045570785157,-0.865854148474357,1.41869056217712,-0.669007101430994,0.738567912836048,-0.957612044483902,1.07641780061139,-1.64745157610778,3.12193456762418,-3.36404035174674,-0.686157168276603,0.894422870901629,-1.65419436208378,-0.737934951795638,0.826995451664744,0.767297055901994,-0.990737241763597,1.68946676844952,-3.26085695634923,0.880687724887195,-0.967454419449332,0.738283700339559,0.871187253418242,-1.41919922499056,-0.579877999919536,-0.745409890281964,-1.28629343999157,1.83440756793245,-3.20721103918997,4.28916429208637,-5.22595957757279,0.472520828967944,-1.22653390811112,1.79790539998901,-2.34373020555052,0.579826323278603,-0.852412631363508,1.47500996191113,-0.692310691077894,0.786750633276923,-0.97519851338405,0.336115842444728,-1.08029088378904,1.93016530536904,-1.87355397818628,-0.525272924493119,0.511618037825256,-0.840495532856648,-0.469897513481388,0.398786540108202,0.404848799928983,-0.231355328498667,0.313899946118179,-0.978248012483064,0.162893597136649,-0.400262990151472,0.144738538807216,0.186029158625444,-0.291570730691019,-0.306981949128748,-0.224709310655053,0.972949528075959,-1.49963596842658,2.83612218262403,-2.8309751811247,-0.682891162513973,0.905252041520472,-1.47232118479443,-0.663990225484874,0.749289907867446,0.713689322178605,-0.205931636839548,0.283266953752032,-0.902673959924358,0.181185618966533,-0.382929343159057,0.138738524839015,0.0103939863188818,-0.11446213199121,-0.171102950405866,-0.050018549014921,-0.928011764232749,1.57328620617762,-3.07307452584816,0.810316944690952,-0.921354680208021,0.70906222508977,0.208622040386305,-0.317871357348518,-0.215426537744909,-0.0519603362986721,0.873851466283545,-1.38995600443471,-0.55703968859455,-0.287579822291554,-0.747129039747142
0,-1.45009749550884,-0.325650699797235,-2.12993091808961,1.55838986135719,-0.188690710103128,-1.32849940599973,-1.28629343999159,1.41474243812483,2.59397330965399,2.53537997340692,-1.76012543922271,0.363569969708919,0.601116829464476,-0.17876758579041,1.15142518845815,1.09424764984231,-1.82446308056466,1.88656021513426,1.60898199753078,-0.178560121049442,2.44362719972426,2.39270740151598,-1.12622394967012,-0.499663055297737,-0.459133123814017,-0.150662345400436,-0.137881893101475,-1.09542052868858,-0.482991388339556,-0.452454947197622,-0.132053130867325,-0.11578375940243,-0.584867307644152,-0.491716543892917,-0.173272696819296,-0.289555223122662,-0.306650229859764,2.24118191013093,-0.130781764013622,3.80223897600087,3.7447090330076,4.14618499614443,4.08766230299161,-0.075079888588345,-0.0822923157224407,2.97784024141045,-1.45009749550884,1.93259848467256,-2.02689583195726,1.59245607131494,-0.749108939623212,-0.325650699797225,0.613444515610626,-0.444063156328143,0.487944965618837,-0.422187147603618,-0.702807236973186,0.675359871924441,-1.12958344365184,1.14287200750086,0.0274851773315261,-0.0957733400073749,0.0810430931853368,0.685654126037169,-0.788887581062882,0.365275385271113,-1.32849940599971,1.61282486998557,-2.30076852764145,2.41034193471,-1.83290135947803,0.0943578250696166,-0.610161104977705,0.663320989575509,-0.609274697078285,0.737365594757455,-0.930975003221868,1.22977954604981,-0.0270904154181826,0.0108499226120009,-0.736790937153716,1.07641780061139,-1.45925110551076,2.1998347856169,-1.80181822974261,-0.333197598858919,0.344033689090573,-0.580048961346092,-0.879510932426488,0.892330208692612,-0.0211479797679478,-0.990737241763597,1.50687555856384,-2.32126336652515,0.49530324325402,-0.341999010709558,0.867577649496993,0.871187253418242,-1.26761272963797,-0.314649026026515,-0.745409890281964,-1.28629343999157,1.59619382517647,-2.24313520470225,2.33260470403719,-1.80475102526777,0.0698010502462883,-0.602493843351427,0.647293350328203,-0.609516324059735,0.728744741215734,-0.918388155706916,1.28195642426369,-0.029518546530538,0.0151526196820556,-0.748367438455199,0.336115842444728,-0.968137392096538,1.37987339188005,-1.00266352077339,-0.31674669845216,0.190212978642368,-0.258894076468789,-0.550094890330758,0.43432038797122,-0.0122625727025431,-0.231355328498667,0.27268849534439,-0.692157335644767,0.0390663736865232,-0.209776428967838,0.180946784560529,0.186029158625444,-0.256778661037291,-0.0754384765595617,-0.224709310655053,0.972949528075959,-1.32755257174301,1.99998610394389,-1.52182943921683,-0.308829507466914,0.354915911095383,-0.512816368702747,-0.798457307747402,0.808901258903067,-0.00806000429161737,-0.205931636839548,0.24632370992132,-0.639683492420817,0.0481476110204633,-0.199898240467387,0.17227170321355,0.0103939863188818,-0.104550576870227,-0.109075754069649,-0.050018549014921,-0.928011764232749,1.40149277903168,-2.18400008765048,0.446794585085383,-0.323378505365395,0.835572859470647,0.208622040386305,-0.279486602373783,-0.0243442224492625,-0.0519603362986721,0.873851466283545,-1.24182284990235,-0.312864161555112,-0.287579822291554,-0.747129039747142
1143.38696289062,-1.64057655467976,-0.653137775721146,-2.12993091808961,1.55838986135719,-0.188690710103128,-1.32849940599973,-1.28629343999159,1.41474243812483,2.59397330965399,2.53537997340692,-1.76012543922271,0.255706644807753,0.47477720905061,-0.17876758579041,0.991964528411782,0.939888505016689,-1.82446308056466,1.65351710382121,1.40721812900486,-0.178560121049442,2.18783761806657,2.14084841992958,-1.12622394967012,-0.499663055297737,-0.459133123814017,-0.150662345400436,-0.137881893101475,-1.09542052868858,-0.482991388339556,-0.452454947197622,-0.132053130867325,-0.11578375940243,-0.584867307644152,-0.491716543892917,-0.173272696819296,-0.289555223122662,-0.306650229859764,2.24118191013093,-0.130781764013622,3.80223897600087,3.7447090330076,4.14618499614443,4.08766230299161,-0.075079888588345,-0.0822923157224407,2.97784024141045,-1.64057655467976,2.70349075853536,-3.71370992199641,4.57228518246426,-5.19242709304557,-0.653137775721136,1.17009421215561,-1.51513428694566,2.11685936676966,-2.7621644548966,-0.579477869256204,0.615836410572682,-1.30597281776727,1.75887499430651,0.577767893095068,-0.828052532888055,1.27962114155445,0.8894275417093,-1.17002503012963,-0.1735776336434,-1.32849940599971,1.8562156157874,-3.28843419802437,4.44064583979786,-5.34454853571778,0.495786912576048,-1.23307300496579,1.83545634100196,-2.38132081129694,0.589045570785157,-0.865854148474357,1.41869056217712,-0.669007101430994,0.738567912836048,-0.957612044483902,1.07641780061139,-1.64745157610778,3.12193456762418,-3.36404035174674,-0.686157168276603,0.894422870901629,-1.65419436208378,-0.737934951795638,0.826995451664744,0.767297055901994,-0.990737241763597,1.68946676844952,-3.26085695634923,0.880687724887195,-0.967454419449332,0.738283700339559,0.871187253418242,-1.41919922499056,-0.579877999919536,-0.745409890281964,-1.28629343999157,1.83440756793245,-3.20721103918997,4.28916429208637,-5.22595957757279,0.472520828967944,-1.22653390811112,1.79790539998901,-2.34373020555052,0.579826323278603,-0.852412631363508,1.47500996191113,-0.692310691077894,0.786750633276923,-0.97519851338405,0.336115842444728,-1.08029088378904,1.93016530536904,-1.87355397818628,-0.525272924493119,0.511618037825256,-0.840495532856648,-0.469897513481388,0.398786540108202,0.404848799928983,-0.231355328498667,0.313899946118179,-0.978248012483064,0.162893597136649,-0.400262990151472,0.144738538807216,0.186029158625444,-0.291570730691019,-0.306981949128748,-0.224709310655053,0.972949528075959,-1.49963596842658,2.83612218262403,-2.8309751811247,-0.682891162513973,0.905252041520472,-1.47232118479443,-0.663990225484874,0.749289907867446,0.713689322178605,-0.205931636839548,0.283266953752032,-0.902673959924358,0.181185618966533,-0.382929343159057,0.138738524839015,0.0103939863188818,-0.11446213199121,-0.171102950405866,-0.050018549014921,-0.928011764232749,1.57328620617762,-3.07307452584816,0.810316944690952,-0.921354680208021,0.70906222508977,0.208622040386305,-0.317871357348518,-0.215426537744909,-0.0519603362986721,0.873851466283545,-1.38995600443471,-0.55703968859455,-0.287579822291554,-0.747129039747142
5114.81396484375,-1.64057655467976,-0.980624851645057,-2.12993091808961,-0.641448069582378,5.29769678474325,-1.32849940599973,-1.28629343999159,1.41474243812483,2.59397330965399,2.53537997340692,-1.76012543922271,0.255706644807753,-0.599109564467246,2.40529343258813,0.991964528411782,0.939888505016689,-1.82446308056466,1.42047399250815,-0.610420556254294,4.24866430146891,1.93204803640887,1.88898943834317,-1.12622394967012,-0.499663055297737,-0.459133123814017,-0.150662345400436,-0.137881893101475,-1.09542052868858,-0.482991388339556,-0.452454947197622,-0.132053130867325,-0.11578375940243,-0.584867307644152,-0.491716543892917,-0.173272696819296,-0.289555223122662,-0.306650229859764,-0.44602634159486,7.64346754124059,3.80223897600087,3.7447090330076,-0.24109540919036,-0.244547150456313,13.3141669096665,12.1472601596958,2.97784024141045,-1.64057655467976,2.70349075853536,-3.71370992199641,4.57228518246426,-5.19242709304557,-0.980624851645047,1.66912846120903,-2.34959555747078,3.23895960164347,-4.18200102770335,-0.310102765906546,0.231600832630829,-0.689488631874897,0.911807829787981,1.06566778859668,-1.47357340389628,2.32739952518691,0.682450040812758,-0.891647841657185,-0.809472178513938,-1.32849940599971,1.8562156157874,-3.28843419802437,4.44064583979786,-5.34454853571778,0.89721600008248,-1.79151105705924,2.74865577904004,-3.6020193081407,0.265086058740566,-0.445486302053108,0.758443001532474,-1.23815287878259,1.38006797929271,-0.733318798038311,1.07641780061139,-1.64745157610778,3.12193456762418,-3.36404035174674,-1.03911673769429,1.38784459328284,-2.49105076704683,-0.428705729914102,0.405246824212798,1.46635999117585,-0.990737241763597,1.68946676844952,-3.26085695634923,1.26607220652037,-1.52817271706835,0.45588080181263,0.871187253418242,-1.41919922499056,-0.845106973812558,-0.745409890281964,-1.28629343999157,1.83440756793245,-3.20721103918997,4.28916429208637,-5.22595957757279,0.875240607689599,-1.78598335545566,2.69433623954297,-3.53836744515464,0.254559803510672,-0.426527725640412,0.800284210504199,-1.27996537984137,1.46693194478544,-0.744800800023883,0.336115842444728,-1.08029088378904,1.93016530536904,-1.87355397818628,-0.733799150534078,0.799756400869058,-1.29361566312929,-0.294730989261904,0.169408606431617,0.774674326498681,-0.231355328498667,0.313899946118179,-0.978248012483064,0.286720820586775,-0.571033438074208,0.0656527531386223,0.186029158625444,-0.291570730691019,-0.538525421697934,-0.224709310655053,0.972949528075959,-1.49963596842658,2.83612218262403,-2.8309751811247,-1.05695281756103,1.3986262035442,-2.21986220706923,-0.370288207448762,0.364486984836674,1.35361750977317,-0.205931636839548,0.283266953752032,-0.902673959924358,0.314223626912604,-0.547016002061555,0.0654956017826672,0.0103939863188818,-0.11446213199121,-0.233130146742083,-0.050018549014921,-0.928011764232749,1.57328620617762,-3.07307452584816,1.17383930429652,-1.45743795343461,0.432738622349958,0.208622040386305,-0.317871357348518,-0.406508853040556,-0.0519603362986721,0.873851466283545,-1.38995600443471,-0.801215215633988,-0.287579822291554,-0.747129039747142
781.224304199219,-1.5453370250943,-0.653137775721146,-2.12993091808961,1.55838986135719,-0.188690710103128,-1.32849940599973,-1.28629343999159,1.41474243812483,2.59397330965399,2.53537997340692,-1.76012543922271,0.309638307258336,0.537947019257543,-0.17876758579041,1.07169485843496,1.0170680774295,-1.82446308056466,1.65351710382121,1.40721812900486,-0.178560121049442,2.18783761806657,2.14084841992958,-1.12622394967012,-0.499663055297737,-0.459133123814017,-0.150662345400436,-0.137881893101475,-1.09542052868858,-0.482991388339556,-0.452454947197622,-0.132053130867325,-0.11578375940243,-0.584867307644152,-0.491716543892917,-0.173272696819296,-0.289555223122662,-0.306650229859764,2.24118191013093,-0.130781764013622,3.80223897600087,3.7447090330076,4.14618499614443,4.08766230299161,-0.075079888588345,-0.0822923157224407,2.97784024141045,-1.5453370250943,2.30747732834342,-2.81310442164129,2.89747837926436,-2.53328379623812,-0.653137775721136,1.11231631509405,-1.27135216809078,1.57414801245732,-1.72492171874411,-0.579477869256204,0.56785227043827,-1.1117114840039,1.31697513358118,0.577767893095068,-0.783675965225564,1.09787000356526,0.8894275417093,-1.10057989620212,-0.1735776336434,-1.32849940599971,1.73452024288648,-2.78106256741859,3.35664797950482,-3.37083448641257,0.495786912576048,-1.16841736990603,1.56867140824899,-1.79092174190932,0.589045570785157,-0.813357735313651,1.21063888026872,-0.669007101430994,0.694467756848615,-0.957612044483902,1.07641780061139,-1.55335134080927,2.64824465006647,-2.52995564486555,-0.686157168276603,0.837294788935794,-1.40971252118206,-0.737934951795638,0.774326603689888,0.767297055901994,-0.990737241763597,1.59817116350668,-2.77818033199014,0.880687724887195,-0.902534778879931,0.738283700339559,0.871187253418242,-1.34340597731427,-0.579877999919536,-0.745409890281964,-1.28629343999157,1.71530069655446,-2.71195769300247,3.24453919844091,-3.30307637023472,0.472520828967944,-1.16176117429348,1.53601929791048,-1.76593583917609,0.579826323278603,-0.79922723633369,1.26239603378081,-0.692310691077894,0.739991320993533,-0.97519851338405,0.336115842444728,-1.02421413794279,1.64747601705163,-1.40857758227852,-0.525272924493119,0.478257544610589,-0.70811960439187,-0.469897513481388,0.370141345479857,0.404848799928983,-0.231355328498667,0.293294220731285,-0.831280979446185,0.162893597136649,-0.380491286345665,0.144738538807216,0.186029158625444,-0.274174695864155,-0.306981949128748,-0.224709310655053,0.972949528075959,-1.4135942700848,2.40659249624363,-2.13201027272668,-0.682891162513973,0.84812946606535,-1.25393221843005,-0.663990225484874,0.701234916495372,0.713689322178605,-0.205931636839548,0.264795331836676,-0.767573686286908,0.181185618966533,-0.363931484584765,0.138738524839015,0.0103939863188818,-0.109506354430719,-0.171102950405866,-0.050018549014921,-0.928011764232749,1.48738949260465,-2.61634998740856,0.810316944690952,-0.859287268531036,0.70906222508977,0.208622040386305,-0.298678979861151,-0.215426537744909,-0.0519603362986721,0.873851466283545,-1.31588942716853,-0.55703968859455,-0.287579822291554,-0.747129039747142
3343.22412109375,-1.25961843633792,-0.980624851645057,-2.12993091808961,1.55838986135719,-0.188690710103128,-1.28539430175292,-1.28629343999159,1.41474243812483,-0.385364862662207,2.53537997340692,-1.76012543922271,0.471433294610084,0.727456449878341,-0.17876758579041,-0.36345108198231,1.24860679466792,-1.82446308056466,1.42047399250815,1.20545426047895,-0.178560121049442,-0.370058198510386,1.88898943834317,-1.12622394967012,-0.430525142613751,-0.381971966895811,-0.150662345400436,0.042201842204459,-1.09542052868858,-0.482991388339556,-0.452454947197622,-0.132053130867325,-0.11578375940243,-0.584867307644152,-0.491716543892917,-0.173272696819296,-0.289555223122662,-0.306650229859764,2.24118191013093,-0.130781764013622,-0.262904613448501,3.7447090330076,-0.24109540919036,4.08766230299161,-0.075079888588345,-0.0822923157224407,-0.33568831340359,-1.25961843633793,1.24624455689412,-0.772650728281754,-0.0905281035533678,0.907385005257735,-0.980624851645047,1.32213617969964,-1.00273400058437,0.578012932249967,0.153724718485505,-0.310102765906546,0.128887577372762,-0.306947473258274,0.139550888696978,1.06566778859668,-1.14617079609082,1.09381591447741,0.682450040812758,-0.678509245152762,-0.809472178513938,-1.2853943017529,1.31721096170159,-1.36960640772953,0.870517230201406,0.146987951543168,0.858214177433521,-1.36155613657306,1.23380724832376,-0.682581735810031,0.252985476794968,-0.321058661556301,0.337377330073209,-1.19781788754735,1.01979888348118,-0.709323217727119,1.00230593331576,-1.18536276223758,1.27622047627391,-0.590946470724649,-0.966348714788404,0.966650296964176,-1.06079078856825,-0.404196165214983,0.266840048858561,1.36123299035266,-0.873063859581298,1.18087040271662,-1.30429476995697,1.12900842792913,-0.985175528697972,0.417267487213694,0.692349188263127,-0.910247385339053,-0.682072988477007,-0.476164736589463,-1.28629343999157,1.35798008242049,-1.38478280176364,0.877788018635239,0.127520805660365,0.875240607689599,-1.39698271974484,1.24745274854182,-0.705406640886083,0.254559803510672,-0.312680837056049,0.381602958659818,-1.27996537984137,1.12194986106039,-0.744800800023883,0.314275695152308,-0.83191967396723,0.861063231619903,-0.342162086537538,-0.713539276153211,0.577911728022905,-0.541963466478622,-0.288188144240728,0.101513415797057,0.74846503185686,-0.215742932323918,0.212713427585467,-0.405596761557801,0.261191941323758,-0.425260490953591,0.0593843992979635,0.163738848884506,-0.194659602311452,-0.456175911608738,-0.180855634509757,0.972949528075959,-1.15546917505944,1.25554320158641,-0.548402879359558,-1.05695281756103,1.05556953670594,-1.0132942084563,-0.370288207448762,0.261622067774539,1.35361750977317,-0.199266844693505,0.201453734863285,-0.391738495869219,0.301297994583082,-0.420681727173246,0.0627598216637725,0.00668658638718165,-0.0901262802532456,-0.220342289902763,-0.045071386649734,-0.928011764232749,1.22969935188573,-1.39242420417886,1.17383930429652,-1.0846844632508,0.432738622349958,0.201891650223122,-0.232865818172551,-0.387943784378475,-0.0482829280007499,0.873851466283545,-1.09368969536998,-0.801215215633988,-0.278480967267442,-0.747129039747142
9602.439453125,-1.5453370250943,-0.653137775721146,-2.12993091808961,1.55838986135719,-0.188690710103128,-1.21457866818646,-1.28629343999159,1.41474243812483,-0.385364862662207,2.53537997340692,-1.76012543922271,0.309638307258336,0.537947019257543,-0.17876758579041,-0.36345108198231,1.0170680774295,-1.82446308056466,1.65351710382121,1.40721812900486,-0.178560121049442,-0.370058198510386,2.14084841992958,-1.12622394967012,-0.316941260246938,-0.255207020856084,-0.150662345400436,0.33805413240389,-1.09542052868858,-0.482991388339556,-0.452454947197622,-0.132053130867325,-0.11578375940243,-0.584867307644152,-0.491716543892917,-0.173272696819296,-0.289555223122662,-0.306650229859764,2.24118191013093,-0.130781764013622,-0.262904613448501,3.7447090330076,-0.24109540919036,4.08766230299161,-0.075079888588345,-0.0822923157224407,-0.33568831340359,-1.5453370250943,2.30747732834342,-2.81310442164129,2.89747837926436,-2.53328379623812,-0.653137775721136,1.11231631509405,-1.27135216809078,1.57414801245732,-1.72492171874411,-0.579477869256204,0.56785227043827,-1.1117114840039,1.31697513358118,0.577767893095068,-0.783675965225564,1.09787000356526,0.8894275417093,-1.10057989620212,-0.1735776336434,-1.21457866818644,1.56519509689439,-2.52755254554295,3.06629846263267,-3.0780276956711,0.427133694379345,-1.07845647340902,1.43537137715039,-1.63278297536959,0.529285437003858,-0.740315000732978,1.10668512477615,-0.611212453616802,0.633107450595016,-0.874961626136065,0.884149384006254,-1.28062709052236,2.15524257451761,-2.06459623996229,-0.56042028903018,0.671724391847658,-1.15526324850176,-0.619115647069731,0.621680098270948,0.61943183582771,-0.69069454961957,1.1495493317775,-1.92643774987894,0.647916428486901,-0.583523057716804,0.55430264086619,0.425385904294158,-0.714093487745772,-0.309194696203122,-0.0938943845896619,-1.28629343999157,1.71530069655446,-2.71195769300247,3.24453919844091,-3.30307637023472,0.472520828967944,-1.16176117429348,1.53601929791048,-1.76593583917609,0.579826323278603,-0.79922723633369,1.26239603378081,-0.692310691077894,0.739991320993533,-0.97519851338405,0.278395399889782,-0.946189781298524,1.50622931869013,-1.28403335866513,-0.489610345617601,0.431840246653494,-0.64197750558976,-0.437584911035189,0.330284844391968,0.367294386083988,-0.190852089254171,0.233574061797233,-0.67832215630296,0.1187818914587,-0.323188314889451,0.114350343249021,0.129193496903457,-0.188691489813454,-0.167130250755858,-0.115392382110411,0.972949528075959,-1.4135942700848,2.40659249624363,-2.13201027272668,-0.682891162513973,0.84812946606535,-1.25393221843005,-0.663990225484874,0.701234916495372,0.713689322178605,-0.188317527051019,0.239094189689925,-0.700070358825845,0.158433188531781,-0.33749814451646,0.12522755597517,0.000775878712085227,-0.09514336463068,-0.149006634647695,-0.0374043121586645,-0.928011764232749,1.48738949260465,-2.61634998740856,0.810316944690952,-0.859287268531036,0.70906222508977,0.190834564249583,-0.271974989047714,-0.182747251928798,-0.0424200359870943,0.873851466283545,-1.31588942716853,-0.55703968859455,-0.263532826101316,-0.747129039747142
0,-1.45009749550884,-0.325650699797235,-2.12993091808961,1.55838986135719,-0.188690710103128,-1.20996032817796,-1.28629343999159,1.41474243812483,-0.385364862662207,2.53537997340692,-1.76012543922271,0.363569969708919,0.601116829464476,-0.17876758579041,-0.36345108198231,1.09424764984231,-1.82446308056466,1.88656021513426,1.60898199753078,-0.178560121049442,-0.370058198510386,2.39270740151598,-1.12622394967012,-0.309533729425887,-0.246939868640018,-0.150662345400436,0.357348550876517,-1.09542052868858,-0.482991388339556,-0.452454947197622,-0.132053130867325,-0.11578375940243,-0.584867307644152,-0.491716543892917,-0.173272696819296,-0.289555223122662,-0.306650229859764,2.24118191013093,-0.130781764013622,-0.262904613448501,3.7447090330076,-0.24109540919036,4.08766230299161,-0.075079888588345,-0.0822923157224407,-0.33568831340359,-1.45009749550884,1.93259848467256,-2.02689583195726,1.59245607131494,-0.749108939623212,-0.325650699797225,0.613444515610626,-0.444063156328143,0.487944965618837,-0.422187147603618,-0.702807236973186,0.675359871924441,-1.12958344365184,1.14287200750086,0.0274851773315261,-0.0957733400073749,0.0810430931853368,0.685654126037169,-0.788887581062882,0.365275385271113,-1.20996032817793,1.44749390279592,-2.07983680438254,2.19265847095811,-1.66545058642076,0.0587400433343211,-0.566365176764651,0.605399408139622,-0.55016075912015,0.661948519398499,-0.844476390552007,1.11990363194871,-0.0242295889445076,0.00799978778269399,-0.670493257063887,0.876599052063228,-1.19328515933534,1.77071234656172,-1.4533506679713,-0.26804403521784,0.263526960279506,-0.469620529830678,-0.729744438822836,0.711783941428287,-0.0284583514446011,-0.679268000678435,1.06987045612032,-1.58072994603346,0.374824965845706,-0.187060293260163,0.63594242808783,0.409101334302843,-0.655513687835356,-0.174757941350947,-0.0714312670197769,-1.28629343999157,1.59619382517647,-2.24313520470225,2.33260470403719,-1.80475102526777,0.0698010502462883,-0.602493843351427,0.647293350328203,-0.609516324059735,0.728744741215734,-0.918388155706916,1.28195642426369,-0.029518546530538,0.0151526196820556,-0.748367438455199,0.276055416544546,-0.891953537225101,1.25677815389791,-0.909289099908098,-0.298244696887331,0.167615508760101,-0.230153985933679,-0.509316501469594,0.387121551977894,-0.0141215106041376,-0.189261537324408,0.214448245128532,-0.559017808414264,0.0162088410323832,-0.181913508637713,0.142643804197267,0.127029020023092,-0.173508979146424,-0.00305372821147597,-0.111399170385909,0.972949528075959,-1.32755257174301,1.99998610394389,-1.52182943921683,-0.308829507466914,0.354915911095383,-0.512816368702747,-0.798457307747402,0.808901258903067,-0.00806000429161737,-0.187603452076506,0.221228827149452,-0.580854944534063,0.0363434870120213,-0.187029619665001,0.155220908770785,0.00039817806640819,-0.090543512342388,-0.0976260209156877,-0.0369239232054688,-0.928011764232749,1.40149277903168,-2.18400008765048,0.446794585085383,-0.323378505365395,0.835572859470647,0.190113461013514,-0.253412526942512,-0.00738997470914028,-0.0420453908141614,0.873851466283545,-1.24182284990235,-0.312864161555112,-0.262557962290552,-0.747129039747142
16461.5703125,-0.973899847581546,-0.980624851645057,-2.12993091808961,1.55838986135719,-0.188690710103128,-1.12528945663905,-1.28629343999159,1.41474243812483,-0.385364862662207,2.53537997340692,-1.76012543922271,0.633228281961832,0.91696588049914,-0.17876758579041,-0.36345108198231,1.48014551190635,-1.82446308056466,1.42047399250815,1.20545426047895,-0.178560121049442,-0.370058198510386,1.88898943834317,-1.12622394967012,-0.173726905022561,-0.0953730758118105,-0.150662345400436,0.711085007028638,-1.09542052868858,-0.482991388339556,-0.452454947197622,-0.132053130867325,-0.11578375940243,-0.584867307644152,-0.491716543892917,-0.173272696819296,-0.289555223122662,-0.306650229859764,2.24118191013093,-0.130781764013622,-0.262904613448501,3.7447090330076,-0.24109540919036,4.08766230299161,-0.075079888588345,-0.0822923157224407,-0.33568831340359,-0.973899847581551,0.375223064134599,0.407106699202721,-0.912682947238981,0.708155675670701,-0.980624851645047,1.06189196856759,-0.197691336895596,-0.489381972302108,0.918206953665469,-0.310102765906546,0.0518526359292108,-0.0782959450230766,-0.170227256579939,1.06566778859668,-0.900618840236729,0.356481456625523,0.682450040812758,-0.518655297774445,-0.809472178513938,-1.12528945663903,0.813997197284599,-0.231927987397697,-0.444349680547436,0.954814865125968,0.713350108932119,-0.960151005045185,0.335649272822238,0.392637753912617,0.208040409800243,-0.204893242765773,0.0877263033449947,-1.04800204468543,0.683452311086725,-0.620196680713233,0.741546759255234,-0.689396327668497,0.197358917060157,0.335107997352982,-0.710317794999731,0.514576524270172,-0.224771538515503,-0.317960396494817,0.118286106776062,0.991348504825312,-0.479734515145864,0.56888049900114,-0.187188269421081,0.670865684180851,-0.331791392636159,0.288200493166137,0.134013326203924,-0.232824422560514,-0.173077766076681,0.290449703096602,-1.28629343999157,1.00065946828652,-0.295485631510348,-0.490629354653016,1.07145519841195,0.875240607689599,-1.10523224296173,0.382625228825844,0.43098889911218,0.254559803510672,-0.227295670617777,0.131349865832272,-1.27996537984137,0.863213298266606,-0.744800800023883,0.233155060818714,-0.600040764351473,0.227189590333151,0.221844633081903,-0.63828823323258,0.370797945066598,-0.0963067545789666,-0.263886122310302,0.0381265893456713,0.65111611848582,-0.1608114391611,0.104108511567689,-0.0708691759830685,0.171369761499824,-0.268800332927893,0.0373294865039125,0.0892323398076836,-0.0780472233761348,-0.180918430118288,-0.043943618302178,0.972949528075959,-0.897344080034086,0.310803553655163,0.367213383153188,-1.05695281756103,0.79827703657725,-0.292107453545535,-0.370288207448762,0.184473379977938,1.35361750977317,-0.174511875812127,0.125073062555541,-0.0888034150986607,0.253288451437854,-0.302736277983645,0.0525983417217854,-0.00635772863791331,-0.0640062677007009,-0.175348807629213,-0.0285352414839553,-0.928011764232749,0.972009211166818,-0.387870169082768,1.17383930429652,-0.805119345612946,0.432738622349958,0.176893031301741,-0.153504801452603,-0.318987740898064,-0.0353441371506358,0.873851466283545,-0.871489963571436,-0.801215215633988,-0.244685183686734,-0.747129039747142
6771.6220703125,-0.592941729239711,-0.325650699797235,0.469323281677592,-0.641448069582378,5.29769678474325,-1.075410619509,-1.28629343999159,1.41474243812483,-0.385364862662207,2.53537997340692,-0.0690214280655209,0.848954931764163,-0.599109564467246,4.07733291506837,-0.36345108198231,1.78886380155758,0.205899846163342,1.88656021513426,-0.610420556254294,5.23249195091743,-0.370058198510386,2.39270740151598,-0.88795421176904,-0.093724345081376,-0.459133123814017,0.785584268149126,0.919467922696013,-1.09542052868858,-0.482991388339556,-0.452454947197622,-0.132053130867325,-0.11578375940243,1.70915035796891,-0.491716543892917,5.76909222615016,-0.289555223122662,3.25982526959618,-0.44602634159486,7.64346754124059,-0.262904613448501,3.7447090330076,-0.24109540919036,-0.244547150456313,-0.075079888588345,12.1472601596958,-0.33568831340359,-0.592941729239718,-0.4902547149162,0.933140068228888,-0.281068937511717,-0.702028011214909,-0.325650699797225,0.354175001898558,0.299582844567102,-0.401416900494145,0.156338201803136,-0.702807236973186,0.151591105902055,0.311877643760619,-0.618640042108811,0.0274851773315261,-0.0767738756631194,0.0281450673488834,0.685654126037169,-0.307074208529095,0.365275385271113,-1.07541061950898,0.37322861510759,0.683726081850075,-0.938483187650118,0.31189455096016,0.0183115007475128,-0.281793893954663,-0.119122767340484,0.300129430841442,0.576345141131382,-0.282437356945901,-0.254498349901747,-0.0209823613157914,-0.010519434383616,-0.595240996750825,0.664982536276202,-0.388422161541684,-0.474107847661374,0.609256394938527,-0.199043652475924,0.0198984505954165,0.108051366395427,-0.57113538042206,0.165416964751602,-0.0362003445987053,-0.370893599829338,0.329609747036309,0.257959485540638,0.255543792264389,0.0753966991235405,0.406608795114203,-0.00794019971124626,-0.109299564215231,-0.0485035152050945,0.461969225269317,-1.28629343999157,0.524231982774555,0.786878585072118,-1.1007829204073,0.346285005346368,0.0698010502462883,-0.311836064983236,-0.151578008307734,0.337337416561638,0.728744741215734,-0.337845321196409,-0.295684880387773,-0.029518546530538,-0.00486699727541107,-0.748367438455199,0.20788285306676,-0.396936347391615,-0.2829800399072,0.433801155918357,-0.277243699021604,0.0207847129524692,0.129346435183832,-0.463030327812089,0.0804393133821205,-0.0162315283104445,-0.144682430062026,0.0382022893772223,0.137460101327278,-0.00799825392193011,-0.0975950689777795,0.102079326100864,0.068615122303609,-0.0324550797364042,0.0686117862537242,-0.00913456382170489,0.972949528075959,-0.553177286666943,-0.627923193123886,0.775470789365674,-0.308829507466914,0.0985870532892729,0.153369003052097,-0.798457307747402,0.284359119319794,-0.00806000429161737,-0.166799747799288,0.0581706782818994,0.155012178542079,0.0229450240273836,-0.103413628883494,0.135867127157116,-0.0101878061329368,-0.0481554994847944,-0.0855002686810395,-0.0239594090394332,-0.928011764232749,0.628422356874932,0.610290269504161,0.446794585085383,-0.0448604480932281,0.835572859470647,0.169104996899852,-0.0839919119148853,0.0118542199990776,-0.0315450437101218,0.873851466283545,-0.575223654506707,-0.312864161555112,-0.234156493042138,-0.747129039747142
0,-0.878660317996087,-0.325650699797235,-2.12993091808961,1.55838986135719,-0.188690710103128,-0.943632163927353,-1.28629343999159,1.41474243812483,-0.385364862662207,2.53537997340692,-1.76012543922271,0.687159944412415,0.980135690706072,-0.17876758579041,-0.36345108198231,1.55732508431915,-1.82446308056466,1.88656021513426,1.60898199753078,-0.178560121049442,-0.370058198510386,2.39270740151598,-1.12622394967012,0.117640121258094,0.229806206623198,-0.150662345400436,1.47000960282072,-1.09542052868858,-0.482991388339556,-0.452454947197622,-0.132053130867325,-0.11578375940243,-0.584867307644152,-0.491716543892917,-0.173272696819296,-0.289555223122662,-0.306650229859764,2.24118191013093,-0.130781764013622,-0.262904613448501,3.7447090330076,-0.24109540919036,4.08766230299161,-0.075079888588345,-0.0822923157224407,-0.33568831340359,-0.878660317996093,0.127151739590268,0.638281770543895,-0.878664970227119,0.345726682405881,-0.325650699797225,0.440598173135914,0.110082365999694,-0.312824824346849,0.340869741015034,-0.702807236973186,0.326180694576184,-0.055444395989633,-0.44317039855927,0.0274851773315261,-0.083107030444538,0.0416248698344899,0.685654126037169,-0.467678666040357,0.365275385271113,-0.943632163927333,0.55739505692172,0.0595604521520858,-0.57498740505971,0.779267181588248,-0.0212843553580866,-0.330579311484419,0.0445144859102212,0.201418822466598,0.492504892852832,-0.378790399500804,0.0559177736948881,-0.0178020152112368,-0.00734459545823856,-0.521538669624412,0.473380996416461,-0.408290165473364,-0.0449491489145086,0.335333253194395,-0.136569419143551,0.0259124085007267,-0.00238639602537597,-0.427527781023358,0.178904006981783,-0.0432100895819506,-0.113452466695156,0.213278973323294,0.0165161263715692,0.155963929591624,0.116641391183675,0.215153505129221,-0.316200022793455,0.140195617150227,0.0448185256296956,0.784001433840053,-1.28629343999157,0.881552596908527,0.0147517094661894,-0.758772598784935,1.03239839698342,0.0698010502462883,-0.408721991105966,0.0519953378718434,0.243018397627196,0.728744741215734,-0.531359599366578,0.106339445540494,-0.029518546530538,0.00180620837707781,-0.748367438455199,0.141114405799085,-0.481799514370266,0.064782678794368,0.277881144350373,-0.256675248210403,0.0459566192986361,0.0481513200513527,-0.417697487334694,0.133015317928739,-0.018298087036864,-0.104319674984624,0.0425529122178906,0.00430932416489432,-0.0299158091350839,-0.0996764655574073,0.0653514911397235,0.0198492715122299,-0.0102886874745353,0.128440524306445,0.0664551963243156,0.972949528075959,-0.8113023816923,0.0417369258394057,0.546629634220027,-0.308829507466914,0.18403000589131,-0.016392478365367,-0.798457307747402,0.459206499180885,-0.00806000429161737,-0.146424527019181,0.0861245174591439,-0.0111873925033283,0.00982252248687479,-0.117748318533692,0.116911965708281,-0.0197725536465319,-0.049201845519361,-0.0745213864729301,-0.0131362044924655,-0.928011764232749,0.886112497593847,-0.101768101413766,0.446794585085383,-0.137699800517284,0.835572859470647,0.148529233619291,-0.113036499129223,0.0307020516491694,-0.0220378336196742,0.873851466283545,-0.797423386305254,-0.312864161555112,-0.206339994657784,-0.747129039747142
11011.5703125,-1.25961843633792,-1.63559900349288,-2.12993091808961,1.55838986135719,-0.188690710103128,1.13464951993656,-1.28629343999159,1.41474243812483,-0.385364862662207,2.53537997340692,-1.76012543922271,0.471433294610084,0.727456449878341,-0.17876758579041,-0.36345108198231,1.24860679466792,-1.82446308056466,0.95438776988205,0.801926523427117,-0.178560121049442,-0.370058198510386,1.38527147517037,-1.12622394967012,3.45107499173152,3.95007604312925,-0.150662345400436,10.1526177344508,-1.09542052868858,-0.482991388339556,-0.452454947197622,-0.132053130867325,-0.11578375940243,-0.584867307644152,-0.491716543892917,-0.173272696819296,-0.289555223122662,-0.306650229859764,2.24118191013093,-0.130781764013622,-0.262904613448501,3.7447090330076,-0.24109540919036,4.08766230299161,-0.075079888588345,-0.0822923157224407,-0.33568831340359,-1.25961843633793,1.24624455689412,-0.772650728281754,-0.0905281035533678,0.907385005257735,-1.63559900349287,2.08844329128022,-1.77206736194142,1.04492692493699,0.209948294733491,0.666784647690796,-0.940972897618632,0.723645995000657,-0.499565784463164,1.43215709717418,-1.51846251904557,1.45662520882471,-0.756168415345631,0.807079637672634,-1.0770181279137,1.13464951993657,-1.61474672457063,1.53897621918188,-0.823582267952767,-0.0473532145765837,-2.01716766009396,1.7096162777552,-1.78149400111767,1.136575914082,0.577033602061056,-0.643901215783242,0.641818910349115,1.43183971500167,-1.25590054150789,-0.693636231021023,-0.499384496327203,0.550886276273083,-0.803414163670245,0.407347213648879,0.835610459708624,-0.967457871070456,0.908678966990639,-0.427833133857505,0.291591885897421,-1.01251437432043,-0.320668164369399,0.507640442692422,-0.457376651967241,0.735060007733863,-0.545094774166619,-0.0954726278270652,0.955665008413388,-1.21323001005534,-1.5040150339025,-0.685020652035642,-1.28629343999157,1.35798008242049,-1.38478280176364,0.877788018635239,0.127520805660365,1.68068016513291,-2.25606221355341,2.07391908721825,-1.20250380388498,-0.925017541517588,0.873147476837177,-0.746354526996576,-1.7213861765108,1.5142313251556,0.856602257124368,-0.91189263092756,0.519114815560309,-0.759494764167668,0.384514881946452,0.780105658076215,-1.0067270493177,0.954197873582548,-0.463402582071119,0.277675695148076,-0.960261530406491,0.100602975220084,-0.16748403714263,0.239630678386757,-0.370981317830464,0.244123330642982,0.0654295855340621,0.0591011566767766,-0.066378160522424,-0.219487125286565,-0.245424476108367,0.972949528075959,-1.15546917505944,1.25554320158641,-0.548402879359558,-1.80507612765515,1.81318513071786,-1.70249126017454,0.694820635944215,-0.80981811539892,1.83430389887286,0.174913645939925,-0.243575624607409,0.382743727986494,-0.651635122758191,0.481725296294266,0.136022778987127,-0.0684345406259232,0.00131306628165687,0.0963242214791932,-0.0218478577312741,-0.928011764232749,1.22969935188573,-1.39242420417886,1.90088402350766,-1.90788332275225,-0.56934748820647,-0.175971700685669,0.229528415482822,0.980752794852343,0.0262304940515011,0.873851466283545,-1.09368969536998,-1.28956626971286,0.23235477412115,-0.747129039747142
0,0.454693096200334,-0.325650699797235,-2.12993091808961,1.55838986135719,-0.188690710103128,-1.32849940599973,-1.28026296157224,1.41474243812483,2.59397330965399,-0.3942707518041,-1.76012543922271,1.44220321872057,1.86451303360313,-0.17876758579041,2.74603178892178,-0.372164226001052,-1.82446308056466,1.88656021513426,1.60898199753078,-0.178560121049442,2.44362719972426,-0.377741395934447,-1.12622394967012,-0.499663055297737,-0.459133123814017,-0.150662345400436,-0.137881893101475,-1.09542052868858,-0.473024492716478,-0.441141445286933,-0.132053130867325,-0.0894398407989849,-0.584867307644152,-0.491716543892917,-0.173272696819296,-0.289555223122662,-0.306650229859764,2.24118191013093,-0.130781764013622,3.80223897600087,-0.266943615488728,4.14618499614443,-0.244547150456313,-0.075079888588345,-0.0822923157224407,-0.33568831340359,0.454693096200323,-1.1267152193162,-0.693892595737262,0.987009405809045,1.0180488346498,-0.325650699797225,0.0372900406949187,0.494931580060099,0.0874355509780519,-0.235231413327983,-0.702807236973186,-0.488570719236417,0.69053576919852,0.349604174964588,0.0274851773315261,-0.0535523081312516,0.0142492587991341,0.685654126037169,0.281808802345533,0.365275385271113,-1.32849940599971,-0.821082588032777,1.61881819388728,0.805896197640422,-1.11939900951693,0.0943578250696166,0.034577373968681,-0.364275491985397,-0.173572764907525,0.737365594757455,0.342407848545557,-0.719547456762741,-0.0270904154181826,-0.0311081239374445,-0.736790937153716,1.07641780061139,0.422753600459412,-1.45955135066443,-0.567273678198317,-0.333197598858919,-0.225640905207903,0.36164094941345,-0.879510932426488,-0.385235319988626,-0.0211479797679478,-0.990737241763597,-0.319036540293004,1.40754757501559,0.49530324325402,0.305372100497957,0.867577649496993,0.871187253418242,0.248252223887927,-0.314649026026515,-0.745409890281964,-1.28026296157223,-0.783277666818239,1.5762283318373,0.782661969865117,-1.10431137406721,0.067923582336242,0.042689473998705,-0.359692211208505,-0.182075779580813,0.724766145171126,0.370263240227402,-0.706676661519457,-0.0293633429498014,-0.0292856298401557,-0.744789178960604,0.332960111702234,0.152142374815781,-0.800209122011877,-0.312763583673703,-0.315774555243704,-0.142081683202115,0.250108301286549,-0.54795228788614,-0.259736129310112,-0.0123602461272071,-0.230292227829726,-0.138964800244124,0.441243440696364,0.038489094767778,-0.0128359464646796,0.179979422797411,0.185149309780019,0.0907526649506658,-0.0743590276164051,-0.223707768420885,0.963333778794,0.389221611238006,-1.30617211790431,-0.481955877574144,-0.305153352075682,-0.213359928688571,0.325307780620003,-0.790884123537269,-0.353997945755469,-0.00841628464799282,-0.203901561788519,-0.12223716501749,0.400204772868543,0.0468401570658785,-0.0109007390524766,0.170383115072061,0.00986181021179156,-0.00566885862877372,-0.108466171106151,-0.0496068979571446,-0.912998975052144,-0.309807338090332,1.32330214916245,0.440946726211962,0.29316038988911,0.823910010340275,0.205266358294276,0.102878641601235,-0.0212703471193712,-0.0510962783469155,0.848364494962457,0.229195244525184,-0.305782411493043,-0.27940082581547,-0.707395517059663
0,0.168974507443958,0.0018363761266763,-2.12993091808961,1.55838986135719,-0.188690710103128,-1.32849940599973,-1.27603262584977,-0.706578202000684,2.59397330965399,-0.3942707518041,-1.76012543922271,-0.661131616852152,1.67500360298233,-0.17876758579041,2.50684079885224,-0.372164226001052,-1.82446308056466,-0.676914009309313,1.8107458660567,-0.178560121049442,2.69941678138196,-0.377741395934447,-1.12622394967012,-0.499663055297737,-0.459133123814017,-0.150662345400436,-0.137881893101475,-1.09542052868858,-0.482991388339556,-0.433205107910192,-0.132053130867325,-0.0709597779932508,-0.584867307644152,-0.491716543892917,-0.173272696819296,-0.289555223122662,-0.306650229859764,-0.44602634159486,-0.130781764013622,-0.262904613448501,-0.266943615488728,4.14618499614443,-0.244547150456313,-0.075079888588345,-0.0822923157224407,-0.33568831340359,0.168974507443948,-1.20675012000561,-0.103307646316535,1.27402702557017,0.130240118608541,0.00183637612668535,0.175112255878701,0.147020379870001,-0.121223986610721,0.0717654480567358,-0.680090869057492,-0.310643765588412,0.714946261447466,-0.0038389866140367,-0.479639853283965,-0.128992026659145,0.498624914992273,0.139167089991882,0.045501001888844,0.523731327539782,-1.32849940599971,-0.455996469330025,1.72135875178825,0.0950490828483056,-1.45764143093433,-0.307071262436815,-0.119650856916124,0.0164639428128374,0.053421558746079,0.71004613065746,0.1477492208205,-0.745690816690412,0.564481897724801,0.043861697523988,-0.144584775014889,1.07641780061139,0.140452894563886,-1.55528478447988,-0.0203106913724624,0.0197619705587645,-0.0893687456770322,0.0127311479384857,-0.853433671806651,-0.189937297640711,-0.7477566872538,-0.990737241763597,-0.0451497254644775,1.50509723558381,0.109918761620845,0.150514116264372,0.843762649284933,0.871187253418242,0.0208724808590415,-0.0494200521334932,-0.745409890281964,-1.27603262584975,-0.426937279538948,1.67088722200822,0.100451611427042,-1.42748717770703,-0.332900714390741,-0.111092647592426,0.0122962989540083,0.0390302361370198,0.694764313451277,0.173610212334391,-0.730767335695621,0.576683618034429,0.0496055588138521,-0.138807766571049,0.33074639007649,-0.0156263617905313,-0.854240163904528,-0.00910276253595337,-0.108229800011387,-0.0628778713277915,0.0620787570680216,-0.531795332702639,-0.153820506137801,-0.393760481261159,-0.2295464706238,-0.0773172052767903,0.469333581522422,-0.0847553108400132,-0.059777527891344,0.17268473278519,0.18453210236423,0.0387077265217463,0.156094638823487,-0.223005193998733,0.956606084922498,0.132592015806619,-1.38307218391463,-0.0275752020684546,0.065196913421227,-0.0784495350467458,0.0167293799815579,-0.76123371047112,-0.176877429811674,-0.662636405979618,-0.20248121241386,-0.0671433564286699,0.424392204587828,-0.0848778656162605,-0.0557693143607295,0.162988944145644,0.00948947126770646,-0.0204500544315913,-0.0470544002892331,-0.0493188848010824,-0.902517725260592,-0.05456471131696,1.3983947356346,0.0833282249302573,0.14750468077775,0.793105357245878,0.202923572966082,0.0458483707080397,0.166708657230216,-0.0504930322000611,0.830627400618168,0.0108089507278227,-0.0687563608548896,-0.273708834000895,-0.679863655285217
0,-0.973899847581546,0.0018363761266763,-2.12993091808961,1.55838986135719,-0.188690710103128,-1.32849940599973,-1.27477252409278,-0.706578202000684,2.59397330965399,-0.3942707518041,-1.76012543922271,-0.661131616852152,0.91696588049914,-0.17876758579041,1.55007683857406,-0.372164226001052,-1.82446308056466,-0.676914009309313,1.8107458660567,-0.178560121049442,2.69941678138196,-0.377741395934447,-1.12622394967012,-0.499663055297737,-0.459133123814017,-0.150662345400436,-0.137881893101475,-1.09542052868858,-0.482991388339556,-0.430841089229762,-0.132053130867325,-0.0654550707694487,-0.584867307644152,-0.491716543892917,-0.173272696819296,-0.289555223122662,-0.306650229859764,-0.44602634159486,-0.130781764013622,-0.262904613448501,-0.266943615488728,4.14618499614443,-0.244547150456313,-0.075079888588345,-0.0822923157224407,-0.33568831340359,-0.973899847581551,0.375223064134599,0.407106699202721,-0.912682947238981,0.708155675670701,0.00183637612668535,0.173162861038752,0.149758470919965,-0.120359189918099,0.0679577394408975,-0.680090869057492,0.365142019436499,-0.195817324982153,-0.297767847204189,-0.479639853283965,0.313083844788708,-0.104112566342159,0.139167089991882,-0.0848904251751017,0.523731327539782,-1.32849940599971,1.00434800548098,-0.305462191185327,-0.519302104422461,1.11933651472671,-0.307071262436815,-0.117469410934717,0.0134674907347788,0.0524807728965167,0.71004613065746,-0.591585269271944,0.229726639304334,0.564481897724801,-0.39546058259028,-0.144584775014889,1.07641780061139,-0.988749929018216,0.336986259991208,0.452403276732899,0.0197619705587645,-0.0912962161088773,0.015477098066396,-0.853433671806651,0.551825682280226,-0.7477566872538,-0.990737241763597,1.05039753384963,-0.423073422611533,0.109918761620845,0.152704469648166,0.843762649284933,0.871187253418242,-0.888646491256499,-0.0494200521334932,-0.745409890281964,-1.27477252409277,0.989750571698676,-0.291282683855645,-0.486399932266778,1.06206974889355,-0.332898502131618,-0.108926508125159,0.00937901650650009,0.0381175994235118,0.693959835000833,-0.568827170876505,0.257856308236024,0.576117675540397,-0.41210236186567,-0.13865600663525,0.330086982716633,-0.682617641623661,0.265761181904644,0.252112593460722,-0.10823094550776,-0.063993517939269,0.0635533598419676,-0.531362095079307,0.246049859204266,-0.393404319751916,-0.229324329870177,0.167772607626703,-0.112942725339492,-0.0847546306203688,-0.0591163196108744,0.172489130697547,0.184348253090773,-0.168205198935877,0.156093366886556,-0.222795916219889,0.954604906620873,-0.880754917085395,0.303130093566161,0.361256110612918,0.0651925991629866,-0.0803410675068092,0.0191398626584134,-0.759708562806732,0.487351483709545,-0.661342474584892,-0.202058724054017,0.150404202187762,-0.105970180874852,-0.0848763312159435,-0.0551402274213075,0.162608605345865,0.00937871762314646,-0.0788161965208662,-0.0470551156829104,-0.0492332141850433,-0.899403624917664,0.944931638220467,-0.374529731140028,0.0833350652707785,0.149535284297023,0.790764329326585,0.202227504392292,-0.177474623148666,0.16670506166568,-0.0503138008039824,0.825366551191828,-0.829466837899925,-0.0687646039034629,-0.272020580485906,-0.671716753395194
4251.126953125,-1.64057655467976,-0.325650699797235,-2.12993091808961,1.55838986135719,-0.188690710103128,-1.25640716828343,-1.27438896136873,1.41474243812483,-0.385364862662207,-0.3942707518041,-1.76012543922271,0.255706644807753,0.47477720905061,-0.17876758579041,-0.36345108198231,-0.372164226001052,-1.82446308056466,1.88656021513426,1.60898199753078,-0.178560121049442,-0.370058198510386,-0.377741395934447,-1.12622394967012,-0.384031579083611,-0.330082966896151,-0.150662345400436,-0.137881893101475,-1.09542052868858,-0.463316217046253,-0.430121504926539,-0.132053130867325,-0.11578375940243,-0.584867307644152,-0.491716543892917,-0.173272696819296,-0.289555223122662,-0.306650229859764,2.24118191013093,-0.130781764013622,-0.262904613448501,-0.266943615488728,-0.24109540919036,-0.244547150456313,-0.075079888588345,-0.0822923157224407,-0.33568831340359,-1.64057655467976,2.70349075853536,-3.71370992199641,4.57228518246426,-5.19242709304557,-0.325650699797225,0.671059963102197,-0.680673016420539,0.994759131895854,-1.34232788208984,-0.702807236973186,0.791752931040527,-1.58822089455013,2.14669204389584,0.0274851773315261,-0.0999954431949873,0.0978739434518069,0.685654126037169,-0.895957219403723,0.365275385271113,-1.25640716828341,1.74245800386407,-3.10047296017367,4.19808038559545,-5.05214678535705,0.072696060569906,-0.644500730045425,0.8729791804876,-1.09475144413824,0.691498984146392,-0.998797059955346,1.62749633492493,-0.0253505386957118,0.0130846637266253,-0.696470494301434,0.953399739706631,-1.4622016793527,2.75236421722677,-2.97096885960093,-0.29308592205984,0.344926814889368,-0.722234391297318,-0.78730745419689,0.894333153434639,-0.0256485972259647,-0.796780947416234,1.38159170134457,-2.61577242020471,0.420279718767115,-0.297580032427319,0.72333512645258,0.579108969293873,-0.981478074677561,-0.226225756054221,-0.310931846477708,-1.27438896136871,1.81541925410336,-3.17592052369472,4.24929815445581,-5.17737573896136,0.0660948307648371,-0.661935862286474,0.893224731107385,-1.13809875099936,0.720890785315637,-1.03711416522683,1.76763099531064,-0.029212166575153,0.0192468037666482,-0.741303767764696,0.293697204448824,-1.0194170639553,1.80854871617035,-1.75272453286076,-0.303679363433882,0.205423430284074,-0.358980544737038,-0.521294499903412,0.466090122200836,-0.0135754773768399,-0.203581583589451,0.270425012190968,-0.855360807841607,0.0239848316471744,-0.208693548133043,0.155674240173449,0.147892097729582,-0.230675904911937,-0.0286497465484676,-0.151773251552416,0.953996024228502,-1.47076326636829,2.7789996629867,-2.77482800076442,-0.301583475638453,0.402320618459347,-0.710299378490056,-0.783529882764144,0.905908544153099,-0.00876226481311465,-0.191000617165531,0.260138080132494,-0.835632819002317,0.0385314046103241,-0.206982230198978,0.158381307051902,0.00331099857808754,-0.103233030650942,-0.100962521250802,-0.0412117872164524,-0.898456449683703,1.52616266582707,-2.97377402834032,0.435282046917881,-0.368293966719774,0.812612490785025,0.191117870782221,-0.289973127829593,-0.00831003516911729,-0.0443495715380366,0.823767251753801,-1.31683118904584,-0.298947879197106,-0.257161924839835,-0.669241833113432
2891.66796875,-1.5453370250943,-0.653137775721146,-2.12993091808961,1.55838986135719,-0.188690710103128,-1.25850893731664,-1.26899191537845,1.41474243812483,-0.385364862662207,-0.3942707518041,-1.76012543922271,0.309638307258336,0.537947019257543,-0.17876758579041,-0.36345108198231,-0.372164226001052,-1.82446308056466,1.65351710382121,1.40721812900486,-0.178560121049442,-0.370058198510386,-0.377741395934447,-1.12622394967012,-0.387402686205117,-0.333845280733706,-0.150662345400436,-0.137881893101475,-1.09542052868858,-0.454396229224817,-0.419996356326861,-0.132053130867325,-0.11578375940243,-0.584867307644152,-0.491716543892917,-0.173272696819296,-0.289555223122662,-0.306650229859764,2.24118191013093,-0.130781764013622,-0.262904613448501,-0.266943615488728,-0.24109540919036,-0.244547150456313,-0.075079888588345,-0.0822923157224407,-0.33568831340359,-1.5453370250943,2.30747732834342,-2.81310442164129,2.89747837926436,-2.53328379623812,-0.653137775721136,1.11231631509405,-1.27135216809078,1.57414801245732,-1.72492171874411,-0.579477869256204,0.56785227043827,-1.1117114840039,1.31697513358118,0.577767893095068,-0.783675965225564,1.09787000356526,0.8894275417093,-1.10057989620212,-0.1735776336434,-1.25850893731662,1.63049048890749,-2.62531142335542,3.17826343637536,-3.19094024668969,0.453607841316292,-1.11314731609636,1.48677471559102,-1.69376466059526,0.552330220689959,-0.768481838920005,1.14677191269151,-0.633499303943587,0.656769294956041,-0.906833392343318,0.956920571693893,-1.38384980361808,2.3418376856837,-2.24072894648982,-0.608010123078126,0.734390713517965,-1.25156911145184,-0.664087265798363,0.679454888805149,0.675396969740466,-0.802235512763653,1.31632463578829,-2.24307331690654,0.734449229560165,-0.702115763236544,0.622697656346445,0.587132957268596,-0.942422632078125,-0.407404867059577,-0.322496682045995,-1.26899191537844,1.68930585913078,-2.67314272194051,3.20065016338437,-3.25833052517396,0.461717492131854,-1.14762465416163,1.51549424431527,-1.74166030017598,0.570414731461079,-0.787619629810914,1.24573263608492,-0.682950403219619,0.72978619422975,-0.961881405460523,0.292076791549393,-0.964683779871443,1.53970881599425,-1.31355389292949,-0.498063394270568,0.442842470562768,-0.657655070051241,-0.445243919699008,0.339731972262584,0.376195853599096,-0.203470605427503,0.252179482139895,-0.725975465512021,0.132524601471853,-0.341040676468123,0.123817584493968,0.14827815667819,-0.217395614204776,-0.214090592229856,-0.153118553700982,0.945441252708208,-1.37412237352832,2.3358315284145,-2.07028263143974,-0.661798719721999,0.821924307022023,-1.21795469437724,-0.646127020479803,0.679189539834785,0.69226401925825,-0.18960832602965,0.240977623393413,-0.705017144509994,0.160100534444753,-0.339435235222241,0.126217668164724,0.00306279810825248,-0.0985584854947312,-0.154260526073852,-0.0411400879707072,-0.885164842269637,1.42303947601383,-2.49347937569561,0.776842921482468,-0.812789110394053,0.68161720646281,0.188621148321965,-0.268652030908903,-0.178680747430207,-0.0438386396055348,0.801365165841818,-1.21620058323714,-0.516644365446705,-0.250769866329077,-0.634660314752058
5514.365234375,-1.5453370250943,-0.653137775721146,-2.12993091808961,1.55838986135719,-0.188690710103128,-1.32849940599973,-1.26658189070998,1.41474243812483,2.59397330965399,-0.3942707518041,-1.76012543922271,0.309638307258336,0.537947019257543,-0.17876758579041,1.07169485843496,-0.372164226001052,-1.82446308056466,1.65351710382121,1.40721812900486,-0.178560121049442,2.18783761806657,-0.377741395934447,-1.12622394967012,-0.499663055297737,-0.459133123814017,-0.150662345400436,-0.137881893101475,-1.09542052868858,-0.450413051995844,-0.415475020406953,-0.132053130867325,-0.0296745962957979,-0.584867307644152,-0.491716543892917,-0.173272696819296,-0.289555223122662,-0.306650229859764,2.24118191013093,-0.130781764013622,3.80223897600087,-0.266943615488728,4.14618499614443,-0.244547150456313,-0.075079888588345,-0.0822923157224407,-0.33568831340359,-1.5453370250943,2.30747732834342,-2.81310442164129,2.89747837926436,-2.53328379623812,-0.653137775721136,1.11231631509405,-1.27135216809078,1.57414801245732,-1.72492171874411,-0.579477869256204,0.56785227043827,-1.1117114840039,1.31697513358118,0.577767893095068,-0.783675965225564,1.09787000356526,0.8894275417093,-1.10057989620212,-0.1735776336434,-1.32849940599971,1.73452024288648,-2.78106256741859,3.35664797950482,-3.37083448641257,0.495786912576048,-1.16841736990603,1.56867140824899,-1.79092174190932,0.589045570785157,-0.813357735313651,1.21063888026872,-0.669007101430994,0.694467756848615,-0.957612044483902,1.07641780061139,-1.55335134080927,2.64824465006647,-2.52995564486555,-0.686157168276603,0.837294788935794,-1.40971252118206,-0.737934951795638,0.774326603689888,0.767297055901994,-0.990737241763597,1.59817116350668,-2.77818033199014,0.880687724887195,-0.902534778879931,0.738283700339559,0.871187253418242,-1.34340597731427,-0.579877999919536,-0.745409890281964,-1.26658189070996,1.68568489503398,-2.66773597080978,3.19453661792944,-3.25209762993383,0.460212635833983,-1.14565550040171,1.51263519653814,-1.73827882662732,0.569103738993245,-0.786002742358081,1.24341149962985,-0.681646557162875,0.728364665908079,-0.960026392140824,0.325800849549536,-1.01027071254941,1.62223437603889,-1.38632077472743,-0.518899805517549,0.469962492156934,-0.696299610486462,-0.464123055596031,0.36301874718797,0.398137598579037,-0.227880419914313,0.288170628228319,-0.818158129582632,0.159109106128276,-0.375575072454223,0.142131433707035,0.183153236903991,-0.269849189630003,-0.299905361561244,-0.221435615313886,0.941628825845133,-1.36865188449341,2.32602462445551,-2.06172767426084,-0.658875475918708,0.818292481654844,-1.2129684974117,-0.643651323195567,0.676134227022047,0.68929464370449,-0.199319216495058,0.255147001194472,-0.742232617042808,0.172644248684436,-0.354008283370571,0.133666443055623,0.00866056660339398,-0.106917790161055,-0.167120650462809,-0.0486777070456103,-0.879251194692885,1.41415801377008,-2.47652101645021,0.772222902886934,-0.806371526409213,0.677829299176566,0.197723001704442,-0.282316465775473,-0.195402741368865,-0.0491539318833267,0.791422655862042,-1.20252686393267,-0.511103581862962,-0.261127681647934,-0.61936397818104
4858.89501953125,-0.592941729239711,-0.653137775721146,-2.12993091808961,1.55838986135719,-0.188690710103128,-1.22127990480285,-1.25978895097439,1.41474243812483,-0.385364862662207,-0.3942707518041,-1.76012543922271,0.848954931764163,1.16964512132687,-0.17876758579041,-0.36345108198231,-0.372164226001052,-1.82446308056466,1.65351710382121,1.40721812900486,-0.178560121049442,-0.370058198510386,-0.377741395934447,-1.12622394967012,-0.327689627990256,-0.26720270394602,-0.150662345400436,-0.137881893101475,-1.09542052868858,-0.439185995598251,-0.402731100052106,-0.132053130867325,-0.11578375940243,-0.584867307644152,-0.491716543892917,-0.173272696819296,-0.289555223122662,-0.306650229859764,2.24118191013093,-0.130781764013622,-0.262904613448501,-0.266943615488728,-0.24109540919036,-0.244547150456313,-0.075079888588345,-0.0822923157224407,-0.33568831340359,-0.592941729239718,-0.4902547149162,0.933140068228888,-0.281068937511717,-0.702028011214909,-0.653137775721136,0.53453734447838,0.450905193644239,-0.683365871125354,0.243618837422629,-0.579477869256204,0.0880108690941487,0.260694391152131,-0.521193651379517,0.577767893095068,-0.33991028860065,-0.186154587229075,0.8894275417093,-0.406128556927048,-0.1735776336434,-1.22127990480283,0.456418654564858,0.752692954845349,-1.06180592569196,0.348263843956986,0.431172129070375,-0.489373722691124,-0.289439436945547,0.615587688888838,0.532800747775037,-0.262015909881097,-0.238405046334548,-0.614612147277483,0.231307341878186,-0.879823427599293,0.895138795839428,-0.513686486748037,-0.599493523525192,0.794040376757338,-0.567606983408045,0.20611614404298,0.266516965694725,-0.625906956305122,0.192415729932285,0.627883311259249,-0.707375492470297,0.52264998951128,0.460901207496938,0.660857402535618,-0.137739495642849,0.564531110410845,0.449256135839898,-0.356937125757467,-0.323688311235852,-0.127011036655873,-1.25978895097437,0.508952418416889,0.774245231119281,-1.07848049588927,0.339635636514107,0.455971020270513,-0.50572449893494,-0.307457584944048,0.625176953637432,0.565408551576994,-0.260550424710682,-0.234242613212418,-0.677971512752005,0.266399703588425,-0.954797817572999,0.269040397634982,-0.428656801064963,-0.314776811679204,0.477574019892351,-0.48383035691646,0.123955842612205,0.210751576161044,-0.432347867530976,0.0659179892605439,0.361207779491129,-0.189281575648599,0.0634339910901636,0.173244658841477,0.117071459522281,-0.15993470355778,0.113172040588218,0.129592283249719,-0.0676448058651466,-0.168111517554255,-0.118975741128437,0.930908516501635,-0.530030719333704,-0.604946480367987,0.744177554398308,-0.650655494530668,0.261536842141472,0.277246894730945,-0.636689815032639,0.207757455841814,0.680944942677663,-0.181194296158208,0.0662296303588635,0.166732698040642,0.149231996004589,-0.159708859648697,0.119763655048118,-0.00060926670095946,-0.0536438686711384,-0.145824448331128,-0.0368205809233216,-0.862654732412461,0.590759768760911,0.570469921708859,0.759256968857135,-0.211398846765593,0.667198658851457,0.178451211249213,-0.0893756804760808,-0.159996462049988,-0.0398372079061419,0.763600642151256,-0.517045321272286,-0.495598869557022,-0.23242234558793,-0.576731306536094
4812.576171875,-0.68818125882517,0.329323452050587,-2.12993091808961,-0.641448069582378,-0.188690710103128,-0.948510296681076,-1.25210195587281,-0.706578202000684,-0.385364862662207,-0.3942707518041,-1.76012543922271,-0.661131616852152,-0.599109564467246,-0.17876758579041,-0.36345108198231,-0.372164226001052,-1.82446308056466,-0.676914009309313,-0.610420556254294,-0.178560121049442,-0.370058198510386,-0.377741395934447,-1.12622394967012,-0.499663055297737,-0.459133123814017,-0.150662345400436,-0.137881893101475,-1.09542052868858,-0.482991388339556,-0.452454947197622,-0.132053130867325,-0.11578375940243,-0.584867307644152,-0.491716543892917,-0.173272696819296,-0.289555223122662,-0.306650229859764,-0.44602634159486,-0.130781764013622,-0.262904613448501,-0.266943615488728,-0.24109540919036,-0.244547150456313,-0.075079888588345,-0.0822923157224407,-0.33568831340359,-0.688181258825176,-0.305587149935131,0.895043790976805,-0.536140016360194,-0.403069827270686,0.329323452050596,-0.0356823061468641,0.0542573848665722,0.150905675411638,-0.0978747165648851,-0.511328765509124,0.0952188223890813,0.152477850997048,-0.45085256406646,-0.838066693341424,0.401488530578602,0.242284623242,-0.586048574206498,0.356858813160074,0.164637934131594,-0.948510296681056,0.387743666900969,0.454805189542859,-0.798459070338276,0.494870416934682,-0.593036212123182,0.0488579346881821,0.0882896087115688,-0.157998027035288,0.331196310361976,-0.200540479863976,-0.102773526465983,0.702966232752411,-0.351105716783887,0.459652017887041,0.480197489619902,-0.32983024142202,-0.274899431461271,0.44515956434674,0.176123424597052,-0.182505904957714,-0.0276096391702415,-0.33457904639824,0.0695430504488323,-0.596205920912343,-0.122219549021707,0.198207443770208,0.0802107765160398,0.0642713195329316,0.180016379676973,0.196909855725177,-0.306433012248256,0.0790368745084282,-0.14472257958333,0.775184058933917,-1.25210195587279,0.620461788727639,0.545775296600849,-1.02899838707163,0.622775526211322,-0.724873623287253,0.118946043449001,0.109257519378433,-0.242993236303588,0.481125327405479,-0.266348512179426,-0.117377788764267,0.986170210642379,-0.495781737491581,0.649892077358677,0.13081143354435,-0.395934814330675,-0.15129359220906,0.364968398678919,0.0363471129442366,-0.147515633331057,0.027408042388686,-0.324166796363167,0.0322852149959641,-0.47459045422556,-0.103066705961833,0.0236064527174181,0.0743088850963511,-0.138139842229072,-0.0283982839085544,0.0397995721468417,0.0208945797548395,-0.00700467551297631,0.182766988144907,0.0620628098445283,0.918822592978787,-0.604631602390051,-0.409187272693454,0.707259514044294,0.418367388813587,-0.275270439737982,-0.0616754222758768,-0.558671590637644,0.210858065516724,-1.08216469343591,-0.139020030604642,0.0550724089265346,0.0899155072316162,-0.17434848696109,-0.00900696013405629,0.0749200460675554,-0.0207679265916057,-0.0441810541390173,-0.0211184521639263,-0.0132189332256005,-0.844001652445366,0.658131503242709,0.365407202296557,-0.247157014957205,0.353469142006269,0.59167214831143,0.135883898712733,-0.0773176493686979,0.290439279068951,-0.0202190564162386,0.732475352322325,-0.562704507114323,0.13576142216354,-0.174977640800969,-0.529339699135159
0,-0.307223140483335,0.0018363761266763,-2.12993091808961,-0.641448069582378,-0.188690710103128,-1.32849940599973,-1.25065062800759,-0.706578202000684,2.59397330965399,-0.3942707518041,-1.76012543922271,-0.661131616852152,-0.599109564467246,-0.17876758579041,2.10818914873633,-0.372164226001052,-1.82446308056466,-0.676914009309313,-0.610420556254294,-0.178560121049442,2.69941678138196,-0.377741395934447,-1.12622394967012,-0.499663055297737,-0.459133123814017,-0.150662345400436,-0.137881893101475,-1.09542052868858,-0.482991388339556,-0.452454947197622,-0.132053130867325,0.0399205267934701,-0.584867307644152,-0.491716543892917,-0.173272696819296,-0.289555223122662,-0.306650229859764,-0.44602634159486,-0.130781764013622,-0.262904613448501,-0.266943615488728,-0.24109540919036,-0.244547150456313,-0.075079888588345,-0.0822923157224407,-0.33568831340359,-0.307223140483343,-0.917449890732883,0.761345937089723,0.553378705649552,-1.03191523669504,0.00183637612668535,0.174300008028722,0.147521102876223,-0.119759001220404,0.0705105862548179,-0.680090869057492,-0.0290663551613656,0.548392164950223,-0.501761203743816,-0.479639853283965,0.0552062531107938,0.38840048559647,0.139167089991882,-0.00882875938780009,0.523731327539782,-1.32849940599971,0.152480395174561,1.35070786505043,-0.945675889337096,-0.608377079417517,-0.307071262436815,-0.118741921090538,0.0159159725426218,0.0518278459847059,0.71004613065746,-0.160306816718018,-0.567313271176412,0.564481897724801,-0.139189252523624,-0.144584775014889,1.07641780061139,-0.330048281928656,-1.20923944534276,0.780477589828134,0.0197619705587645,-0.0901718583569676,0.0132333081581027,-0.853433671806651,0.11913061065968,-0.7477566872538,-0.990737241763597,0.411328299249733,1.15248682531569,0.109918761620845,0.151426763507619,0.843762649284933,0.871187253418242,-0.358093757522434,-0.0494200521334932,-0.745409890281964,-1.25065062800758,0.156264904280662,1.28933472123784,-0.877046142608893,-0.594157761987122,-0.332856153262277,-0.110200921679294,0.0117290206515667,0.0375100896071331,0.67855985204161,-0.132025995994528,-0.538525153947974,0.565283942506043,-0.140463881953833,-0.135750894106862,0.317464068952599,-0.290203976504665,-0.636451014716888,0.42599436986533,-0.108252873534063,-0.0633371450764978,0.0623655000123307,-0.523068706968132,0.0107925171958215,-0.386586385511357,-0.225071930295704,0.0235779312152651,0.356107412698529,-0.084741609300871,-0.0595053309406942,0.168744755923033,0.180828860275783,-0.046471284424081,0.156069018431911,-0.218789750204929,0.916546137011999,-0.278962024321731,-1.0335863236008,0.607885907786981,0.0651105498222202,-0.0792177495650957,0.0172289817335796,-0.730703029650918,0.0928881204224949,-0.636734254117175,-0.194023764282257,0.0212099742644348,0.31446817172598,-0.0848471497141735,-0.0555138211400887,0.155375253503937,0.00727238484998454,-0.0441544944450355,-0.0470687211687983,-0.0476039149689586,-0.840495091832459,0.344601546163804,1.00319215945333,0.083464462008691,0.148315637623756,0.746479783085093,0.189060177044678,-0.0433395524979198,0.166637045414083,-0.0469233324622071,0.726641371723393,-0.312774567195153,-0.0689192930769804,-0.240338789628903,-0.520492914695628
604.19873046875,-1.16437890675246,-0.980624851645057,-2.12993091808961,1.55838986135719,-0.188690710103128,-1.32849940599973,-1.24980289949976,1.41474243812483,2.59397330965399,-0.3942707518041,-1.76012543922271,0.525364957060667,0.790626260085274,-0.17876758579041,1.39061617852769,-0.372164226001052,-1.82446308056466,1.42047399250815,1.20545426047895,-0.178560121049442,1.93204803640887,-0.377741395934447,-1.12622394967012,-0.499663055297737,-0.459133123814017,-0.150662345400436,-0.137881893101475,-1.09542052868858,-0.422681511905063,-0.383996730308587,-0.132053130867325,0.0436237969579738,-0.584867307644152,-0.491716543892917,-0.173272696819296,-0.289555223122662,-0.306650229859764,2.24118191013093,-0.130781764013622,3.80223897600087,-0.266943615488728,4.14618499614443,-0.244547150456313,-0.075079888588345,-0.0822923157224407,-0.33568831340359,-1.16437890675247,0.934769472786523,-0.29210488612993,-0.553134661047583,1.07981072095586,-0.980624851645047,1.23538810932229,-0.714852778976105,0.143235264089626,0.583880300245139,-0.310102765906546,0.103209263558245,-0.225182264729658,0.01337020423226,1.06566778859668,-1.06432014413946,0.830146976128661,0.682450040812758,-0.625224596026656,-0.809472178513938,-1.32849940599971,1.24773875128282,-1.02235195328186,0.322291536848704,0.695618685002282,0.89721600008248,-1.30613932619827,0.959661802460747,-0.234275564713348,0.265086058740566,-0.305021205929565,0.261176156226983,-1.23815287878259,0.973363866191674,-0.733318798038311,1.07641780061139,-1.17695039961523,1.00628551091706,-0.195162932856264,-1.03911673769429,0.958982422199109,-0.851615825039922,-0.428705729914102,0.264320342800504,1.46635999117585,-0.990737241763597,1.23298874373531,-1.1050704234947,1.26607220652037,-1.04081908917622,0.45588080181263,0.871187253418242,-1.04023298660909,-0.845106973812558,-0.745409890281964,-1.24980289949975,1.19756331080863,-0.962089241463981,0.310784276128536,0.640633718294484,0.841030697767972,-1.26600323591293,0.911862945009264,-0.23454114566176,0.243937277822749,-0.274347720516533,0.284494131360946,-1.24355262302784,1.00579175973751,-0.723249864327029,0.317020455241146,-0.780458026648129,0.648655774800862,-0.102724603490665,-0.716085435474434,0.531946286529824,-0.392626433632797,-0.289010416162302,0.0874457693995309,0.751758884454385,-0.224922485976185,0.203724624369788,-0.312005387454358,0.276202047027849,-0.412310896928245,0.0630699764347254,0.180705176399151,-0.198557080445299,-0.51885645643212,-0.218648959401172,0.915217240645914,-1.00700880603705,0.85754552555029,-0.161996557282686,-0.99048975119009,0.907588033737211,-0.709474364469608,-0.350225775818731,0.21725008349013,1.27068003511417,-0.193743207949194,0.177508666034982,-0.280350855703335,0.290585507814657,-0.383706248776681,0.0604924657946097,0.00719883812220574,-0.0860880914491368,-0.222109189070336,-0.0475470248006801,-0.838449121848872,1.0424518684029,-0.929152944031721,1.06878513938245,-0.8815417873175,0.402038536861638,0.188602858637542,-0.199264107198324,-0.35128805978588,-0.0468055770863002,0.723239953330618,-0.863552943821301,-0.675197554353856,-0.23924724412129,-0.515340226859582
14527.8798828125,-0.307223140483335,-0.653137775721146,-2.12993091808961,1.55838986135719,-0.188690710103128,-1.32849940599973,-1.24879130405234,1.41474243812483,2.59397330965399,-0.3942707518041,-1.76012543922271,1.01074991911591,1.35915455194767,-0.17876758579041,2.10818914873633,-0.372164226001052,-1.82446308056466,1.65351710382121,1.40721812900486,-0.178560121049442,2.18783761806657,-0.377741395934447,-1.12622394967012,-0.499663055297737,-0.459133123814017,-0.150662345400436,-0.137881893101475,-1.09542052868858,-0.421009593769204,-0.38209892283273,-0.132053130867325,0.0480429136968623,-0.584867307644152,-0.491716543892917,-0.173272696819296,-0.289555223122662,-0.306650229859764,2.24118191013093,-0.130781764013622,3.80223897600087,-0.266943615488728,4.14618499614443,-0.244547150456313,-0.075079888588345,-0.0822923157224407,-0.33568831340359,-0.307223140483343,-0.917449890732883,0.761345937089723,0.553378705649552,-1.03191523669504,-0.653137775721136,0.361203653293681,0.713882499930785,-0.579841491653227,-0.273171967889907,-0.579477869256204,-0.0559415513090877,0.470251689729609,-0.436899470859975,0.577767893095068,-0.206780585613176,-0.38221664833277,0.8894275417093,-0.197793155144526,-0.1735776336434,-1.32849940599971,0.152480395174561,1.35070786505043,-0.945675889337096,-0.608377079417517,0.495786912576048,-0.327894114129209,-0.603886201369197,0.552337503714741,0.589045570785157,-0.130904364224469,-0.483625709787721,-0.669007101430994,0.121165729011983,-0.957612044483902,1.07641780061139,-0.330048281928656,-1.20923944534276,0.780477589828134,-0.686157168276603,0.0946297233799425,0.581220318928144,-0.737934951795638,0.0896315800167681,0.767297055901994,-0.990737241763597,0.411328299249733,1.15248682531569,0.880687724887195,-0.0585794514777169,0.738283700339559,0.871187253418242,-0.358093757522434,-0.579877999919536,-0.745409890281964,-1.24879130405233,0.155709526488585,1.28767622356238,-0.875769636482481,-0.593239375164813,0.449103921170299,-0.313623845571009,-0.578955884415055,0.513055204618913,0.55942610979236,-0.102815085587721,-0.454660266051146,-0.672021682129806,0.127722610449569,-0.946332849644423,0.316491090466015,-0.289942498901109,-0.635504348669779,0.425426180165864,-0.513147770312482,0.041433622995501,0.360939811965995,-0.458911339766768,-0.00494022697962399,0.392080428364396,-0.224744153890061,0.0234818497538253,0.355615251495505,0.155693427620331,-0.121599634537971,0.139778400541164,0.180557584280491,-0.046390169276808,-0.293518413353301,-0.218480953565809,0.91363223323435,-0.278130776440142,-1.03060608854919,0.606116256457677,-0.637408607490256,0.0943019575170442,0.493668168513253,-0.625471016849058,0.0670692800425505,0.667489006331563,-0.193408581503812,0.0210315201325132,0.313530796304112,0.165009385891022,-0.113223103831465,0.129132668355054,0.00711111712935729,-0.0441066167336679,-0.163560997542577,-0.047479170496411,-0.836009815952062,0.343262335466685,0.998078138968521,0.738440711559789,-0.0325616777716958,0.650131616574792,0.188057621172575,-0.0430403252496924,-0.177645431085241,-0.0466651833439017,0.719187055576154,-0.310736450029255,-0.470847969443167,-0.237946633074411,-0.50920575048989
0,-0.783420788410629,-0.653137775721146,0.469323281677592,1.55838986135719,-0.188690710103128,-0.88102421173657,-1.24602954424711,1.41474243812483,-0.385364862662207,-0.3942707518041,-0.189814571719606,0.741091606862997,1.043305500913,-0.17876758579041,-0.36345108198231,-0.372164226001052,0.0213213982789787,1.65351710382121,1.40721812900486,-0.178560121049442,-0.370058198510386,-0.377741395934447,-0.704949665919022,0.218059391957568,0.341878827899321,-0.150662345400436,-0.137881893101475,-1.05729808946768,-0.416445084985538,-0.376917712875461,-0.132053130867325,-0.11578375940243,1.70915035796891,2.03293173809087,-0.173272696819296,-0.289555223122662,-0.306650229859764,2.24118191013093,-0.130781764013622,-0.262904613448501,-0.266943615488728,-0.24109540919036,-0.244547150456313,-0.075079888588345,-0.0822923157224407,-0.33568831340359,-0.783420788410635,-0.0997849984329752,0.798842579775198,-0.743811221480749,-0.0415316024030472,-0.653137775721136,0.650093138601513,0.210535732470142,-0.602437238321414,0.530204771896053,-0.579477869256204,0.183979149362973,0.0691524833903946,-0.4552979385285,0.577767893095068,-0.428663423925633,-0.00694774748440575,0.8894275417093,-0.545018824782062,-0.1735776336434,-0.88102421173655,0.42377903752375,0.260055710845487,-0.666944088589926,0.625075843857152,0.226120364245611,-0.472032593627669,-0.0304021039847077,0.400526322348225,0.354310631508241,-0.24793597585606,-0.0363953142127185,-0.44199249676422,0.219479347365569,-0.632965165293641,0.387780173335655,-0.305351965574593,-0.154833932026652,0.341893590916439,-0.235812032480644,0.0796366345693403,0.0370183180041202,-0.312366127098629,0.0758088034055847,0.237696011141315,-0.00601896777724709,0.121389826617351,0.0350019742742661,0.116749274705462,0.147593687331318,0.134471256063025,-0.430942870810927,0.194801227515257,0.210754160767156,0.878049597338118,-1.24602954424709,0.731777375948266,0.294651956387328,-0.916005031075281,0.850838082575203,0.44737943606835,-0.626901232864113,-0.0538524063632323,0.535309872313563,0.557923782305845,-0.360049582498136,-0.0283516064567775,-0.670527544049465,0.353876955347287,-0.944207103260357,0.09541968719324,-0.410654250746221,-0.0454474383943528,0.308763888532683,-0.376558790613796,0.113245985100114,0.084631743097588,-0.335152892153056,0.0567219036121216,0.248245651631757,-0.0837299437869856,0.0181005052396378,0.0379845813639545,0.00211614717304952,-0.11643610120858,0.033980260120113,-0.000537034892103346,0.00724765694117147,0.152088962194887,0.0912839825925931,0.90930924494889,-0.678966266759442,-0.197327107901813,0.630688692572309,-0.634093881943763,0.360414272616888,0.0699979518857038,-0.622663773394303,0.290939175687798,0.664121971055854,-0.127834056501407,0.0592525138633216,0.0407227823866542,0.0803057116025403,-0.152532972601742,0.0788334834285567,-0.0253235278885105,-0.0428200317882218,-0.0890467389047816,-0.0086029902401102,-0.829362180595698,0.725106058874737,0.147725806887606,0.733247267316768,-0.308475046179052,0.645873563304648,0.124130529668777,-0.0808346558607289,-0.0601980946229081,-0.0157449316688071,0.708155540427965,-0.607832245502574,-0.464700302690886,-0.15786130616922,-0.492536705369099
7300.498046875,-1.5453370250943,-0.980624851645057,-2.12993091808961,-0.641448069582378,-0.188690710103128,-1.32849940599973,-1.24597026733114,1.41474243812483,2.59397330965399,-0.3942707518041,-1.76012543922271,0.309638307258336,-0.599109564467246,-0.17876758579041,1.07169485843496,-0.372164226001052,-1.82446308056466,1.42047399250815,-0.610420556254294,-0.178560121049442,1.93204803640887,-0.377741395934447,-1.12622394967012,-0.499663055297737,-0.459133123814017,-0.150662345400436,-0.137881893101475,-1.09542052868858,-0.416347114842349,-0.452454947197622,-0.132053130867325,0.0603665067176375,-0.584867307644152,-0.491716543892917,-0.173272696819296,-0.289555223122662,-0.306650229859764,-0.44602634159486,-0.130781764013622,3.80223897600087,-0.266943615488728,-0.24109540919036,-0.244547150456313,-0.075079888588345,-0.0822923157224407,-0.33568831340359,-1.5453370250943,2.30747732834342,-2.81310442164129,2.89747837926436,-2.53328379623812,-0.980624851645047,1.58238039083168,-1.98357966768117,2.42412962075464,-2.62467875655406,-0.310102765906546,0.205922518816312,-0.585531293545417,0.675328791786867,1.06566778859668,-1.39172275194492,1.99216744391236,0.682450040812758,-0.838363192531079,-0.809472178513938,-1.32849940599971,1.73452024288648,-2.78106256741859,3.35664797950482,-3.37083448641257,0.89721600008248,-1.69443671088704,2.34810333080174,-2.71559071473961,0.265086058740566,-0.417393282828399,0.647105872999654,-1.23815287878259,1.2987271566725,-0.733318798038311,1.07641780061139,-1.55335134080927,2.64824465006647,-2.52995564486555,-1.03911673769429,1.30207215906609,-2.12398431051023,-0.428705729914102,0.377061527930339,1.46635999117585,-0.990737241763597,1.59817116350668,-2.77818033199014,1.26607220652037,-1.43070199148993,0.45588080181263,0.871187253418242,-1.34340597731427,-0.845106973812558,-0.745409890281964,-1.24597026733113,1.65471676877046,-2.62149498437199,3.14225080605603,-3.19879108459853,0.837437602146914,-1.63926672547306,2.22931771495773,-2.5859187290463,0.242821585012645,-0.383588896513357,0.665722900478152,-1.23972816054439,1.3368174820262,-0.720986351419235,0.315014850657539,-0.995690598692653,1.59584014438388,-1.36304767080727,-0.714224949078554,0.724191593726698,-1.05856210947857,-0.288409579556733,0.146282123742748,0.749352056296913,-0.224246839113875,0.282813080858046,-0.804436060597584,0.275097251391144,-0.526248579069041,0.0627987052245351,0.180145994066672,-0.26532617095971,-0.516790608462066,-0.218012435610192,0.909216526792524,-1.32214315581963,2.24264878137308,-1.9889955693776,-0.983581557164448,1.22170590253267,-1.76682188287911,-0.348140479760422,0.311437754638388,1.26205948541302,-0.192476338449488,0.245162404558393,-0.716008354617292,0.288128553568543,-0.488175747910567,0.0599724381156387,0.00686673331740893,-0.104239008612451,-0.22096366693147,-0.0472901337220206,-0.829219690575749,1.33901777095934,-2.33304743108779,1.05795930654387,-1.20328277905378,0.398874892717699,0.186539881740294,-0.265527466004357,-0.345597556439553,-0.0462743790933226,0.707919300066771,-1.08768650164499,-0.662378661191304,-0.234330709807437,-0.492180191047189
0,-1.069139377167,-0.325650699797235,-2.12993091808961,1.55838986135719,-0.188690710103128,-0.86339285632249,-1.24444307090688,1.41474243812483,-0.385364862662207,-0.3942707518041,-1.76012543922271,0.579296619511249,0.853796070292207,-0.17876758579041,-0.36345108198231,-0.372164226001052,-1.82446308056466,1.88656021513426,1.60898199753078,-0.178560121049442,-0.370058198510386,-0.377741395934447,-1.12622394967012,0.246338992074976,0.373440189495777,-0.150662345400436,-0.137881893101475,-1.09542052868858,-0.413823035275511,-0.373941403548449,-0.132053130867325,-0.11578375940243,-0.584867307644152,-0.491716543892917,-0.173272696819296,-0.289555223122662,-0.306650229859764,2.24118191013093,-0.130781764013622,-0.262904613448501,-0.266943615488728,-0.24109540919036,-0.244547150456313,-0.075079888588345,-0.0822923157224407,-0.33568831340359,-1.06913937716701,0.644428975200017,0.0990627016715037,-0.815246104441951,0.980171520710378,-0.325650699797225,0.498213620627485,-0.0486854651180268,-0.150812979387166,0.321286644277872,-0.702807236973186,0.44257375369227,-0.363195194371598,-0.122282098813212,0.0274851773315261,-0.0873291336321503,0.0529185563766783,0.685654126037169,-0.574748304381199,0.365275385271113,-0.86339285632247,0.647763356813794,-0.361311992593469,-0.106786303709689,0.668153734236002,-0.0453940936602376,-0.354517740213679,0.15485444625119,0.0742745259724905,0.441454943590658,-0.426069700546881,0.265230152669951,-0.0158655168037625,-0.00578673945965716,-0.476661654854524,0.364304782415964,-0.384013234380365,0.149046160018764,0.106416995741187,-0.101003667169599,0.0185638876243738,-0.0523082731801017,-0.345773880425392,0.162424042713788,-0.0472006443783321,0.0225502302455707,0.0935004188436103,0.0521408851501936,0.103357224052365,0.15910848254086,0.11401024389305,-0.459791403175681,0.335451985590663,0.0882891295169243,0.898425268038191,-1.24444307090687,1.07626394758549,-0.605932676397499,-0.129586271010079,0.929132350375271,0.0567717813365378,-0.461517124637984,0.215640460640727,0.069502473075031,0.701134044132136,-0.636809509020166,0.429512009175493,-0.0284414633067173,0.00544257536668031,-0.723535000609273,0.0862264614044433,-0.51013000612236,0.289550678217179,0.0759667538019779,-0.23976666293384,0.0543599409105198,-0.0043271735012968,-0.380430986027585,0.150567150086273,-0.0199969308037295,-0.0788447667367202,0.0346897255261153,-0.0532461904566825,-0.0437490498790007,-0.0959146111092929,0.0421707587049587,-0.00577409459506389,0.0123900495591973,0.159876737024654,0.0979975655499992,0.906828745174477,-0.917744998360603,0.555292119825114,0.122913825774848,-0.283551157812782,0.219263974327944,-0.146580745595039,-0.746381816348032,0.531308022778127,-0.0105098951326945,-0.124945917254382,0.0906827941009351,-0.113545182912784,-0.00401060809700397,-0.120085796423062,0.0969303164205442,-0.0264675181326073,-0.0466437441316622,-0.0668526162339813,-0.00748287901557994,-0.825551380920116,0.951443555687031,-0.616288675716033,0.406883689480259,-0.161236956846309,0.755975392401763,0.121116647265039,-0.111828835430565,0.0558125569389873,-0.0146296846544718,0.701840590301863,-0.781890850187716,-0.265069623070588,-0.15352824272937,-0.483013279311477
4159.9189453125,-1.35485796592338,0.0018363761266763,-2.12993091808961,1.55838986135719,-0.188690710103128,-1.32849940599973,-1.24364863356916,-0.706578202000684,2.59397330965399,-0.3942707518041,-1.76012543922271,-0.661131616852152,0.664286639671409,-0.17876758579041,1.23115551848133,-0.372164226001052,-1.82446308056466,-0.676914009309313,1.8107458660567,-0.178560121049442,2.69941678138196,-0.377741395934447,-1.12622394967012,-0.499663055297737,-0.459133123814017,-0.150662345400436,-0.137881893101475,-1.09542052868858,-0.482991388339556,-0.372450996367919,-0.132053130867325,0.0705084766576009,-0.584867307644152,-0.491716543892917,-0.173272696819296,-0.289555223122662,-0.306650229859764,-0.44602634159486,-0.130781764013622,-0.262904613448501,-0.266943615488728,4.14618499614443,-0.244547150456313,-0.075079888588345,-0.0822923157224407,-0.33568831340359,-1.35485796592338,1.5788542275228,-1.34882948886414,0.610994814257264,0.344136193193809,0.00183637612668535,0.17251306275877,0.151841724763312,-0.123334278336414,0.0706109129354864,-0.680090869057492,0.590403947778136,-0.888764238429158,0.713411261608763,-0.479639853283965,0.460442468604659,-0.562700375003736,0.139167089991882,-0.128354234196417,0.523731327539782,-1.32849940599971,1.49112949708465,-1.84755207869295,1.5941993897668,-0.676276088908082,-0.307071262436815,-0.116742262274248,0.0111876650481564,0.0557172805161979,0.71004613065746,-0.838030099302759,0.971864912644407,0.564481897724801,-0.541901342628369,-0.144584775014889,1.07641780061139,-1.36515087021225,1.77670497427548,-1.17383542617122,0.0197619705587645,-0.0919387062528257,0.0175663314239506,-0.853433671806651,0.799080008920539,-0.7477566872538,-0.990737241763597,1.415579953621,-1.89010605995424,0.109918761620845,0.153434587442764,0.843762649284933,0.871187253418242,-1.19181948196168,-0.0494200521334932,-0.745409890281964,-1.24364863356915,1.42091242513842,-1.73528212279217,1.49423680049621,-0.654656471753709,-0.332843860424825,-0.10826725442527,0.0072321309565627,0.0411977681950967,0.674089614932075,-0.79478427069106,0.985403898732867,0.562139175685638,-0.55262085551555,-0.134907611236604,0.31379994687611,-0.88561309767262,1.0899922080372,-0.629494918368038,-0.108259238701946,-0.0643330593988561,0.0646385490357621,-0.520661339934252,0.367748402539622,-0.384607306525801,-0.223837563060837,0.242364464893181,-0.541451315702598,-0.0847378295313876,-0.0589150841817233,0.167657855819743,0.179807266913877,-0.231178111679508,0.156061950673083,-0.21762685852937,0.905587388544535,-1.15676646299605,1.49773954551744,-0.923100870199102,0.0650869243057723,-0.080856275854016,0.0208475969130715,-0.722351095384889,0.668271604261271,-0.629648494353814,-0.19171015551377,0.209658970731289,-0.481711529996806,-0.084838747111013,-0.0549688791367012,0.15329246196267,0.00666588150562855,-0.094713742153067,-0.0470726387704223,-0.0471347699999855,-0.823645258621376,1.1781726505313,-1.57124172034502,0.0835014738529468,0.150009142976604,0.733812904809269,0.185293876000955,-0.229588951713778,0.166617590465283,-0.0459535438242225,0.698684368261264,-0.956546641069606,-0.0689630979683249,-0.231367137802645,-0.478258584213075
0,-1.45009749550884,-0.653137775721146,-2.12993091808961,1.55838986135719,-0.188690710103128,-1.32849940599973,-1.24275953260634,1.41474243812483,2.59397330965399,-0.3942707518041,-1.76012543922271,0.363569969708919,0.601116829464476,-0.17876758579041,1.15142518845815,-0.372164226001052,-1.82446308056466,1.65351710382121,1.40721812900486,-0.178560121049442,2.18783761806657,-0.377741395934447,-1.12622394967012,-0.499663055297737,-0.459133123814017,-0.150662345400436,-0.137881893101475,-1.09542052868858,-0.411040561091511,-0.370782995134476,-0.132053130867325,0.0743924808387244,-0.584867307644152,-0.491716543892917,-0.173272696819296,-0.289555223122662,-0.306650229859764,2.24118191013093,-0.130781764013622,3.80223897600087,-0.266943615488728,4.14618499614443,-0.244547150456313,-0.075079888588345,-0.0822923157224407,-0.33568831340359,-1.45009749550884,1.93259848467256,-2.02689583195726,1.59245607131494,-0.749108939623212,-0.653137775721136,1.05453841803248,-1.04058030063252,1.10037305959375,-0.916694222383787,-0.579477869256204,0.519868130303858,-0.927817558649223,0.931206374512481,0.577767893095068,-0.739299397563073,0.92581862537784,0.8894275417093,-1.03113476227461,-0.1735776336434,-1.32849940599971,1.61282486998557,-2.30076852764145,2.41034193471,-1.83290135947803,0.495786912576048,-1.10376173484628,1.31612434930008,-1.27551647344164,0.589045570785157,-0.760861322152945,1.01369057500596,-0.669007101430994,0.650367600861182,-0.957612044483902,1.07641780061139,-1.45925110551076,2.1998347856169,-1.80181822974261,-0.686157168276603,0.78016670696996,-1.17827827469367,-0.737934951795638,0.721657755715033,0.767297055901994,-0.990737241763597,1.50687555856384,-2.32126336652515,0.880687724887195,-0.83761513831053,0.738283700339559,0.871187253418242,-1.26761272963797,-0.579877999919536,-0.745409890281964,-1.24275953260632,1.53481700677596,-2.16133644231922,2.25303552395525,-1.74287203112278,0.445337590739509,-1.06361048104466,1.24485508029721,-1.21752355151206,0.556144978674973,-0.718634939464054,1.02601247792802,-0.668758436936543,0.669136523828818,-0.941690151783247,0.313334683086662,-0.939240551750743,1.3331828766088,-0.967246230106242,-0.511197583824873,0.427706095827204,-0.560944426570784,-0.457144344707605,0.326735030116742,0.390026788029348,-0.223680825276103,0.262070183819201,-0.667883453386188,0.154535366197769,-0.350531049670864,0.138980621438398,0.179677546782039,-0.247814331287844,-0.291352964143043,-0.217479196585692,0.904198724015276,-1.23498126272588,1.8518665570166,-1.41067170722854,-0.630175302207724,0.729549345184922,-0.971888792039232,-0.619345125391133,0.601478092850656,0.66014155215937,-0.19141698093814,0.226450296758533,-0.593095347397448,0.162436803236078,-0.324494040662463,0.127605003684227,0.00658902695570575,-0.0992187107539854,-0.1623615652007,-0.0470753211514763,-0.821513716533331,1.25140522724094,-1.92821558367249,0.72711567941879,-0.68876930645351,0.640846335384516,0.184817430383341,-0.245951711103753,-0.171692528037825,-0.0458308633636817,0.695156827029742,-1.01121390896926,-0.457456351419714,-0.230235118350887,-0.472948571274556
5497.5908203125,-1.5453370250943,-0.325650699797235,-2.12993091808961,1.55838986135719,-0.188690710103128,-1.25091017298692,-1.23979663678703,1.41474243812483,-0.385364862662207,-0.3942707518041,-1.76012543922271,0.309638307258336,0.537947019257543,-0.17876758579041,-0.36345108198231,-0.372164226001052,-1.82446308056466,1.88656021513426,1.60898199753078,-0.178560121049442,-0.370058198510386,-0.377741395934447,-1.12622394967012,-0.375214739698231,-0.32024296014837,-0.150662345400436,-0.137881893101475,-1.09542052868858,-0.406143624012957,-0.365224443195147,-0.132053130867325,-0.11578375940243,-0.584867307644152,-0.491716543892917,-0.173272696819296,-0.289555223122662,-0.306650229859764,2.24118191013093,-0.130781764013622,-0.262904613448501,-0.266943615488728,-0.24109540919036,-0.244547150456313,-0.075079888588345,-0.0822923157224407,-0.33568831340359,-1.5453370250943,2.30747732834342,-2.81310442164129,2.89747837926436,-2.53328379623812,-0.325650699797225,0.642252239356411,-0.559124668500396,0.724166404159995,-0.825164680934156,-0.702807236973186,0.733556401482484,-1.35261522524614,1.61074332762503,0.0274851773315261,-0.0978843916011811,0.0892278031633935,0.685654126037169,-0.842422400233303,0.365275385271113,-1.2509101729869,1.6191961284233,-2.60840174607954,3.15889648357723,-3.17140938830787,0.0710443623935011,-0.61184884189662,0.743973067291226,-0.812551539505096,0.68800167915514,-0.934308347393219,1.38277469127002,-0.0252178740085986,0.0109597565160092,-0.693396081691517,0.94420994157635,-1.36582033663287,2.30924592079517,-2.2099646047852,-0.290089466013146,0.315752603933525,-0.608204329018449,-0.780419592808018,0.828906387669249,-0.0259848061175421,-0.782571325954622,1.28692287484989,-2.18725184320839,0.414783347085743,-0.264015512293548,0.712767634131562,0.558259780340306,-0.901664005191521,-0.219913908978456,-0.280987885860022,-1.23979663678701,1.64544113983621,-2.60764480086069,3.126590065547,-3.18282461216525,0.0553252077233749,-0.615847037936718,0.743397294574813,-0.828480243015962,0.698068568538775,-0.945059045018177,1.47174611986907,-0.0283218802217759,0.0160723467998257,-0.720777981041464,0.273892977291209,-0.940103573171138,1.49521151808905,-1.27431841709335,-0.297578543528453,0.181897655403334,-0.285823048244918,-0.507848300279883,0.416952356070505,-0.0141884405372454,-0.196314363446717,0.241627933265416,-0.698950210941602,0.0200386268249548,-0.194916637613787,0.149061478940556,0.141238758373032,-0.206808065515077,-0.0204870488598368,-0.143026568207625,0.899575700595228,-1.30830943890022,2.21784918258788,-1.96736188085076,-0.280778277806137,0.348546169760314,-0.568045518430266,-0.740669454152189,0.795866449724396,-0.0107786331406987,-0.179349048038439,0.226008081069631,-0.665700062348637,0.0310273026685726,-0.189480414393799,0.147541798792343,0.000218311602292273,-0.0943107340303388,-0.0974199922519262,-0.0387857989158327,-0.814423465284163,1.31679593332501,-2.29061681602085,0.402549086535294,-0.292864337125081,0.747330549685574,0.17260073294586,-0.24460089393238,0.00865205230352632,-0.0396656272151024,0.683437760771265,-1.05401756923766,-0.259956256027925,-0.21366519939251,-0.455338711818575
0,-1.64057655467976,-0.653137775721146,-2.12993091808961,1.55838986135719,-0.188690710103128,-1.32849940599973,-1.23840616253865,1.41474243812483,2.59397330965399,-0.3942707518041,-1.76012543922271,0.255706644807753,0.47477720905061,-0.17876758579041,0.991964528411782,-0.372164226001052,-1.82446308056466,1.65351710382121,1.40721812900486,-0.178560121049442,2.18783761806657,-0.377741395934447,-1.12622394967012,-0.499663055297737,-0.459133123814017,-0.150662345400436,-0.137881893101475,-1.09542052868858,-0.403845512530505,-0.362615838707758,-0.132053130867325,0.0934100145630761,-0.584867307644152,-0.491716543892917,-0.173272696819296,-0.289555223122662,-0.306650229859764,2.24118191013093,-0.130781764013622,3.80223897600087,-0.266943615488728,4.14618499614443,-0.244547150456313,-0.075079888588345,-0.0822923157224407,-0.33568831340359,-1.64057655467976,2.70349075853536,-3.71370992199641,4.57228518246426,-5.19242709304557,-0.653137775721136,1.17009421215561,-1.51513428694566,2.11685936676966,-2.7621644548966,-0.579477869256204,0.615836410572682,-1.30597281776727,1.75887499430651,0.577767893095068,-0.828052532888055,1.27962114155445,0.8894275417093,-1.17002503012963,-0.1735776336434,-1.32849940599971,1.8562156157874,-3.28843419802437,4.44064583979786,-5.34454853571778,0.495786912576048,-1.23307300496579,1.83545634100196,-2.38132081129694,0.589045570785157,-0.865854148474357,1.41869056217712,-0.669007101430994,0.738567912836048,-0.957612044483902,1.07641780061139,-1.64745157610778,3.12193456762418,-3.36404035174674,-0.686157168276603,0.894422870901629,-1.65419436208378,-0.737934951795638,0.826995451664744,0.767297055901994,-0.990737241763597,1.68946676844952,-3.26085695634923,0.880687724887195,-0.967454419449332,0.738283700339559,0.871187253418242,-1.41919922499056,-0.579877999919536,-0.745409890281964,-1.23840616253863,1.75802466352275,-3.08134096586405,4.12879768938395,-5.03052491528979,0.442619279823851,-1.18499533457369,1.73134628812148,-2.25502956054427,0.553776855459021,-0.818304985872068,1.42097351585804,-0.666403222705524,0.756764016727562,-0.938339331533656,0.311056577967839,-1.04432902308339,1.85831900342504,-1.80217268991153,-0.509790056441323,0.490224046573569,-0.806851806972279,-0.455869033885705,0.380416456688324,0.388544593877194,-0.222913378597866,0.300685551899689,-0.94089591508231,0.153699547072548,-0.387583451646735,0.138404832435499,0.17904238861358,-0.28041470207642,-0.28979007306545,-0.216756188611769,0.897408601537822,-1.38456116839504,2.60845514573598,-2.60719544830821,-0.624968859128632,0.82885456129323,-1.35656674351191,-0.61493578499437,0.685019692039158,0.654852946130788,-0.189983451648771,0.258562441415185,-0.831065687069004,0.16058509027277,-0.357521025812972,0.126505409675413,0.00621323294935643,-0.107834123446923,-0.16149822873538,-0.0467846354213981,-0.811102950100316,1.38688462987356,-2.68028210988055,0.718982300841517,-0.786664272479275,0.634177859200369,0.182490399605562,-0.276222622864298,-0.167417289476413,-0.0452316738718351,0.677957301155244,-1.10394323982889,-0.447871362236156,-0.224715637054125,-0.447119764032827
0,-0.68818125882517,0.0018363761266763,0.469323281677592,1.55838986135719,-0.188690710103128,-1.32849940599973,-1.23207798012453,-0.706578202000684,2.59397330965399,-0.3942707518041,-0.129417999892563,-0.661131616852152,1.10647531111994,-0.17876758579041,1.7892678286436,-0.372164226001052,0.390478294047706,-0.676914009309313,1.8107458660567,-0.178560121049442,2.69941678138196,-0.377741395934447,-1.12622394967012,-0.499663055297737,-0.459133123814017,-0.150662345400436,-0.137881893101475,-1.04408854663868,-0.482991388339556,-0.350743828088575,-0.132053130867325,0.12105444189247,-0.584867307644152,2.03293173809087,-0.173272696819296,3.45228159742381,-0.306650229859764,-0.44602634159486,-0.130781764013622,-0.262904613448501,-0.266943615488728,4.14618499614443,-0.244547150456313,-0.075079888588345,-0.0822923157224407,-0.33568831340359,-0.688181258825176,-0.305587149935131,0.895043790976805,-0.536140016360194,-0.403069827270686,0.00183637612668535,0.17365020974874,0.148580119496214,-0.119532476509907,0.0686134120174936,-0.680090869057492,0.196195573180271,0.196134421394042,-0.578752883545449,-0.479639853283965,0.202564876926745,0.155278577457897,0.139167089991882,-0.0522925684091153,0.523731327539782,-1.32849940599971,0.63926188677823,0.566790520744687,-1.10659894330714,0.675590960659174,-0.307071262436815,-0.118014772430069,0.0147570291423603,0.0515814166863172,0.71004613065746,-0.406751646748833,-0.190049229010435,0.564481897724801,-0.285630012561713,-0.144584775014889,1.07641780061139,-0.70644922312269,-0.477362218086493,0.904300212748024,0.0197619705587645,-0.090814348500916,0.0142953644484375,-0.853433671806651,0.366384937299992,-0.7477566872538,-0.990737241763597,0.776510719021102,0.406724637007538,0.109918761620845,0.152156881302217,0.843762649284933,0.871187253418242,-0.661266748227614,-0.0494200521334932,-0.745409890281964,-1.23207798012452,0.607064013958093,0.539826037990989,-1.01283693423907,0.61319307383657,-0.332823546760875,-0.109511642285511,0.0106146785554228,0.0372989158219915,0.666702638997636,-0.368274306481787,-0.160891186891647,0.556942512454464,-0.287382287014988,-0.133514103439169,0.307745059643811,-0.502444855713667,-0.208633458539175,0.486436640756334,-0.108269757012455,-0.0636921509436897,0.0629287680453942,-0.516683214857463,0.138033817758339,-0.381336918740896,-0.221797796302431,0.101567072825664,0.133689799046578,-0.0847315835391667,-0.0592949302487658,0.16586177549796,0.178119104654412,-0.112312296962985,0.156050271345322,-0.215705203679476,0.887565822830589,-0.58465836971765,-0.398539172090999,0.684943385776596,0.0650480723512398,-0.0797883681178049,0.018136802923329,-0.708616412755694,0.29326604113149,-0.617996024586142,-0.187905446191219,0.0868375411521659,0.114726345579708,-0.0848249291038313,-0.0553240444978791,0.149867329545331,0.00566849207667224,-0.0617618071554314,-0.0470790812319238,-0.0463632652143052,-0.796046661227428,0.626058289262209,0.347195109560972,0.0835620961140473,0.148887452671728,0.713065632750655,0.179124994394355,-0.106226988293942,0.166585724909552,-0.044365112304357,0.653170141069643,-0.514134073304,-0.0690344126848488,-0.216761216246796,-0.410078363587126
0,-0.68818125882517,-0.325650699797235,-2.12993091808961,1.55838986135719,-0.188690710103128,-1.10512541552026,-1.23107576571746,1.41474243812483,-0.385364862662207,-0.3942707518041,-1.76012543922271,0.79502326931358,1.10647531111994,-0.17876758579041,-0.36345108198231,-0.372164226001052,-1.82446308056466,1.88656021513426,1.60898199753078,-0.178560121049442,-0.370058198510386,-0.377741395934447,-1.12622394967012,-0.141385034179484,-0.0592780293420455,-0.150662345400436,-0.137881893101475,-1.09542052868858,-0.39173017193694,-0.348863619949034,-0.132053130867325,-0.11578375940243,-0.584867307644152,-0.491716543892917,-0.173272696819296,-0.289555223122662,-0.306650229859764,2.24118191013093,-0.130781764013622,-0.262904613448501,-0.266943615488728,-0.24109540919036,-0.244547150456313,-0.075079888588345,-0.0822923157224407,-0.33568831340359,-0.688181258825176,-0.305587149935131,0.895043790976805,-0.536140016360194,-0.403069827270686,-0.325650699797225,0.382982725644343,0.242902854125855,-0.389970628431452,0.235101540599872,-0.702807236973186,0.209787635460098,0.202010851553561,-0.595969015915989,0.0274851773315261,-0.0788849272569256,0.0321769045337288,0.685654126037169,-0.360609027699516,0.365275385271113,-1.10512541552023,0.491408627107139,0.500960712225778,-0.925461033396221,0.56935562911048,0.027239991993489,-0.313099604008443,-0.0712072435569321,0.296593145607009,0.595250324563182,-0.344267316916696,-0.163603698118483,-0.021699499298058,-0.00848213324122646,-0.611860174798177,0.710327583000083,-0.475198253597576,-0.353046349862277,0.622379424762957,-0.213829008750038,0.0461651941800264,0.0768979469930409,-0.605122024315451,0.22432337639478,-0.0345413954377517,-0.434966630431208,0.406450365032172,0.197786109479133,0.280327646773903,0.0481531115001285,0.45425899189804,0.0748817152382547,-0.160674246632225,-0.0735768771880201,0.363330808775623,-1.23107576571744,0.606393445682062,0.539528273313026,-1.01202804188563,0.612713465194119,0.0526101402872262,-0.33411378731584,-0.0863634273441523,0.312860748640918,0.692314991338067,-0.382341539883613,-0.166896665011823,-0.028097435273462,-0.00333257603856196,-0.715603343552388,0.198901715831667,-0.436923624338588,-0.173359989483594,0.4117136504116,-0.274477001771508,0.0326456418593606,0.103752511119157,-0.456932530450533,0.105212973491928,-0.01650950463438,-0.147811210829437,0.0529863677498508,0.0966869293446337,-0.00629928106717637,-0.104667971245955,0.104926340469301,0.0772151981245823,-0.0447277366123798,0.0580607208016374,-0.0286554508209464,0.88600998342474,-0.583664180544982,-0.398009151412721,0.68383257645176,-0.275592027327893,0.108678633994933,0.0950848866558757,-0.729985349142565,0.305010166495794,-0.0112812667271482,-0.15612566210085,0.0661874345381642,0.0985971365642505,0.0160704626406409,-0.107524610284159,0.125936976219555,-0.0110946215854353,-0.0506139975834329,-0.0844615537828793,-0.0250191002944064,-0.793670518988311,0.624469079952652,0.34629271083849,0.394465292132678,-0.0434361806827888,0.731208396849916,0.148765409930593,-0.0859297339562013,0.0304857091837908,-0.0286927197251638,0.649267777728412,-0.51174407298277,-0.250461864698094,-0.180475949345074,-0.404266527014696
16477.01953125,-0.592941729239711,0.0018363761266763,-2.12993091808961,-0.641448069582378,-0.188690710103128,-1.32849940599973,-1.22840643092995,-0.706578202000684,2.59397330965399,-0.3942707518041,-1.76012543922271,-0.661131616852152,-0.599109564467246,-0.17876758579041,1.86899815866678,-0.372164226001052,-1.82446308056466,-0.676914009309313,-0.610420556254294,-0.178560121049442,2.69941678138196,-0.377741395934447,-1.12622394967012,-0.499663055297737,-0.459133123814017,-0.150662345400436,-0.137881893101475,-1.09542052868858,-0.482991388339556,-0.452454947197622,-0.132053130867325,0.137093466726789,-0.584867307644152,-0.491716543892917,-0.173272696819296,-0.289555223122662,-0.306650229859764,-0.44602634159486,-0.130781764013622,-0.262904613448501,-0.266943615488728,-0.24109540919036,-0.244547150456313,-0.075079888588345,-0.0822923157224407,-0.33568831340359,-0.592941729239718,-0.4902547149162,0.933140068228888,-0.281068937511717,-0.702028011214909,0.00183637612668535,0.173812659318735,0.148260495489965,-0.119467929862937,0.0690575661836425,-0.680090869057492,0.139880091094862,0.302450062812953,-0.600691129332878,-0.479639853283965,0.165725220972757,0.225637584877701,0.139167089991882,-0.0414266161537865,0.523731327539782,-1.32849940599971,0.517566513877313,0.803386243064081,-1.15245285271599,0.374996664688557,-0.307071262436815,-0.118196559595186,0.0151068122577664,0.0515111983649194,0.71004613065746,-0.345140439241129,-0.303912073364827,0.564481897724801,-0.24901982255219,-0.144584775014889,1.07641780061139,-0.612348987824182,-0.698251604562774,0.93958261134823,0.0197619705587645,-0.0906537259649289,0.013974823032967,-0.853433671806651,0.304571355639914,-0.7477566872538,-0.990737241763597,0.68521511407826,0.631804672425712,0.109918761620845,0.151974351853568,0.843762649284933,0.871187253418242,-0.585473500551319,-0.0494200521334932,-0.745409890281964,-1.22840643092993,0.490860719519639,0.759286765653449,-1.05207341126212,0.331762481497768,-0.332817100917788,-0.109689319070195,0.0109409647382929,0.0372378975801128,0.664358636070549,-0.307376156075541,-0.271464722666078,0.55529352998409,-0.249510866430406,-0.133071921633637,0.305823749283298,-0.44773514389492,-0.333901056212374,0.503901313762256,-0.108273094636787,-0.0636006404450505,0.0627638397194546,-0.515420893589996,0.10523459966632,-0.380299173578523,-0.221150546427148,0.0814636720180622,0.198815036989857,-0.0847296015882062,-0.0593491656122112,0.165291851137991,0.177583424382443,-0.0953403411584163,0.156046565312068,-0.215095432558928,0.881870095900649,-0.503031580591532,-0.578145467215392,0.70767579669007,0.0650357931671098,-0.0796360020166887,0.017880049704078,-0.704275557861785,0.239761291972452,-0.614313254348,-0.186702965469343,0.0693137217022899,0.171218039606241,-0.0848205619141613,-0.055374718502289,0.148784814337845,0.00535326653410199,-0.0570603168584909,-0.0470811173758444,-0.0461194306521963,-0.787352969730928,0.547366438416097,0.524590506807903,0.0835811924191351,0.148727580202619,0.706530141830704,0.177181766888961,-0.0886444331088108,0.166575687105567,-0.0438647487025438,0.638905036214443,-0.451244611190016,-0.0690567641993466,-0.212183416834234,-0.388859513545517
0,-0.592941729239711,-0.325650699797235,-2.12993091808961,1.55838986135719,-0.188690710103128,-1.15127273426799,-1.22407313795985,1.41474243812483,-0.385364862662207,-0.3942707518041,-1.76012543922271,0.848954931764163,1.16964512132687,-0.17876758579041,-0.36345108198231,-0.372164226001052,-1.82446308056466,1.88656021513426,1.60898199753078,-0.178560121049442,-0.370058198510386,-0.377741395934447,-1.12622394967012,-0.215402470163687,-0.14188496338076,-0.150662345400436,-0.137881893101475,-1.09542052868858,-0.38015655288154,-0.335726313585187,-0.132053130867325,-0.11578375940243,-0.584867307644152,-0.491716543892917,-0.173272696819296,-0.289555223122662,-0.306650229859764,2.24118191013093,-0.130781764013622,-0.262904613448501,-0.266943615488728,-0.24109540919036,-0.244547150456313,-0.075079888588345,-0.0822923157224407,-0.33568831340359,-0.592941729239718,-0.4902547149162,0.933140068228888,-0.281068937511717,-0.702028011214909,-0.325650699797225,0.354175001898558,0.299582844567102,-0.401416900494145,0.156338201803136,-0.702807236973186,0.151591105902055,0.311877643760619,-0.618640042108811,0.0274851773315261,-0.0767738756631194,0.0281450673488834,0.685654126037169,-0.307074208529095,0.365275385271113,-1.15127273426797,0.41649318795717,0.719593624651812,-1.00261953881463,0.330809098141703,0.0411060111749197,-0.293254615190965,-0.128526146677101,0.317546244311119,0.624610227470847,-0.305072714331491,-0.272336345250576,-0.0228132203897737,-0.00977359790754774,-0.637669892838505,0.782310524389835,-0.452278826951367,-0.538026374645119,0.703454714217657,-0.237300005275567,0.0392275839632113,0.124499871617226,-0.659074082415856,0.208764929953362,-0.0319078985323749,-0.53897194877982,0.426036585882033,0.359332279457901,0.320557563385535,0.0412088815101591,0.531606260153091,0.213773527510787,-0.229389430428874,-0.115624742027865,0.189192394523159,-1.22407313795983,0.48836262084759,0.757221303314709,-1.04842712555869,0.330675357607256,0.0504300132746284,-0.302110243935524,-0.14375878548738,0.322898825403835,0.687695021716935,-0.318419535481403,-0.280243184101745,-0.0279172119434093,-0.00553688202119414,-0.711448247137419,0.218103948609776,-0.402237701295734,-0.288294148649394,0.441116796662738,-0.280392373425702,0.0223571876636233,0.130587165279225,-0.469970002354739,0.0837237065633969,-0.0159151738787875,-0.161426990102218,0.0476754247633801,0.150895261663368,0.00109428246457508,-0.102127144570908,0.117315933128153,0.0955148937007408,-0.047978852468746,0.0356096064397802,-0.0609663055887012,0.875161927008513,-0.499338256450887,-0.574479245495675,0.702682569898386,-0.271444753942372,0.08076559464172,0.139820751535779,-0.7214416228917,0.247889928416001,-0.011683206221682,-0.16063854465041,0.0547212584268833,0.1499955222469,0.0189769493407288,-0.101644771204183,0.130135331577257,-0.00825182192611575,-0.0492647913702036,-0.0877178484903459,-0.0287482796265497,-0.777131822682258,0.541476408825931,0.518363026473972,0.388023054065877,-0.013535984183801,0.718360130114796,0.151724142921776,-0.0739798908209873,0.0277754475738086,-0.031055632198123,0.622178244016279,-0.442418038707618,-0.242934830409458,-0.180179926867475,-0.364071950613465
39483.53125,-1.25961843633792,-0.653137775721146,-2.12993091808961,1.55838986135719,-0.188690710103128,-0.843078849921576,-1.20253636280352,1.41474243812483,-0.385364862662207,-0.3942707518041,-1.76012543922271,0.471433294610084,0.727456449878341,-0.17876758579041,-0.36345108198231,-0.372164226001052,-1.82446308056466,1.65351710382121,1.40721812900486,-0.178560121049442,-0.370058198510386,-0.377741395934447,-1.12622394967012,0.278921397925722,0.409803684328394,-0.150662345400436,-0.137881893101475,-1.09542052868858,-0.344561567688965,-0.295322164869645,-0.132053130867325,-0.11578375940243,-0.584867307644152,-0.491716543892917,-0.173272696819296,-0.289555223122662,-0.306650229859764,2.24118191013093,-0.130781764013622,-0.262904613448501,-0.266943615488728,-0.24109540919036,-0.244547150456313,-0.075079888588345,-0.0822923157224407,-0.33568831340359,-1.25961843633793,1.24624455689412,-0.772650728281754,-0.0905281035533678,0.907385005257735,-0.653137775721136,0.938982623909346,-0.618067319905836,0.344555935906456,0.125612930361512,-0.579477869256204,0.423899850035034,-0.591131933165913,0.315786263919005,0.577767893095068,-0.65054626223809,0.610815148408325,0.8894275417093,-0.892244494419599,-0.1735776336434,-0.843078849921557,0.781332157718396,-0.837999902392375,0.560883835029994,0.111467891975951,0.203252963153918,-0.661997285815303,0.546974862454911,-0.268209742571089,0.334405389126817,-0.402175663669994,0.413870927300101,-0.422741929533218,0.349049995768246,-0.605435497837397,0.337601419915656,-0.416833810129239,0.355696176386923,-0.149064239471653,-0.202996867250132,0.147317059949969,-0.226477560025619,-0.281356329968912,0.138206312871729,0.199105729136031,0.0545591048575634,0.0503337662442004,0.117911633996359,0.069753174250973,0.198121134984364,0.0973258155106616,-0.491197751854186,0.451593153474928,0.247339941177814,0.91875629140094,-1.20253636280351,1.2554054326424,-1.28329771267104,0.819431344010491,0.120752919082291,0.420221627741363,-0.911660796634883,0.780555056578667,-0.424580299601202,0.534264591584485,-0.593867872927347,0.649067496539896,-0.646997323026341,0.559444338152627,-0.910730088709748,0.0623520251252746,-0.554341498364684,0.528109827827718,-0.192861925270217,-0.356127933632664,0.19872664873121,-0.183949978182972,-0.316641214644515,0.130120406173717,0.22673097483411,-0.0710854446429571,0.0388581357714351,-0.110549541981505,-0.011654860654732,-0.136353561762825,0.0244935247406364,-0.0113034064592367,0.0199348943343736,0.178581050143864,0.10152413668158,0.842048819675395,-1.00236662435253,1.07368276477882,-0.467724775834165,-0.582520795180634,0.57511786035224,-0.576231030964678,-0.578986489038003,0.471560917161655,0.611735008704665,-0.113339343296639,0.0992563679112301,-0.213884962512758,0.0615826561758087,-0.193676493463707,0.0677152593938964,-0.028836995574676,-0.0468860727334003,-0.0809750168391248,-0.00638135113771184,-0.726963998005633,0.983580950645057,-1.08104222416517,0.65324900878428,-0.495244328126537,0.580283786961542,0.104310511387137,-0.113455042285542,-0.0237846069910641,-0.0116713489443218,0.540790226184404,-0.720327348272028,-0.371430596395911,-0.117286087014322,-0.244933465025574
11306.26953125,-1.64057655467976,-0.653137775721146,-2.12993091808961,-0.641448069582378,5.29769678474325,-0.971042095498277,-1.20206511176143,1.41474243812483,-0.385364862662207,-0.3942707518041,-1.76012543922271,0.255706644807753,-0.599109564467246,2.40529343258813,-0.36345108198231,-0.372164226001052,-1.82446308056466,1.65351710382121,-0.610420556254294,4.74057812619317,-0.370058198510386,-0.377741395934447,-1.12622394967012,0.0736762917131314,-0.459133123814017,1.17167279668922,-0.137881893101475,-1.09542052868858,-0.343782705777495,-0.452454947197622,0.184928951007171,-0.11578375940243,-0.584867307644152,-0.491716543892917,-0.173272696819296,-0.289555223122662,-0.306650229859764,-0.44602634159486,7.64346754124059,-0.262904613448501,-0.266943615488728,-0.24109540919036,-0.244547150456313,-0.075079888588345,-0.0822923157224407,-0.33568831340359,-1.64057655467976,2.70349075853536,-3.71370992199641,4.57228518246426,-5.19242709304557,-0.653137775721136,1.17009421215561,-1.51513428694566,2.11685936676966,-2.7621644548966,-0.579477869256204,0.615836410572682,-1.30597281776727,1.75887499430651,0.577767893095068,-0.828052532888055,1.27962114155445,0.8894275417093,-1.17002503012963,-0.1735776336434,-0.971042095498257,1.29216751164608,-2.35645981785548,3.23792557994172,-3.8947233314956,0.280368761281345,-0.933399422411417,1.34540780982179,-1.72625962698729,0.40153189147872,-0.622537565339974,1.03652722155406,-0.487660669116777,0.534167295260385,-0.698273869349678,0.511957965877242,-0.797445281602401,1.42618666383085,-1.56045909007243,-0.317020004031975,0.378385593099539,-0.778981371775383,-0.389106338687782,0.351238380909754,0.333195713831489,-0.163465804301237,0.376303665495056,-0.509412290442886,0.23889557325361,-0.0336736891920941,0.231014969850626,-0.259727773767459,0.27563895200722,0.106795148070331,0.731525497836216,-1.20206511176142,1.70005864091075,-2.98581975502545,4.00709749756358,-4.88221201542545,0.419927371376338,-1.1534722351112,1.68083541774591,-2.18771575997768,0.534008242935975,-0.792421123965036,1.37996593859985,-0.646742371771691,0.734007551699287,-0.910367363393517,0.122785401425793,-0.774146239708435,1.31853509198312,-1.26588244328563,-0.393466698784706,0.32949020270516,-0.554085255849046,-0.350472550241454,0.242401343681891,0.266050493590045,-0.105384188168579,0.116714185951971,-0.420878404918015,0.0256995857487438,-0.211058370002124,0.0502266992989798,0.0272954575256696,-0.0381148836310111,0.0836034160317042,0.0484369387871403,0.841328489274344,-1.29913187860194,2.43943957268859,-2.44106573407571,-0.58196846946874,0.77213856025732,-1.27063290129404,-0.578518723994454,0.637306735844098,0.611173966733152,-0.130351590661206,0.166189796640008,-0.563315186219576,0.0835576511853885,-0.26251678365093,0.0807645674319542,-0.0213073479644579,-0.0642040335281702,-0.0982733750967891,-0.014309145284446,-0.725877999799436,1.25100039227858,-2.39394173103211,0.652400576096631,-0.688476780031662,0.579588165441201,0.119784590939873,-0.176281804082642,-0.0522137030898133,-0.0184188440375278,0.539041650617045,-0.901121225036231,-0.370456146401064,-0.133592019388692,-0.242401282508296
6672.02099609375,-0.783420788410629,-0.325650699797235,-2.12993091808961,1.55838986135719,-0.188690710103128,-0.98599272141686,-1.20162635351168,1.41474243812483,-0.385364862662207,-0.3942707518041,-1.76012543922271,0.741091606862997,1.043305500913,-0.17876758579041,-0.36345108198231,-0.372164226001052,-1.82446308056466,1.88656021513426,1.60898199753078,-0.178560121049442,-0.370058198510386,-0.377741395934447,-1.12622394967012,0.0496964153761805,0.15397784056995,-0.150662345400436,-0.137881893101475,-1.09542052868858,-0.343057546449337,-0.293614938486251,-0.132053130867325,-0.11578375940243,-0.584867307644152,-0.491716543892917,-0.173272696819296,-0.289555223122662,-0.306650229859764,2.24118191013093,-0.130781764013622,-0.262904613448501,-0.266943615488728,-0.24109540919036,-0.244547150456313,-0.075079888588345,-0.0822923157224407,-0.33568831340359,-0.783420788410635,-0.0997849984329752,0.798842579775198,-0.743811221480749,-0.0415316024030472,-0.325650699797225,0.411790449390129,0.179736027936719,-0.361066354428826,0.299228283471233,-0.702807236973186,0.267984165018141,0.0795701716368105,-0.538719847854204,0.0274851773315261,-0.0809959788507318,0.0366701720289309,0.685654126037169,-0.414143846869937,0.365275385271113,-0.98599272141684,0.502874138056825,0.270157055448546,-0.742915938587392,0.694335432671679,-0.00855615535373698,-0.316136800868862,-0.0106975412628159,0.247021353505291,0.519455577936083,-0.35026589545015,-0.0488181779939878,-0.0188243464671609,-0.00828447969422933,-0.545230491262241,0.533282124966451,-0.40998203340417,-0.17096776024978,0.44189928224191,-0.156100979717877,0.0264245295246705,0.0300426645992419,-0.472424378820194,0.180052501531569,-0.0410186059662584,-0.191519581215557,0.261999300205923,0.0577738323667985,0.186160784494173,0.0993677600093445,0.273210902044904,-0.227275057007916,0.0490476391371894,0.0178975366883073,0.69983677336302,-1.20162635351166,0.697956193202212,0.290344142987172,-0.884018938587227,0.821358248112469,0.0434416593573079,-0.358940626968884,-0.0206653551387603,0.277558618048746,0.672885800688446,-0.431929216308562,-0.0371536328868787,-0.0273395096318978,-0.00162257941329089,-0.698129167955062,0.12969403196022,-0.434142009986494,-0.0490744222788709,0.329764814819773,-0.253157128392392,0.0318205661704028,0.0747345043121855,-0.409943555550809,0.103489656132591,-0.0186515604840009,-0.109543860802869,0.0373960475275867,0.042200250303719,-0.0270790012686341,-0.0972093520150269,0.0701052061468108,0.0322492020317312,-0.0177513833021457,0.11322757953292,0.040981146938938,0.840657988357986,-0.6290266732197,-0.189690390771043,0.586942509894987,-0.258253702848009,0.123694242264774,0.0422752591864521,-0.694266966428284,0.335737566275979,-0.0129616375948701,-0.132245436773082,0.0625156718646685,0.0414538655646235,0.00069059034216328,-0.10564173551837,0.103721092946067,-0.020403311934929,-0.0465449030447861,-0.0737988822087043,-0.0153234658448779,-0.724867332070469,0.645545871567779,0.134767415742952,0.367664720813331,-0.0510296248062859,0.677757890148055,0.12144284396048,-0.0787890959537811,0.055513753909585,-0.0192176557720374,0.537414876333347,-0.488790448936892,-0.219382679909212,-0.135151278119979,-0.240046543849997
9378.6533203125,-0.497702199654253,-0.980624851645057,-2.12993091808961,1.55838986135719,-0.188690710103128,-1.32849940599973,-1.19954871475962,1.41474243812483,2.59397330965399,-0.3942707518041,-1.76012543922271,0.902886594214745,1.2328149315338,-0.17876758579041,1.94872848868996,-0.372164226001052,-1.82446308056466,1.42047399250815,1.20545426047895,-0.178560121049442,1.93204803640887,-0.377741395934447,-1.12622394967012,-0.499663055297737,-0.459133123814017,-0.150662345400436,-0.137881893101475,-1.09542052868858,-0.339623721279214,-0.289717176425494,-0.132053130867325,0.263157316558892,-0.584867307644152,-0.491716543892917,-0.173272696819296,-0.289555223122662,-0.306650229859764,2.24118191013093,-0.130781764013622,3.80223897600087,-0.266943615488728,4.14618499614443,-0.244547150456313,-0.075079888588345,-0.0822923157224407,-0.33568831340359,-0.49770219965426,-0.653787693376182,0.919386075611619,-0.00141483486751773,-0.913890409064484,-0.980624851645047,0.628151616680855,0.753373095012277,-0.952870807673876,0.0708625771840518,-0.310102765906546,-0.0765389331433738,0.191829286364593,-0.304740463609231,1.06566778859668,-0.491365580479905,-0.51459359183192,0.682450040812758,-0.252232052143916,-0.809472178513938,-1.32849940599971,0.395871140976395,1.01290437455484,-1.13589810309284,0.0454319469670141,0.89721600008248,-0.626618902992929,-0.647103053379013,0.95814467779155,0.265086058740566,-0.108370071356605,-0.185438478294543,-1.23815287878259,0.40397810785023,-0.733318798038311,1.07641780061139,-0.518248752525673,-0.893860937930912,0.926844520257185,-1.03911673769429,0.358575382681889,0.620824262930185,-0.428705729914102,0.0670232688232939,1.46635999117585,-0.990737241763597,0.593919509135418,0.831125048949794,1.26607220652037,-0.358524010127238,0.45588080181263,0.871187253418242,-0.509680252875024,-0.845106973812558,-0.745409890281964,-1.1995487147596,0.363149971089274,0.936253700085194,-1.01291325762913,0.0250983195851087,0.793917360722986,-0.584708958258866,-0.595291633688987,0.864717021496897,0.22930810650512,-0.0749567000378242,-0.151627622503112,-1.19340556071686,0.401591411566938,-0.693570262730685,0.290722595486826,-0.387607603823477,-0.434913310112995,0.48647061330309,-0.691690392346997,0.181053066693546,0.369197065635211,-0.281132135010744,-0.0199445129431086,0.720200106689665,-0.216063278845465,0.0593694588071429,0.251330190091354,0.261715761471502,-0.204347640347298,0.0595130179498479,0.173373073811818,-0.0766876756844911,-0.491768674207105,-0.210302741247157,0.837485115330447,-0.404532436390912,-0.706565330278858,0.665449502924552,-0.901002297393005,0.307054980569765,0.484522346588524,-0.323213240562992,0.0371813406889163,1.1590110460523,-0.177332417314029,0.0481677077843336,0.211610029241605,0.258758581882266,-0.183980625021738,0.0537561244697445,0.00289681457383235,-0.0513870228863286,-0.207270309459429,-0.0442193057981312,-0.720087449057574,0.441952814766922,0.629953595536347,0.929950616840937,-0.230067159290173,0.361466783097844,0.162146472619578,-0.0650912845280153,-0.278310920115619,-0.0399932956822119,0.529727845731063,-0.348733742691423,-0.51328467829964,-0.177147482396094,-0.22893348885813
5088.98583984375,-1.64057655467976,-0.653137775721146,-2.12993091808961,-0.641448069582378,5.29769678474325,-1.24078719619554,-1.19696875714129,1.41474243812483,-0.385364862662207,-0.3942707518041,-1.76012543922271,0.255706644807753,-0.599109564467246,2.40529343258813,-0.36345108198231,-0.372164226001052,-1.82446308056466,1.65351710382121,-0.610420556254294,4.74057812619317,-0.370058198510386,-0.377741395934447,-1.12622394967012,-0.35897811302178,-0.459133123814017,0.173809791570875,-0.137881893101475,-1.09542052868858,-0.335359686735721,-0.452454947197622,0.204108402047085,-0.11578375940243,-0.584867307644152,-0.491716543892917,-0.173272696819296,-0.289555223122662,-0.306650229859764,-0.44602634159486,7.64346754124059,-0.262904613448501,-0.266943615488728,-0.24109540919036,-0.244547150456313,-0.075079888588345,-0.0822923157224407,-0.33568831340359,-1.64057655467976,2.70349075853536,-3.71370992199641,4.57228518246426,-5.19242709304557,-0.653137775721136,1.17009421215561,-1.51513428694566,2.11685936676966,-2.7621644548966,-0.579477869256204,0.615836410572682,-1.30597281776727,1.75887499430651,0.577767893095068,-0.828052532888055,1.27962114155445,0.8894275417093,-1.17002503012963,-0.1735776336434,-1.24078719619552,1.71781054140049,-3.0597480585499,4.14552458008641,-4.9887931244947,0.442928007395215,-1.15953965881906,1.7152091441526,-2.22058311662747,0.543033813024742,-0.806149577993526,1.32491603266707,-0.624508651263413,0.688412469581153,-0.893976125566203,0.927357031117667,-1.4229845998292,2.67412681966307,-2.88775631138407,-0.588676592396569,0.758149377229838,-1.42307088122936,-0.645817393925868,0.701359027786652,0.652660945225028,-0.756616437034003,1.31783686744874,-2.48218817826725,0.699058227958711,-0.70319110016997,0.594724817464877,0.520380827929225,-0.893465541767266,-0.36687406351852,-0.226982621554933,-1.19696875714127,1.69192966827974,-2.97242416095847,3.99003064557136,-4.86141308098945,0.416745129531837,-1.14905153482458,1.67375193220819,-2.1782758843775,0.531235954914275,-0.788791252610304,1.37421516498844,-0.643985195896209,0.730816256643017,-0.90644466259052,0.248017354440646,-0.95386316852615,1.67758205114828,-1.6226055285784,-0.470841268424845,0.436405204528235,-0.722217465119656,-0.420578913467584,0.334204573814154,0.347529643471127,-0.18638794434438,0.243511380896697,-0.779286145553648,0.113920032258361,-0.332723418661306,0.111001047956861,0.131727971663219,-0.204866059644361,-0.173366662700347,-0.129825182289194,0.833550019498625,-1.28728259510737,2.41599663590561,-2.4180230740515,-0.576004194116684,0.764271890914991,-1.25871363495479,-0.573467574899433,0.63068881421923,0.605115569070135,-0.164882893089465,0.219680458846491,-0.718362729043662,0.128162292904608,-0.31753133734311,0.107251932251266,-0.00370928628620744,-0.0921033360836772,-0.138702567976645,-0.0356182869106801,-0.714165472438181,1.23232572194818,-2.35458976297517,0.643250200882791,-0.674982801005972,0.572085863831878,0.150283357078014,-0.224890883919673,-0.108246267125664,-0.0339604846648497,0.520219447131331,-0.873640108120898,-0.359966867909453,-0.163073983547152,-0.215219063053571
2639.2900390625,-1.16437890675246,-0.325650699797235,-2.12993091808961,1.55838986135719,-0.188690710103128,-0.751762358265498,-1.19105772535798,1.41474243812483,-0.385364862662207,-0.3942707518041,-1.76012543922271,0.525364957060667,0.790626260085274,-0.17876758579041,-0.36345108198231,-0.372164226001052,-1.82446308056466,1.88656021513426,1.60898199753078,-0.178560121049442,-0.370058198510386,-0.377741395934447,-1.12622394967012,0.425387384658441,0.573266602815967,-0.150662345400436,-0.137881893101475,-1.09542052868858,-0.325590206984351,-0.273787623554389,-0.132053130867325,-0.11578375940243,-0.584867307644152,-0.491716543892917,-0.173272696819296,-0.289555223122662,-0.306650229859764,2.24118191013093,-0.130781764013622,-0.262904613448501,-0.266943615488728,-0.24109540919036,-0.244547150456313,-0.075079888588345,-0.0822923157224407,-0.33568831340359,-1.16437890675247,0.934769472786523,-0.29210488612993,-0.553134661047583,1.07981072095586,-0.325650699797225,0.52702134437327,-0.137799634298721,-0.0332841562306228,0.240349312959192,-0.702807236973186,0.500770283250313,-0.535931425127121,0.110501030366282,0.0274851773315261,-0.0894401852259564,0.0592575451133077,0.685654126037169,-0.62828312355162,0.365275385271113,-0.751762358265479,0.601835249641119,-0.502431057707964,0.169658292033671,0.412631430917046,-0.0789360343253601,-0.342351452682144,0.191851575054673,-0.000796535466792593,0.370433253199411,-0.402040823074507,0.335412859108975,-0.0131714222487911,-0.00657849251186564,-0.414227871966673,0.222110587250036,-0.263886863040806,0.118880351067169,0.0195447511175869,-0.054639356455769,-0.0177978396552262,-0.044545540065393,-0.239197664852398,0.0808783852443144,-0.0524028209732625,0.186641559034033,-0.0934423134356602,0.248898188825046,0.0398856576106886,0.225388411571161,-0.00802213125518078,-0.609098579780942,0.534263423199141,0.13349012357695,0.971580544106041,-1.19105772535797,1.13105957448929,-0.90869994897091,0.295310481751562,0.611630165198746,0.0401513299950277,-0.476374719890129,0.295465873715573,-0.0476748234428146,0.665913169456681,-0.666485200171853,0.587154247148295,-0.0270675098304121,0.00646592099165178,-0.691858140781749,0.015698180213841,-0.47355377765056,0.349947695848885,-0.0352130434880399,-0.218039971033221,0.0435107889124591,-0.0184285780985878,-0.332545383603125,0.127906766048103,-0.0221798606293925,-0.0479228207589143,0.0070833129972789,-0.0412205767883873,-0.0605401102753253,-0.0827073314351739,0.0140335285686047,-0.034378497638758,0.0451894525260705,0.194970256548733,0.127219723559784,0.824554629029505,-0.908986712171721,0.763068610321582,-0.140871518620404,-0.252097297405593,0.216364861277203,-0.199252905443841,-0.681584261937916,0.525375382280507,-0.0135582952688756,-0.0990298454474801,0.0733790902541927,-0.133308376776201,-0.0207016513931848,-0.111212481281294,0.0728204758195021,-0.0340368475160161,-0.0396900594747813,-0.0581823016975836,-0.0017165912037317,-0.700653993574335,0.886520310682741,-0.769075797680047,0.358233016639221,-0.137846725436403,0.658947493863541,0.0898135419819869,-0.0875152886928982,0.0844868593429946,-0.00686977346527827,0.498589236006669,-0.630760138556835,-0.20859467856808,-0.0976938018333215,-0.184152912297687
9495.90234375,-0.973899847581546,-0.325650699797235,-2.12993091808961,1.55838986135719,-0.188690710103128,-1.32849940599973,-1.19060138370491,1.41474243812483,2.59397330965399,-0.3942707518041,-1.76012543922271,0.633228281961832,0.91696588049914,-0.17876758579041,1.55007683857406,-0.372164226001052,-1.82446308056466,1.88656021513426,1.60898199753078,-0.178560121049442,2.44362719972426,-0.377741395934447,-1.12622394967012,-0.499663055297737,-0.459133123814017,-0.150662345400436,-0.137881893101475,-1.09542052868858,-0.32483598662099,-0.272931502065345,-0.132053130867325,0.302243396407422,-0.584867307644152,-0.491716543892917,-0.173272696819296,-0.289555223122662,-0.306650229859764,2.24118191013093,-0.130781764013622,3.80223897600087,-0.266943615488728,4.14618499614443,-0.244547150456313,-0.075079888588345,-0.0822923157224407,-0.33568831340359,-0.973899847581551,0.375223064134599,0.407106699202721,-0.912682947238981,0.708155675670701,-0.325650699797225,0.469405896881699,0.0339418683147782,-0.243366784046102,0.351374144182421,-0.702807236973186,0.384377224134227,-0.203032851325769,-0.305598528667001,0.0274851773315261,-0.0852180820383441,0.0470409979504057,0.685654126037169,-0.521213485210778,0.365275385271113,-1.32849940599971,1.00434800548098,-0.305462191185327,-0.519302104422461,1.11933651472671,0.0943578250696166,-0.448976485241108,0.14021232617571,0.186296969155764,0.737365594757455,-0.612629290280012,0.237454386059498,-0.0270904154181826,0.00036041097463956,-0.736790937153716,1.07641780061139,-0.988749929018216,0.336986259991208,0.452403276732899,-0.333197598858919,0.201615040515954,-0.100671930192542,-0.879510932426488,0.572938826522302,-0.0211479797679478,-0.990737241763597,1.05039753384963,-0.423073422611533,0.49530324325402,-0.180156232907679,0.867577649496993,0.871187253418242,-0.888646491256499,-0.314649026026515,-0.745409890281964,-1.19060138370489,0.91005080874256,-0.260576193139609,-0.45550001870447,0.993500201476087,0.0400092572190235,-0.416449156954133,0.124586286588765,0.159382406505004,0.665612098966138,-0.546793388165944,0.249694790304885,-0.0270557651803741,0.00233843187825368,-0.691587364777035,0.286040484763729,-0.645094169639302,0.248233998950579,0.238358634715653,-0.301320661552039,0.0943926830893721,0.00531938246786723,-0.516095923835393,0.234182654047872,-0.0138124614842813,-0.214485972209396,0.153984390289833,-0.1038305368601,0.0299060711459402,-0.152986785899079,0.165596619971791,0.172067655178221,-0.156564729867746,-0.0583097047036279,-0.208816767944337,0.823861353368388,-0.762522654037253,0.248440742781049,0.318798162842492,-0.251832254195283,0.167883245896661,-0.0687927112372029,-0.681038250999393,0.426164351264253,-0.0135839823466442,-0.174456171433509,0.12502183871387,-0.0887687009995363,0.0278760837699584,-0.137694810494068,0.142989933220108,0.00214281814648199,-0.0720063263366144,-0.0996244249328523,-0.0436360713711377,-0.699614156814332,0.755831122563087,-0.281364671662005,0.357827974075128,-0.0907626594337036,0.65813968532735,0.15757025035208,-0.135222849726985,0.0224202902874288,-0.0388149596149697,0.49692829148333,-0.544800932288797,-0.208133172419191,-0.166621812820463,-0.181775054674814
20893.109375,-1.35485796592338,0.0018363761266763,-2.12993091808961,1.55838986135719,-0.188690710103128,-1.28785747572941,-1.18746831854056,-0.706578202000684,-0.385364862662207,-0.3942707518041,-1.76012543922271,-0.661131616852152,0.664286639671409,-0.17876758579041,-0.36345108198231,-0.372164226001052,-1.82446308056466,-0.676914009309313,1.8107458660567,-0.178560121049442,-0.370058198510386,-0.377741395934447,-1.12622394967012,-0.499663055297737,-0.386381220905,-0.150662345400436,-0.137881893101475,-1.09542052868858,-0.482991388339556,-0.267053703280854,-0.132053130867325,-0.11578375940243,-0.584867307644152,-0.491716543892917,-0.173272696819296,-0.289555223122662,-0.306650229859764,-0.44602634159486,-0.130781764013622,-0.262904613448501,-0.266943615488728,-0.24109540919036,-0.244547150456313,-0.075079888588345,-0.0822923157224407,-0.33568831340359,-1.35485796592338,1.5788542275228,-1.34882948886414,0.610994814257264,0.344136193193809,0.00183637612668535,0.17251306275877,0.151841724763312,-0.123334278336414,0.0706109129354864,-0.680090869057492,0.590403947778136,-0.888764238429158,0.713411261608763,-0.479639853283965,0.460442468604659,-0.562700375003736,0.139167089991882,-0.128354234196417,0.523731327539782,-1.28785747572939,1.43816759730918,-1.7856690926222,1.5445328568793,-0.654248345839794,-0.30700239890816,-0.116821376158284,0.0112791528546402,0.0556412237390555,0.685024639504118,-0.811216864589836,0.9420834240271,0.547365159207822,-0.525968565828186,-0.139971147099784,1.0064962823211,-1.27819533832287,1.65402992540425,-1.09269027109472,0.0196334056598439,-0.0917902792270497,0.0173883127584303,-0.802720590773502,0.741959717412354,-0.70311600826761,-0.879651156187081,1.26995775853672,-1.67433680519679,0.110161066896821,0.153143441565627,0.763819764701412,0.7022295655465,-0.982710114023256,-0.0497084917324315,-0.490782276890885,-1.18746831854054,1.34690803910736,-1.64904313436977,1.42590434508751,-0.624017807327188,-0.332745229172443,-0.108380408371775,0.00736034793026292,0.0410915016133687,0.638222787091151,-0.756001116968781,0.941953072824092,0.536907223244744,-0.528502337688409,-0.128141553690299,0.265390915493934,-0.828241427100804,1.00893724029084,-0.579411780712264,-0.108343332955724,-0.0642370963603524,0.0645318314137448,-0.488856093313437,0.333353303884695,-0.358460443861397,-0.200335663180018,0.211983278552428,-0.480722845686407,-0.0846658641053278,-0.0589970471639502,0.146963676092332,0.152184713323861,-0.194753555802219,0.155870847682137,-0.170048670803429,0.819106172253059,-1.04796944828238,1.34552478040183,-0.830052385099621,0.0649004829978079,-0.0806531932983688,0.0206300008041272,-0.656441613489484,0.596957308503384,-0.573731057750171,-0.168161936353126,0.179534435671586,-0.419962926089311,-0.0847532242933964,-0.0550559909005966,0.132093531379543,-0.00106506286261635,-0.0845919287313305,-0.047122575445122,-0.039500737328296,-0.692487693201565,1.00547241085219,-1.31389044184097,0.0837895706740531,0.149658280550108,0.63521507922169,0.151242065357806,-0.18476887369352,0.166441694745605,-0.0358158483167049,0.485559430646645,-0.699568932016598,-0.0692970362871316,-0.158206531826022,-0.165528637730447
0,-1.5453370250943,0.0018363761266763,-2.12993091808961,1.55838986135719,-0.188690710103128,-1.32849940599973,-1.18501555252407,-0.706578202000684,2.59397330965399,-0.3942707518041,-1.76012543922271,-0.661131616852152,0.537947019257543,-0.17876758579041,1.07169485843496,-0.372164226001052,-1.82446308056466,-0.676914009309313,1.8107458660567,-0.178560121049442,2.69941678138196,-0.377741395934447,-1.12622394967012,-0.499663055297737,-0.459133123814017,-0.150662345400436,-0.137881893101475,-1.09542052868858,-0.482991388339556,-0.262452182292896,-0.132053130867325,0.32664489024056,-0.584867307644152,-0.491716543892917,-0.173272696819296,-0.289555223122662,-0.306650229859764,-0.44602634159486,-0.130781764013622,-0.262904613448501,-0.266943615488728,4.14618499614443,-0.244547150456313,-0.075079888588345,-0.0822923157224407,-0.33568831340359,-1.5453370250943,2.30747732834342,-2.81310442164129,2.89747837926436,-2.53328379623812,0.00183637612668535,0.172188163618778,0.15310283108999,-0.125815204137329,0.0745923568757935,-0.680090869057492,0.703034911948955,-1.30824251727212,1.55663337391844,-0.479639853283965,0.534121780512635,-0.840308400875168,0.139167089991882,-0.150086138707075,0.523731327539782,-1.32849940599971,1.73452024288648,-2.78106256741859,3.35664797950482,-3.37083448641257,-0.307071262436815,-0.116378687944014,0.00980756314348213,0.0584162037512494,0.71004613065746,-0.961252514318166,1.42112138456603,0.564481897724801,-0.615121722647413,-0.144584775014889,1.07641780061139,-1.55335134080927,2.64824465006647,-2.52995564486555,0.0197619705587645,-0.0922599513247998,0.0188310574742749,-0.853433671806651,0.922707172240695,-0.7477566872538,-0.990737241763597,1.59817116350668,-2.77818033199014,0.109918761620845,0.153799646340063,0.843762649284933,0.871187253418242,-1.34340597731427,-0.0494200521334932,-0.745409890281964,-1.18501555252405,1.56313478758402,-2.48474660269874,2.98762607356293,-3.04114773897053,-0.332740923048779,-0.108049794049541,0.00611785458032824,0.0435201986169052,0.636656883866814,-0.869318119849107,1.36301559428905,0.535805626084863,-0.598972062086229,-0.127846155631267,0.283117436548649,-0.952572855579495,1.51778453306625,-1.29422216463267,-0.108312539144784,-0.0644450600040707,0.0652017838492925,-0.500502605498803,0.407891690266168,-0.368034957093776,-0.213501257489932,0.266969216160042,-0.763855811959542,-0.0847061786164374,-0.0588487049834865,0.158556405882229,0.171252680515609,-0.251950256406665,0.156002766896258,-0.207889072751433,0.815389090270688,-1.18750923860606,2.00129158509479,-1.77844996929674,0.0648924694931843,-0.0809136608976681,0.021567441432621,-0.65360873303143,0.68842288688645,-0.571327649183399,-0.172667508955311,0.216258897727628,-0.640094106323202,-0.0847695877076013,-0.0549497939863049,0.136149605436751,0.0016739273859837,-0.0964844458984781,-0.0471048834196029,-0.0432733730557322,-0.686924042975082,1.12530983432419,-1.92499120525582,0.0838017916232516,0.149901745465168,0.631032599828258,0.154733736281051,-0.217777520501916,0.166459731083713,-0.038084582758305,0.47670117409255,-0.769697205269168,-0.0693109159923145,-0.16013075039581,-0.152905934403161
10361.6904296875,-0.973899847581546,-0.325650699797235,-2.12993091808961,-0.641448069582378,-0.188690710103128,-1.13394495669336,-1.18048520932821,1.41474243812483,-0.385364862662207,-0.3942707518041,-1.76012543922271,0.633228281961832,-0.599109564467246,-0.17876758579041,-0.36345108198231,-0.372164226001052,-1.82446308056466,1.88656021513426,-0.610420556254294,-0.178560121049442,-0.370058198510386,-0.377741395934447,-1.12622394967012,-0.187609790064769,-0.459133123814017,-0.150662345400436,-0.137881893101475,-1.09542052868858,-0.308116441817735,-0.452454947197622,-0.132053130867325,-0.11578375940243,-0.584867307644152,-0.491716543892917,-0.173272696819296,-0.289555223122662,-0.306650229859764,-0.44602634159486,-0.130781764013622,-0.262904613448501,-0.266943615488728,-0.24109540919036,-0.244547150456313,-0.075079888588345,-0.0822923157224407,-0.33568831340359,-0.973899847581551,0.375223064134599,0.407106699202721,-0.912682947238981,0.708155675670701,-0.325650699797225,0.469405896881699,0.0339418683147782,-0.243366784046102,0.351374144182421,-0.702807236973186,0.384377224134227,-0.203032851325769,-0.305598528667001,0.0274851773315261,-0.0852180820383441,0.0470409979504057,0.685654126037169,-0.521213485210778,0.365275385271113,-1.13394495669334,0.822104976632336,-0.235060094397771,-0.447542195042724,0.961822480410229,0.0358994834124989,-0.400700576955703,0.121755036646678,0.16680990864211,0.613585927879841,-0.517282547730085,0.202441330328694,-0.0223950311670603,-0.00278127030110176,-0.627978646074821,0.755059001086953,-0.701475420080466,0.202992961784848,0.339840930288245,-0.228414283236312,0.11465830294125,-0.0661906996442547,-0.638648746354624,0.377927619205206,-0.032904895888962,-0.499273098900175,0.58729167456724,-0.196207520360339,0.305201796530588,-0.0159635782240014,0.502082793086093,0.160133792829238,-0.25606232860292,-0.0993859423676712,0.257649725118727,-1.1804852093282,0.900472030361637,-0.256885709523155,-0.451786288411872,0.985259116759764,0.0368597902208932,-0.413851912972536,0.123613280567918,0.158358240344979,0.658937973206473,-0.541605805052026,0.247773261298282,-0.0267954099684923,0.00215954167291123,-0.685584806688735,0.190280068370561,-0.563515304831898,0.210128578181936,0.208456488626979,-0.271821047664857,0.0701949584713974,0.0142161786455408,-0.451078810841931,0.183641401349855,-0.0167763543444749,-0.150573879284362,0.0945954843306667,-0.0645823228623574,-0.00479911245181965,-0.124574333186386,0.107440213243105,0.0851538737999969,-0.0741813482985558,0.048321098919477,-0.047118689981966,0.808536399574667,-0.748664196598509,0.242030394026248,0.313821503790696,-0.245973437595845,0.163295906095547,-0.0671676625442892,-0.668968604143129,0.416776984368202,-0.0141517987319267,-0.146222593110973,0.0990592055833827,-0.0711739757579871,0.00969246853309718,-0.124381208520911,0.116724105666253,-0.0120645506651534,-0.0586354472110762,-0.0833505451620116,-0.0258096634496896,-0.676683329579794,0.734127119365787,-0.270671656141882,0.348895840285385,-0.0829432465674395,0.640325621914234,0.13029415632194,-0.109415993269752,0.0474057657394065,-0.0258679499701248,0.460436476531362,-0.513172535646106,-0.197993642321817,-0.133272556398855,-0.129812197158735
1740.19897460938,-1.25961843633792,-0.980624851645057,-2.12993091808961,-0.641448069582378,-0.188690710103128,-1.11072085166454,-1.17264649470075,1.41474243812483,-0.385364862662207,-0.3942707518041,-1.76012543922271,0.471433294610084,-0.599109564467246,-0.17876758579041,-0.36345108198231,-0.372164226001052,-1.82446308056466,1.42047399250815,-0.610420556254294,-0.178560121049442,-0.370058198510386,-0.377741395934447,-1.12622394967012,-0.150359766576779,-0.459133123814017,-0.150662345400436,-0.137881893101475,-1.09542052868858,-0.29516097708041,-0.452454947197622,-0.132053130867325,-0.11578375940243,-0.584867307644152,-0.491716543892917,-0.173272696819296,-0.289555223122662,-0.306650229859764,-0.44602634159486,-0.130781764013622,-0.262904613448501,-0.266943615488728,-0.24109540919036,-0.244547150456313,-0.075079888588345,-0.0822923157224407,-0.33568831340359,-1.25961843633793,1.24624455689412,-0.772650728281754,-0.0905281035533678,0.907385005257735,-0.980624851645047,1.32213617969964,-1.00273400058437,0.578012932249967,0.153724718485505,-0.310102765906546,0.128887577372762,-0.306947473258274,0.139550888696978,1.06566778859668,-1.14617079609082,1.09381591447741,0.682450040812758,-0.678509245152762,-0.809472178513938,-1.11072085166452,1.10558869272269,-1.15967129921772,0.748240847648553,0.132960832828997,0.700168325535769,-1.19274862231097,1.06807070214522,-0.582591426084514,0.203950671440774,-0.272206282627801,0.291309377609993,-1.03436967876905,0.8783511929637,-0.612086686855284,0.718954407465987,-0.857752753805836,0.883817596954556,-0.402580058360495,-0.688135102369145,0.668033531471303,-0.756714368303369,-0.310488870974146,0.168712928097858,0.959301461999203,-0.447284649324961,0.661953758027616,-0.651501617231324,0.633068680799903,-0.431160010599085,0.277552402201142,0.0910507942763839,-0.218367324567048,-0.133911871533047,0.343596552956607,-1.17264649470073,1.21880025424451,-1.24708135903008,0.798605959863744,0.118337705419821,0.768696508619905,-1.28334309297058,1.13812721237717,-0.63965028599592,0.221476774883667,-0.279422490563897,0.34996768697094,-1.16656068575626,1.02116947244564,-0.677682089884321,0.176051452996523,-0.67961944367315,0.678379993052343,-0.260244807217586,-0.58531643291998,0.441877463873595,-0.413524600880851,-0.246779092255599,0.0598803570503421,0.58258886624324,-0.142670758358388,0.124892296913813,-0.256556832117891,0.14170671395877,-0.298742203506701,0.0300460301459604,0.0755996925665081,-0.0866046766724663,-0.130553862080553,-0.031435946612608,0.796718895699772,-0.949348370526264,1.01070587278649,-0.439786559578586,-0.854071055247282,0.85011358473169,-0.826392516519389,-0.309046653189397,0.200016474580463,1.10044681002304,-0.141152619642816,0.132335924079878,-0.271453137916119,0.188591838162853,-0.313951438036681,0.0389049529694752,-0.0140022924194838,-0.0649432507402397,-0.148980574085834,-0.0237649357039797,-0.659072904292813,0.900470117052385,-0.975892768479535,0.858382473279466,-0.72750739194638,0.34055235169596,0.124358990539185,-0.137988517498661,-0.174078151675672,-0.0238846593289264,0.432589843705019,-0.599034493098083,-0.432008661634349,-0.123218196199727,-0.0905264052128161
0,-0.402462670068794,-1.30811192756897,-2.12993091808961,1.55838986135719,-0.188690710103128,-1.32849940599973,-1.16331575045567,1.41474243812483,2.59397330965399,-0.3942707518041,-1.76012543922271,0.956818256665328,1.29598474174074,-0.17876758579041,2.02845881871315,-0.372164226001052,-1.82446308056466,1.1874308811951,1.00369039195303,-0.178560121049442,1.67625845475118,-0.377741395934447,-1.12622394967012,-0.499663055297737,-0.459133123814017,-0.150662345400436,-0.137881893101475,-1.09542052868858,-0.279739554846655,-0.221742186320647,-0.132053130867325,0.421439661011424,-0.584867307644152,-0.491716543892917,-0.173272696819296,-0.289555223122662,-0.306650229859764,2.24118191013093,-0.130781764013622,3.80223897600087,-0.266943615488728,4.14618499614443,-0.244547150456313,-0.075079888588345,-0.0822923157224407,-0.33568831340359,-0.402462670068802,-0.796186085315076,0.860036477205174,0.282606174354264,-1.02514037676671,-1.30811192756896,0.663825542251768,1.1307363112838,-1.15903445288174,-0.28099289041667,0.105318073075787,-0.247581460563676,-0.05077972491731,0.0133658447089885,1.38564435842638,-0.513369793426967,-0.837506454022271,0.0926320231765849,-0.00434076770408407,-1.20769456413253,-1.32849940599971,0.274175768075478,1.19534491521695,-1.06446301008434,-0.289279050819615,1.29864508758891,-0.666539364452509,-1.06007354009619,1.18242379652587,-0.234512941376318,0.078756741010055,0.0743930170704534,-1.61141246594194,0.425845261495967,-0.0941565827507328,1.07641780061139,-0.424148517227165,-1.06419021819091,0.871878619681586,-1.39207630711197,0.393848091584509,0.999270615911372,0.0481767332181201,-0.120718198434434,1.92482239747343,-0.990737241763597,0.502623904192576,1.00468576657979,1.65145668815355,-0.398607477050505,0.0203689539162058,0.871187253418242,-0.433887005198729,-1.11033594770558,-0.745409890281964,-1.16331575045566,0.237897593441116,1.07427962023384,-0.9206152461795,-0.269861994550304,1.12416618038708,-0.606562664689664,-0.943636138529944,1.03827733897685,-0.234896567561785,0.100690384202651,0.0938064821841905,-1.50580153673049,0.409864831521006,-0.0783845459203156,0.271761997107297,-0.328637490120092,-0.513698136983008,0.445387552045642,-0.862691529260691,0.192308580891118,0.545275241941406,-0.031142928188126,-0.11454651620263,0.916798565847026,-0.209675843900723,0.0377005486257739,0.292289549826305,0.363259804121938,-0.211018425801951,-0.0533543973187378,0.168086672038643,-0.058394065093377,-0.681645016411171,-0.204285168262716,0.782717297627972,-0.310003462643374,-0.790900465635226,0.58822840013785,-1.13887669611997,0.310199783458162,0.726009809874916,0.0601972046200565,-0.108186678380861,1.4179562932655,-0.16576984667528,0.0278740188316233,0.238136018539132,0.343360507048916,-0.185026525351717,-0.0418581376429835,-0.000134267369352165,-0.0459424003841849,-0.246714828388644,-0.0418746907891241,-0.638289838306264,0.343307305077518,0.676449587567654,1.0840365799846,-0.213501352207248,0.0403301076070051,0.143862942872583,-0.0430503730583997,-0.359304844736917,-0.0352854512467709,0.399928946983733,-0.257344181323549,-0.516431024956334,-0.135493857801803,-0.044864124289041
0,-0.307223140483335,-0.325650699797235,-2.12993091808961,1.55838986135719,-0.188690710103128,-0.0377578124922544,-1.161889876304,1.41474243812483,-0.385364862662207,-0.3942707518041,-1.76012543922271,1.01074991911591,1.35915455194767,-0.17876758579041,-0.36345108198231,-0.372164226001052,-1.82446308056466,1.88656021513426,1.60898199753078,-0.178560121049442,-0.370058198510386,-0.377741395934447,-1.12622394967012,1.57060637447894,1.85138476908391,-0.150662345400436,-0.137881893101475,-1.09542052868858,-0.277382936042453,-0.219067169710423,-0.132053130867325,-0.11578375940243,-0.584867307644152,-0.491716543892917,-0.173272696819296,-0.289555223122662,-0.306650229859764,2.24118191013093,-0.130781764013622,-0.262904613448501,-0.266943615488728,-0.24109540919036,-0.244547150456313,-0.075079888588345,-0.0822923157224407,-0.33568831340359,-0.307223140483343,-0.917449890732883,0.761345937089723,0.553378705649552,-1.03191523669504,-0.325650699797225,0.267751830661202,0.430701801403504,-0.349800246436815,-0.101330690817544,-0.702807236973186,-0.0229984827720736,0.566034694123634,-0.516405663115357,0.0274851773315261,-0.070440720881701,0.0188181376564882,0.685654126037169,-0.146469751017833,0.365275385271113,-0.0377578124922387,-0.228926630862956,0.208680371072711,-0.0553401539024215,0.025229823392202,-0.293475058389617,-0.122283861600052,0.00541977646755915,0.0603038528883932,-0.0838315818635062,0.0326009826567831,-0.0182439952009461,0.00406038977815515,-0.0208999678575532,-0.0148925149839683,-0.424405392507852,0.093181337106958,0.320844439328307,-0.202641794586968,0.156165787396778,-0.125880822344266,-0.0965180669232806,0.245373638143891,-0.161511031981865,-0.0760556170260149,0.622570334136377,-0.0682342256770111,-0.668418601629999,-0.128734356725452,0.216450967214475,-0.332216128670956,-0.535872531881503,0.036789060700948,0.111321797637117,0.133481724620658,-1.16188987630398,0.129752176272662,1.21016105171282,-0.816108056475647,-0.550315641590231,0.0310705080774434,-0.204874585914129,-0.263177579356949,0.258830271648694,0.646669739531853,-0.12420672328641,-0.516075924534425,-0.0263168306469766,-0.0122341761349944,-0.674551034188102,-0.319716952881286,-0.118968364496994,-0.016501398615713,0.0539001269881258,-0.114713175986727,-0.0616654745878638,0.0671294038677854,-0.104813253464655,-0.0917725713824266,-0.0325613371896014,0.0761610860445318,-0.0647228370694396,-0.0961984920589437,-0.12791945227547,-0.0483543018532864,-0.0988758415096042,-0.108166406779345,0.0399421618638031,0.28549748853154,0.107613391875541,0.780583896819679,-0.240176143675014,-0.894529077776835,0.525314286535395,-0.235287037536101,-0.00502062508239259,0.220954646353306,-0.64695373600436,0.0723400990835422,-0.0151874879279645,-0.00520648179284417,-0.0335627297498303,0.0267607032612817,-0.0811278547399367,-0.0563728654895229,-0.0144638301980673,-0.0604861703476293,-0.0240381032923871,-0.0278858333304561,0.0126323599266911,-0.635131021712257,0.283284078332942,0.769040216642335,0.332710171563133,0.0794842947331696,0.608045258029292,0.00522625860533656,0.0115283297579435,0.161970588868983,0.0158638702920359,0.394984220990327,-0.222094735705528,-0.179807232139893,-0.0107556157514064,-0.0379908600331666
6354.19384765625,-1.64057655467976,-0.653137775721146,-2.12993091808961,-0.641448069582378,5.29769678474325,-1.22336498088008,-1.16130519955612,1.41474243812483,-0.385364862662207,-0.3942707518041,-1.76012543922271,0.255706644807753,-0.599109564467246,2.40529343258813,-0.36345108198231,-0.372164226001052,-1.82446308056466,1.65351710382121,-0.610420556254294,4.74057812619317,-0.370058198510386,-0.377741395934447,-1.12622394967012,-0.331033960646115,-0.459133123814017,0.238259466784864,-0.137881893101475,-1.09542052868858,-0.27641660937413,-0.452454947197622,0.338323445464632,-0.11578375940243,-0.584867307644152,-0.491716543892917,-0.173272696819296,-0.289555223122662,-0.306650229859764,-0.44602634159486,7.64346754124059,-0.262904613448501,-0.266943615488728,-0.24109540919036,-0.244547150456313,-0.075079888588345,-0.0822923157224407,-0.33568831340359,-1.64057655467976,2.70349075853536,-3.71370992199641,4.57228518246426,-5.19242709304557,-0.653137775721136,1.17009421215561,-1.51513428694566,2.11685936676966,-2.7621644548966,-0.579477869256204,0.615836410572682,-1.30597281776727,1.75887499430651,0.577767893095068,-0.828052532888055,1.27962114155445,0.8894275417093,-1.17002503012963,-0.1735776336434,-1.22336498088006,1.69031923760021,-3.01432428949335,4.08690484923776,-4.91812967424296,0.432428679770751,-1.14493378134437,1.69132452695658,-2.18865589997094,0.53389452953691,-0.794290500624981,1.30628966299885,-0.615669955011722,0.678450128721428,-0.881336167188044,0.898566301455583,-1.3796293424127,2.58763382854325,-2.79576319277196,-0.569848453262451,0.731828479184444,-1.37842993593946,-0.628025108841282,0.677092654227259,0.630519255743461,-0.712590152275335,1.2479520750007,-2.33575995546955,0.664902903908877,-0.653496532618394,0.567728650830404,0.45674176658691,-0.798093291758647,-0.32823346406005,-0.137442150135106,-1.1613051995561,1.6350442854635,-2.87868371783723,3.87059926683332,-4.71586512539066,0.394476258205125,-1.1181161092136,1.62418271789572,-2.11221699088265,0.511835881553254,-0.763389934269042,1.3339720773039,-0.624690875163694,0.708484032240754,-0.878994165832681,0.222617296801082,-0.917412244932919,1.60475867629423,-1.55025349134135,-0.455147841297162,0.414720265952549,-0.688116201794039,-0.406359653734146,0.315584666668083,0.331003708567303,-0.175495796735344,0.226461631243701,-0.731092948107939,0.102057494385026,-0.316363761635275,0.102829042019407,0.120224914566218,-0.186498711941257,-0.14506186210939,-0.112198361511382,0.779709579104078,-1.20526509550886,2.25373103908127,-2.25852808347668,-0.534721111344871,0.709820957242741,-1.17621173324553,-0.538504902340956,0.584881370717717,0.563180997404081,-0.152107827777414,0.199891263095986,-0.66100194775932,0.111660534467679,-0.297178368670958,0.0974527705714007,-0.00743059980116474,-0.0862037061382949,-0.130153347919724,-0.0323747344339254,-0.633837067718457,1.10424862722386,-2.08470088937029,0.580493886993931,-0.582436608794637,0.520632586378139,0.131655715918693,-0.19520206004438,-0.0740234237696761,-0.0290016929591356,0.392960188314495,-0.687836858636398,-0.289047551402274,-0.123277902833135,-0.0351804705306662
7171,-1.45009749550884,-0.980624851645057,-2.12993091808961,1.55838986135719,-0.188690710103128,-0.715653408419831,-1.15816852799089,1.41474243812483,-0.385364862662207,-0.3942707518041,-1.76012543922271,0.363569969708919,0.601116829464476,-0.17876758579041,-0.36345108198231,-0.372164226001052,-1.82446308056466,1.42047399250815,1.20545426047895,-0.178560121049442,-0.370058198510386,-0.377741395934447,-1.12622394967012,0.483303899771031,0.637904153145041,-0.150662345400436,-0.137881893101475,-1.09542052868858,-0.27123246378558,-0.212085720093488,-0.132053130867325,-0.11578375940243,-0.584867307644152,-0.491716543892917,-0.173272696819296,-0.289555223122662,-0.306650229859764,2.24118191013093,-0.130781764013622,-0.262904613448501,-0.266943615488728,-0.24109540919036,-0.244547150456313,-0.075079888588345,-0.0822923157224407,-0.33568831340359,-1.45009749550884,1.93259848467256,-2.02689583195726,1.59245607131494,-0.749108939623212,-0.980624851645047,1.49563232045433,-1.6370974449369,1.71280115356866,-1.41120129716396,-0.310102765906546,0.180244205001795,-0.487121987666153,0.46888784635251,1.06566778859668,-1.30987209999355,1.67482614836926,0.682450040812758,-0.785078543404974,-0.809472178513938,-0.715653408419812,0.758065212832431,-1.15855344696377,1.2849203273287,-0.967182324493605,0.342708330367142,-0.915535004523719,1.06718819624603,-1.02145579446204,0.0930462656968992,-0.191981508514627,0.291064077217597,-0.664690910116426,0.646067540263729,-0.392162092579017,0.178495053560606,-0.264083611234131,0.271493215582999,-0.235914366380316,-0.157475707594912,0.126903668020786,-0.282218854276221,-0.131753346082443,-0.00910533796764617,0.192664848779472,0.233640706601787,-0.210980782212684,0.589755348898193,-0.160060576565382,0.500818731126346,0.0541137238935934,-0.645692617271366,0.741712110115288,0.537724865590888,0.976569937485756,-1.15816852799087,1.415555331442,-2.00239276136158,2.09842415815263,-1.6226345749947,0.755123403636615,-1.44399261978558,1.73779285415943,-1.71907797536721,0.217262187453294,-0.326438991570424,0.523491514667486,-1.15211358045568,1.16364021265101,-0.669131552529161,-0.0105139885150853,-0.528453584661647,0.669447501717059,-0.463766913974479,-0.412250182119193,0.306856417907868,-0.407244445881072,-0.19088804199051,0.0185573920320283,0.358700787051751,-0.0384536126504572,0.0057929773911774,-0.0820235716494447,-0.0287057518878925,-0.12716342939104,-0.011796998832344,-0.0414905503917904,0.0643306489163071,0.30202532842446,0.131480315053064,0.775023797901565,-1.06105032234032,1.5735668077738,-1.20181899615506,-0.82909503595074,0.961455236532996,-1.25606417479945,-0.301507433185153,0.233402066190324,1.06927990664953,-0.088665231761169,0.0857629819187215,-0.263289844285443,0.0867983143996376,-0.242034467194281,0.0173598021061325,-0.0363404737832123,-0.0390618658235982,-0.0719299535451099,-0.000542093454712108,-0.626908291897766,0.977148070610379,-1.46081685583547,0.820654393747562,-0.810694436071802,0.329527036632183,0.0766771238084172,-0.0936083867457285,-0.0425527707794571,-0.0045319753748616,0.382136794453904,-0.607255410244348,-0.389794257526584,-0.0732136166550703,-0.0201823527609387
5573.546875,-1.069139377167,-0.325650699797235,-2.12993091808961,1.55838986135719,-0.188690710103128,-1.32849940599973,-1.14967048411728,1.41474243812483,2.59397330965399,-0.3942707518041,-1.76012543922271,0.579296619511249,0.853796070292207,-0.17876758579041,1.47034650855087,-0.372164226001052,-1.82446308056466,1.88656021513426,1.60898199753078,-0.178560121049442,2.44362719972426,-0.377741395934447,-1.12622394967012,-0.499663055297737,-0.459133123814017,-0.150662345400436,-0.137881893101475,-1.09542052868858,-0.257187290185948,-0.196142932653489,-0.132053130867325,0.481048494796071,-0.584867307644152,-0.491716543892917,-0.173272696819296,-0.289555223122662,-0.306650229859764,2.24118191013093,-0.130781764013622,3.80223897600087,-0.266943615488728,4.14618499614443,-0.244547150456313,-0.075079888588345,-0.0822923157224407,-0.33568831340359,-1.06913937716701,0.644428975200017,0.0990627016715037,-0.815246104441951,0.980171520710378,-0.325650699797225,0.498213620627485,-0.0486854651180268,-0.150812979387166,0.321286644277872,-0.702807236973186,0.44257375369227,-0.363195194371598,-0.122282098813212,0.0274851773315261,-0.0873291336321503,0.0529185563766783,0.685654126037169,-0.574748304381199,0.365275385271113,-1.32849940599971,1.1260433783819,-0.650368276819275,-0.148530402419433,1.00450985819474,0.0943578250696166,-0.481213409188428,0.230636216561826,0.0856105182371971,0.737365594757455,-0.676298432868383,0.408986436228912,-0.0270904154181826,0.00245831330211183,-0.736790937153716,1.07641780061139,-1.08285016431672,0.658995858900061,0.167112117300692,-0.333197598858919,0.230098770230878,-0.18353642690519,-0.879510932426488,0.636817102956364,-0.0211479797679478,-0.990737241763597,1.14169313879247,-0.751192093606072,0.49530324325402,-0.212524788468055,0.867577649496993,0.871187253418242,-0.964439738932794,-0.314649026026515,-0.745409890281964,-1.14967048411727,0.977750258960211,-0.546553353220028,-0.121120262376054,0.860168801448507,0.0272662466050494,-0.434805567619759,0.199984940939214,0.0671677317582661,0.638608020039483,-0.583457408441231,0.398594898103863,-0.0260023459096268,0.00360276518563299,-0.667300505611462,0.264621471351427,-0.676967770380088,0.411468998735034,0.0895217985072445,-0.294722396326112,0.10384695307866,-0.032792479121652,-0.501553355332783,0.253929578857857,-0.0144754040999908,-0.207270347891371,0.165696529681032,-0.188694607051399,0.0259878835969385,-0.158590031172627,0.159030808034876,0.166095823054784,-0.166452505275835,-0.0509831191112553,-0.202018961573289,0.762369098451102,-0.774334054394907,0.451511904800267,0.111498529645776,-0.228323416994486,0.171792981681256,-0.120272051758358,-0.632608101634038,0.434165093713658,-0.0158623781173583,-0.161473938964805,0.127557536240792,-0.152640816074661,0.0195149785133156,-0.13899511264093,0.130912502743828,-0.00126042250367564,-0.0726866322113069,-0.0957261711529866,-0.0410035826238228,-0.608246655588413,0.725651155569005,-0.442254244316706,0.322238034966642,-0.0798895674943182,0.587159844779558,0.137147643735224,-0.128479572888871,0.041127827214344,-0.033556322128181,0.353110164591627,-0.450079238574402,-0.168172205060188,-0.120469292843676,0.0197852788514937
439.688110351562,-1.16437890675246,0.0018363761266763,-2.12993091808961,1.55838986135719,-0.188690710103128,-1.00930855986537,-1.14191296628626,-0.706578202000684,-0.385364862662207,-0.3942707518041,-1.76012543922271,-0.661131616852152,0.790626260085274,-0.17876758579041,-0.36345108198231,-0.372164226001052,-1.82446308056466,-0.676914009309313,1.8107458660567,-0.178560121049442,-0.370058198510386,-0.377741395934447,-1.12622394967012,-0.499663055297737,0.112240856037822,-0.150662345400436,-0.137881893101475,-1.09542052868858,-0.482991388339556,-0.181589411904306,-0.132053130867325,-0.11578375940243,-0.584867307644152,-0.491716543892917,-0.173272696819296,-0.289555223122662,-0.306650229859764,-0.44602634159486,-0.130781764013622,-0.262904613448501,-0.266943615488728,-0.24109540919036,-0.244547150456313,-0.075079888588345,-0.0822923157224407,-0.33568831340359,-1.16437890675247,0.934769472786523,-0.29210488612993,-0.553134661047583,1.07981072095586,0.00183637612668535,0.172837961898761,0.15072693803997,-0.121543866390747,0.0685838193162191,-0.680090869057492,0.477772983607318,-0.517955840999168,0.104882404287433,-0.479639853283965,0.386763156696684,-0.317301763492733,0.139167089991882,-0.106622329685759,0.523731327539782,-1.00930855986535,0.890268243674357,-0.734605585620665,0.237817798336255,0.539001485827087,-0.306530426707972,-0.117639821986524,0.0128330451412996,0.0536401874230869,0.513534033922452,-0.533829647923711,0.436253989195904,0.430051613189695,-0.361141432597765,-0.10835057579805,0.566935647921666,-0.632427809988374,0.47706477617763,-0.0671179727773039,0.0188251842437063,-0.090687999113401,0.015680371598781,-0.48391352513263,0.31776094979499,-0.42248301208856,-0.236369329839449,0.38312035283892,-0.237558222498277,0.111564218152487,0.151370366697399,0.300883254413063,-0.174295806983185,0.0717882786081876,-0.0512048700866599,0.645949263259654,-1.14191296628625,1.07542419428096,-0.86403578795831,0.28236548826586,0.587366510354965,-0.3326652513111,-0.108795511720399,0.00852746814039726,0.0393131378086329,0.609139184129764,-0.613725770172475,0.546433387702466,0.516447201243739,-0.440023960900342,-0.122655110000229,0.116989824049172,-0.576721842069941,0.450360558924467,-0.0579075385761773,-0.108601129459571,-0.0638163907510825,0.0637964048654764,-0.391355003590399,0.182563883695965,-0.278305504866222,-0.110622355766802,0.076740613033768,-0.137142123843938,-0.0843911520001801,-0.0593619075767693,0.067968219683942,0.0381071192426627,-0.0369558701450642,0.155081616905274,0.0268608835581738,0.750868509954965,-0.829319167285012,0.686282412558028,-0.12370212446144,0.0647533722198049,-0.0802450565680111,0.019687591741609,-0.604435997002053,0.453636364931267,-0.529609625152898,-0.120958485259318,0.097487831626511,-0.167352586297055,-0.0845817900073796,-0.0552932468245746,0.089599333572257,-0.0215660021520606,-0.0537221453486662,-0.0472549976548254,-0.0160355643864664,-0.591351478822202,0.762831530089031,-0.642098633322514,0.0840117234852017,0.149165324846343,0.55918583306996,0.101613132070205,-0.100862787145632,0.16618533489946,-0.0164746754127938,0.326989642530205,-0.452941206022453,-0.0695454939713885,-0.0868751263778165,0.0554275775986659
16969.94921875,-0.497702199654253,0.0018363761266763,-2.12993091808961,1.55838986135719,-0.188690710103128,0.337367112676445,-1.13639847147409,-0.706578202000684,-0.385364862662207,-0.3942707518041,-1.76012543922271,-0.661131616852152,1.2328149315338,-0.17876758579041,-0.36345108198231,-0.372164226001052,-1.82446308056466,-0.676914009309313,1.8107458660567,-0.178560121049442,-0.370058198510386,-0.377741395934447,-1.12622394967012,-0.499663055297737,2.52288466963256,-0.150662345400436,-0.137881893101475,-1.09542052868858,-0.482991388339556,-0.171243922996856,-0.132053130867325,-0.11578375940243,-0.584867307644152,-0.491716543892917,-0.173272696819296,-0.289555223122662,-0.306650229859764,-0.44602634159486,-0.130781764013622,-0.262904613448501,-0.266943615488728,-0.24109540919036,-0.244547150456313,-0.075079888588345,-0.0822923157224407,-0.33568831340359,-0.49770219965426,-0.653787693376182,0.919386075611619,-0.00141483486751773,-0.913890409064484,0.00183637612668535,0.173975108888731,0.14797745138455,-0.119491233297548,0.0695445266627795,-0.680090869057492,0.0835646090094529,0.39659823387862,-0.592770710531862,-0.479639853283965,0.128885565018769,0.287944238707398,0.139167089991882,-0.0305606638984577,0.523731327539782,0.337367112676459,-0.401582085276583,-0.0374403102026361,0.251722012383564,0.0433411873391736,-0.304248624683585,-0.119569573327579,0.0138637342830902,0.053661479622233,-0.315556346450869,0.120200631031059,0.100739802945957,-0.137113755205919,0.0274919630635858,0.0445225882989265,-0.581815192410011,0.239294978716907,0.310857753198586,-0.384866496445418,0.0167129727345236,-0.089200029135904,0.0154391819460923,0.349259092927227,-0.254865756330143,0.310925225493814,0.497719164321247,-0.122850491646359,-0.366058456733965,0.113165440431996,0.150358767296372,-0.227402097062003,-0.0820075742176321,-0.0763160847425091,-0.0510473183281046,-0.476433744087642,-1.13639847147408,0.332592028629245,0.896112604791793,-0.960558186465803,0.025018569910869,-0.332655569956887,-0.109931314551042,0.0111443923913677,0.0373802166297797,0.605618601591963,-0.224432978009726,-0.340403329495542,0.513970506857717,-0.197930055515823,-0.12199097365249,-0.488012581374211,-0.0485787298928559,0.10501704505457,-0.0626854701414825,-0.109652115698409,-0.0629329892864891,0.0633417228194036,0.00613798813598292,-0.134065112221318,0.0484706018762024,0.103684997978387,-0.0924703891868523,-0.0908007002705167,-0.0837349190956813,-0.0598184084589944,-0.120736307090439,-0.0849353172703226,0.0484375130952783,0.154230364049369,0.00668442285537317,0.742723037766086,-0.360739349932764,-0.637499335175644,0.59595299841595,0.0647358117303251,-0.0793703966604483,0.0177952013602979,-0.598228130429582,0.146491543276172,-0.524342886960951,0.0392969030795886,-0.0536340582162845,-0.0236136388744155,-0.0839997717980411,-0.0557302492334525,-0.0546681725942616,-0.0656710588117287,-0.0184091795403028,-0.0475398865069657,0.00760695980321456,-0.579422645015424,0.373913359131697,0.515662305137599,0.0840379260080088,0.148375188287044,0.550218320815678,-0.031698023030615,0.0286350564985441,0.165496711853444,0.0194764306625501,0.308639173645472,-0.250806513586325,-0.0695742467058046,0.0179990072961993,0.0802797664766713
5344.02099609375,-1.16437890675246,-0.653137775721146,-2.12993091808961,1.55838986135719,-0.188690710103128,-1.32849940599973,-1.12957129072135,1.41474243812483,2.59397330965399,-0.3942707518041,-1.76012543922271,0.525364957060667,0.790626260085274,-0.17876758579041,1.39061617852769,-0.372164226001052,-1.82446308056466,1.65351710382121,1.40721812900486,-0.178560121049442,2.18783761806657,-0.377741395934447,-1.12622394967012,-0.499663055297737,-0.459133123814017,-0.150662345400436,-0.137881893101475,-1.09542052868858,-0.2239682735914,-0.158435764651907,-0.132053130867325,0.568851066664782,-0.584867307644152,-0.491716543892917,-0.173272696819296,-0.289555223122662,-0.306650229859764,2.24118191013093,-0.130781764013622,3.80223897600087,-0.266943615488728,4.14618499614443,-0.244547150456313,-0.075079888588345,-0.0822923157224407,-0.33568831340359,-1.16437890675247,0.934769472786523,-0.29210488612993,-0.553134661047583,1.07981072095586,-0.653137775721136,0.881204726847779,-0.426326206637413,0.0549755539295017,0.412114806602166,-0.579477869256204,0.375915709900621,-0.438340233037284,0.0799969636812245,0.577767893095068,-0.606169694575598,0.46786304962623,0.8894275417093,-0.822799360492091,-0.1735776336434,-1.32849940599971,1.24773875128282,-1.02235195328186,0.322291536848704,0.695618685002282,0.495786912576048,-0.909794829667011,0.643910415277805,-0.138260527753262,0.589045570785157,-0.603372082670826,0.489465919091476,-0.669007101430994,0.518067132898882,-0.957612044483902,1.07641780061139,-1.17695039961523,1.00628551091706,-0.195162932856264,-0.686157168276603,0.608782461072455,-0.562261101708395,-0.737934951795638,0.563651211790467,0.767297055901994,-0.990737241763597,1.23298874373531,-1.1050704234947,0.880687724887195,-0.642856216602327,0.738283700339559,0.871187253418242,-1.04023298660909,-0.579877999919536,-0.745409890281964,-1.12957129072133,1.06145253534048,-0.852819320627741,0.279114624637506,0.581273202304273,0.374661119716838,-0.80618527498988,0.552921444430249,-0.125724797842042,0.494573437727892,-0.507261102546786,0.464261674202456,-0.607522531436565,0.483301761420611,-0.8545683479792,0.254103625487754,-0.716375667044867,0.586284795597014,-0.0886280242494322,-0.474601671354338,0.295122038713718,-0.211191779305703,-0.423986081673854,0.212890906284614,0.351489528939058,-0.20372710232136,0.180177189792372,-0.279579405501685,0.13280394988201,-0.271952693836859,0.12401002534354,0.163163343925659,-0.17867755743406,-0.250717573496299,-0.198680886273299,0.732672919045367,-0.809646560371568,0.66732130754182,-0.119462421296097,-0.498654944049737,0.447172147882245,-0.369621659295502,-0.507960439260308,0.363925187157322,0.526545669429245,-0.155204487551841,0.135138503049392,-0.22051949894199,0.115660539971427,-0.230580872073348,0.0998280750458536,-0.00290393427672596,-0.0747205405150308,-0.140552756498699,-0.0397322866170494,-0.564747585158357,0.732726063862678,-0.611192784669673,0.526517945742656,-0.313981123965898,0.476378249102259,0.12742466355439,-0.130060358753808,-0.0662501023353596,-0.0310527421973,0.28616974012418,-0.410641854812202,-0.22953513819505,-0.0989875134306052,0.110494961427932
2725.32202148438,-0.497702199654253,0.329323452050587,-2.12993091808961,1.55838986135719,-0.188690710103128,-1.27615747050743,-1.12304113666369,-0.706578202000684,-0.385364862662207,-0.3942707518041,-1.76012543922271,-0.661131616852152,1.2328149315338,-0.17876758579041,-0.36345108198231,-0.372164226001052,-1.82446308056466,-0.676914009309313,2.01250973458261,-0.178560121049442,-0.370058198510386,-0.377741395934447,-1.12622394967012,-0.499663055297737,-0.365437391754095,-0.150662345400436,-0.137881893101475,-1.09542052868858,-0.482991388339556,-0.146184844364824,-0.132053130867325,-0.11578375940243,-0.584867307644152,-0.491716543892917,-0.173272696819296,-0.289555223122662,-0.306650229859764,-0.44602634159486,-0.130781764013622,-0.262904613448501,-0.266943615488728,-0.24109540919036,-0.244547150456313,-0.075079888588345,-0.0822923157224407,-0.33568831340359,-0.49770219965426,-0.653787693376182,0.919386075611619,-0.00141483486751773,-0.913890409064484,0.329323452050596,0.0225829396246895,-0.053821096491359,0.158301958161227,0.0691051764890221,-0.511328765509124,0.0105368269560589,0.303197289281885,-0.461391917694331,-0.838066693341424,0.272749901218228,0.474089114220149,-0.586048574206498,0.265343271274377,0.164637934131594,-1.2761574705074,0.370814964590888,0.979902286381562,-1.09229873798296,0.0453662547855918,-0.69259564029436,0.0443229707257449,0.227506711458883,-0.238692821485497,0.482858935498163,-0.194096671681386,-0.292771093022778,0.944076906032334,-0.342207255713145,0.616280858599943,0.986640455923121,-0.477235056041272,-0.828637024499507,0.855828002932117,0.34311829358565,-0.227627917193982,-0.171713073427404,-0.610746802688605,0.142344185313141,-1.161160853849,-0.848508724325721,0.525429001695373,0.71672893065006,-0.219830358917141,0.297340147081417,0.589883119709018,0.655659461328166,-0.411691867268473,0.149824528718051,-0.422160820670161,-1.12304113666367,0.32612851166843,0.887622090399537,-0.949484211479054,0.0250017015182165,-0.684239975117453,0.0382387780374714,0.200402844898945,-0.220817642101928,0.419176014094292,-0.150375133760202,-0.24687462985019,0.884890040004168,-0.328173314107065,0.58443705100925,0.227532084302967,-0.360097086145159,-0.391100630063986,0.441909310996874,0.0664785717953805,-0.136765645149099,-0.0292132069250563,-0.37194445527883,0.016131485136042,-0.565870473359872,-0.186063744005703,0.0451234873973601,0.219230665843335,-0.183716717181316,-0.0179881464476333,0.0947462095410637,0.138688271896257,-0.0598862765147161,0.328912914678076,-0.151453452929235,0.723095578965417,-0.351668769988717,-0.6231941404368,0.58155863503671,0.342695923536754,-0.190591896614774,-0.116538867312315,-0.446518780322485,0.0861916089612253,-0.861038823065914,-0.147167833745513,0.0339923049701232,0.178856272818946,-0.179655198487103,-0.0199387235497249,0.0804348451206457,-0.00677173487239886,-0.0467369164548776,-0.00490565404951775,-0.0348783212495518,-0.550807443232572,0.360072208422711,0.492412222367764,-0.131662454855153,0.244874696323479,0.425956828051394,0.119458005263193,-0.0444508539812236,0.275223118452268,-0.0276063854102699,0.264934730066084,-0.231448420659462,0.00438653420519594,-0.0888232846975404,0.138827924481589
9772.283203125,-1.45009749550884,-0.325650699797235,-2.12993091808961,1.55838986135719,-0.188690710103128,-1.27593218899201,-1.11007003859165,1.41474243812483,-0.385364862662207,-0.3942707518041,-1.76012543922271,0.363569969708919,0.601116829464476,-0.17876758579041,-0.36345108198231,-0.372164226001052,-1.82446308056466,1.88656021513426,1.60898199753078,-0.178560121049442,-0.370058198510386,-0.377741395934447,-1.12622394967012,-0.415348500837776,-0.365034122056322,-0.150662345400436,-0.137881893101475,-1.09542052868858,-0.19173750664721,-0.121850366630708,-0.132053130867325,-0.11578375940243,-0.584867307644152,-0.491716543892917,-0.173272696819296,-0.289555223122662,-0.306650229859764,2.24118191013093,-0.130781764013622,-0.262904613448501,-0.266943615488728,-0.24109540919036,-0.244547150456313,-0.075079888588345,-0.0822923157224407,-0.33568831340359,-1.45009749550884,1.93259848467256,-2.02689583195726,1.59245607131494,-0.749108939623212,-0.325650699797225,0.613444515610626,-0.444063156328143,0.487944965618837,-0.422187147603618,-0.702807236973186,0.675359871924441,-1.12958344365184,1.14287200750086,0.0274851773315261,-0.0957733400073749,0.0810430931853368,0.685654126037169,-0.788887581062882,0.365275385271113,-1.27593218899199,1.53950737005173,-2.20279437385309,2.31380825072738,-1.75864381262376,0.0785628003721235,-0.590739407890676,0.637635144901159,-0.583060091212205,0.703921216419683,-0.892616417794706,1.18105408667718,-0.0258217562652135,0.00958600476459949,-0.707390636422251,0.986259333989143,-1.3392469414614,2.00621421007272,-1.64458923463998,-0.303800230316003,0.307708953423293,-0.530223516390262,-0.811936105175275,0.810867509475485,-0.0244464285150977,-0.847912733850224,1.30648646558415,-1.98169108321832,0.440057817974968,-0.270951718850685,0.761361104974308,0.654771725758572,-0.980939339188675,-0.249131766892319,-0.420859619434949,-1.11007003859164,1.34774308056659,-1.91201730136591,2.01051205481652,-1.55426749465018,0.0149374460476387,-0.535127507530719,0.559993216513737,-0.520690166602323,0.612481705512348,-0.78383457944446,1.10955282571377,-0.0249831679079909,0.0105126329370587,-0.643803087937658,0.220913274678938,-0.822008296740602,1.14376305328786,-0.823561010491452,-0.281257804440363,0.146868521515578,-0.203767390671245,-0.471877411254511,0.343787778178803,-0.015828222069345,-0.183898523223337,0.207028070455632,-0.542054994136233,0.0132966474161707,-0.178363597107795,0.137763763267932,0.136970037688462,-0.187539206842091,-0.0152499378997532,-0.14964429913469,0.704174783060069,-0.9656538228221,1.42092678963954,-1.08726883327355,-0.206075400746264,0.235122453400972,-0.366022548612235,-0.586775347730423,0.563760243002956,-0.0180185794510852,-0.143305451703126,0.160576168920053,-0.4386702672218,0.00781370643125383,-0.155927021318305,0.114010275619866,-0.00774535326483577,-0.0791320320538395,-0.0882979847710778,-0.0341664680890369,-0.523396611210968,0.831269201733134,-1.21220493784868,0.289186809178178,-0.117941124231475,0.521243161718562,0.113552650498307,-0.145557012575623,0.0627413369661123,-0.0261496747485818,0.223495042451827,-0.402525114082482,-0.132157651283096,-0.0760367031723427,0.193479340132069
0,-1.64057655467976,-0.980624851645057,-2.12993091808961,1.55838986135719,-0.188690710103128,-1.32849940599973,-1.09928459537615,1.41474243812483,2.59397330965399,-0.3942707518041,-1.76012543922271,0.255706644807753,0.47477720905061,-0.17876758579041,0.991964528411782,-0.372164226001052,-1.82446308056466,1.42047399250815,1.20545426047895,-0.178560121049442,1.93204803640887,-0.377741395934447,-1.12622394967012,-0.499663055297737,-0.459133123814017,-0.150662345400436,-0.137881893101475,-1.09542052868858,-0.173911825282909,-0.101616294979813,-0.132053130867325,0.701157358381437,-0.584867307644152,-0.491716543892917,-0.173272696819296,-0.289555223122662,-0.306650229859764,2.24118191013093,-0.130781764013622,3.80223897600087,-0.266943615488728,4.14618499614443,-0.244547150456313,-0.075079888588345,-0.0822923157224407,-0.33568831340359,-1.64057655467976,2.70349075853536,-3.71370992199641,4.57228518246426,-5.19242709304557,-0.980624851645047,1.66912846120903,-2.34959555747078,3.23895960164347,-4.18200102770335,-0.310102765906546,0.231600832630829,-0.689488631874897,0.911807829787981,1.06566778859668,-1.47357340389628,2.32739952518691,0.682450040812758,-0.891647841657185,-0.809472178513938,-1.32849940599971,1.8562156157874,-3.28843419802437,4.44064583979786,-5.34454853571778,0.89721600008248,-1.79151105705924,2.74865577904004,-3.6020193081407,0.265086058740566,-0.445486302053108,0.758443001532474,-1.23815287878259,1.38006797929271,-0.733318798038311,1.07641780061139,-1.64745157610778,3.12193456762418,-3.36404035174674,-1.03911673769429,1.38784459328284,-2.49105076704683,-0.428705729914102,0.405246824212798,1.46635999117585,-0.990737241763597,1.68946676844952,-3.26085695634923,1.26607220652037,-1.52817271706835,0.45588080181263,0.871187253418242,-1.41919922499056,-0.845106973812558,-0.745409890281964,-1.09928459537613,1.53611792897631,-2.71566467789448,3.66290248140493,-4.46275038433213,0.699919671287604,-1.54243137176773,2.30408201684473,-3.01829137595107,0.200120865938856,-0.355248573356371,0.687357269590803,-1.09335516554524,1.25093982776871,-0.634355311118255,0.23825469129992,-0.939853039365861,1.64959195413513,-1.59479659298014,-0.643018873166218,0.674317596292508,-1.0963533240553,-0.26541386346777,0.131018270344519,0.657235936088548,-0.198387922932508,0.2622952459445,-0.832381031723035,0.23281359796104,-0.496689846272884,0.0524163888429599,0.158744504809064,-0.248004336177086,-0.437724764334004,-0.193650870010528,0.688546556330418,-1.06639247245924,1.97898175786669,-1.98847001278656,-0.729539953310311,0.966780155290027,-1.5655461499553,-0.271455900086329,0.234998733386309,0.945047794071659,-0.145888538746022,0.190257282754994,-0.633076980711421,0.197776633086537,-0.40339239816706,0.0408489645820406,-0.00534607323450388,-0.089508435854076,-0.178838289397529,-0.0378432332157179,-0.500886346926528,0.892269538133942,-1.63801057596637,0.672834612671257,-0.718610676675717,0.286329511625732,0.113150299814825,-0.165708039049037,-0.143160165070963,-0.0273772219432408,0.189782430729028,-0.391189778232694,-0.228850073523778,-0.0680559659371635,0.237295170293932
0,-1.5453370250943,-0.653137775721146,-2.12993091808961,1.55838986135719,-0.188690710103128,-1.203409946423,-1.09302581858682,1.41474243812483,-0.385364862662207,-0.3942707518041,-1.76012543922271,0.309638307258336,0.537947019257543,-0.17876758579041,-0.36345108198231,-0.372164226001052,-1.82446308056466,1.65351710382121,1.40721812900486,-0.178560121049442,-0.370058198510386,-0.377741395934447,-1.12622394967012,-0.299027323520274,-0.235214226322252,-0.150662345400436,-0.137881893101475,-1.09542052868858,-0.163567608680246,-0.0898744930462364,-0.132053130867325,-0.11578375940243,-0.584867307644152,-0.491716543892917,-0.173272696819296,-0.289555223122662,-0.306650229859764,2.24118191013093,-0.130781764013622,-0.262904613448501,-0.266943615488728,-0.24109540919036,-0.244547150456313,-0.075079888588345,-0.0822923157224407,-0.33568831340359,-1.5453370250943,2.30747732834342,-2.81310442164129,2.89747837926436,-2.53328379623812,-0.653137775721136,1.11231631509405,-1.27135216809078,1.57414801245732,-1.72492171874411,-0.579477869256204,0.56785227043827,-1.1117114840039,1.31697513358118,0.577767893095068,-0.783675965225564,1.09787000356526,0.8894275417093,-1.10057989620212,-0.1735776336434,-1.20340994642298,1.54859455971878,-2.50269857292193,3.03783276770876,-3.04932109107026,0.42040297346827,-1.06963676031857,1.42230272093398,-1.61727914421995,0.523426588829574,-0.733153934231541,1.09649356006502,-0.605546300524362,0.627091722457877,-0.866858627999998,0.865922741749147,-1.25477340413649,2.10850701273528,-2.02048114532576,-0.548500696842263,0.656028665792504,-1.13114199162758,-0.607851826424008,0.607209530014371,0.605414523384255,-0.663158435620308,1.10837751781736,-1.84826993758714,0.626554078657172,-0.554246080303096,0.53741796558494,0.386235874307751,-0.658827610049718,-0.285423436923312,-0.0400709907477671,-1.0930258185868,1.42492395172906,-2.27837294831802,2.75427434601931,-2.80324047507476,0.351841567444346,-1.00384840753363,1.30674307074263,-1.4947646108725,0.474693625156477,-0.669563836545443,1.07625664380112,-0.58775108662204,0.625994397608353,-0.826439035250181,0.181123015163413,-0.81470057398166,1.26819574555406,-1.07414734430833,-0.429510596912252,0.353616292279911,-0.530512669276981,-0.383130652586549,0.263117360289997,0.304006454980094,-0.159604299678532,0.187500636693373,-0.560316159536505,0.0847502109670128,-0.278979722502215,0.090906195124131,0.105103015674721,-0.152458401144409,-0.107852420386979,-0.0915618100328959,0.679520976223685,-0.99255073716271,1.6517909668788,-1.47356650807989,-0.457899778621849,0.56860115080948,-0.870162874808353,-0.473444860280951,0.466078663983178,0.485147346177946,-0.13047505604784,0.154694944583589,-0.478398113781295,0.0837171334217442,-0.250694455611685,0.0808592720190495,-0.0131997988618377,-0.074273093403829,-0.116899384736126,-0.0278383710446531,-0.487940650487602,0.826464922689922,-1.35437352642456,0.466512769269191,-0.381715127968493,0.427180601846914,0.0999872408152749,-0.135587675200158,-0.0158418615676934,-0.0211404007369802,0.170526753180565,-0.348622134861705,-0.165089362939562,-0.056723961367705,0.26205310474535
1720.90698242188,-1.45009749550884,0.0018363761266763,-2.12993091808961,1.55838986135719,-0.188690710103128,-0.715116102509296,-1.08350915997822,-0.706578202000684,-0.385364862662207,-0.3942707518041,-1.76012543922271,-0.661131616852152,0.601116829464476,-0.17876758579041,-0.36345108198231,-0.372164226001052,-1.82446308056466,-0.676914009309313,1.8107458660567,-0.178560121049442,-0.370058198510386,-0.377741395934447,-1.12622394967012,-0.499663055297737,0.638865968373198,-0.150662345400436,-0.137881893101475,-1.09542052868858,-0.482991388339556,-0.0720207295693117,-0.132053130867325,-0.11578375940243,-0.584867307644152,-0.491716543892917,-0.173272696819296,-0.289555223122662,-0.306650229859764,-0.44602634159486,-0.130781764013622,-0.262904613448501,-0.266943615488728,-0.24109540919036,-0.244547150456313,-0.075079888588345,-0.0822923157224407,-0.33568831340359,-1.45009749550884,1.93259848467256,-2.02689583195726,1.59245607131494,-0.749108939623212,0.00183637612668535,0.172350613188774,0.152453987976234,-0.124483128356076,0.0723199271765515,-0.680090869057492,0.646719429863546,-1.09241964267402,1.10388474531764,-0.479639853283965,0.497282124558647,-0.697478211144398,0.139167089991882,-0.139220186451746,0.523731327539782,-0.715116102509277,0.757315811812127,-1.1575520225988,1.28393362645461,-0.966423314960709,-0.306031948151893,-0.117838424818395,0.0122077611297128,0.0552421554643127,0.332412371635399,-0.466519283750811,0.639799023111922,0.306149639717023,-0.321144728724173,-0.0749541666057758,0.177854832490473,-0.263231453947006,0.270118303423123,-0.234797873173723,0.0181097802174349,-0.0900578066936218,0.015380063302572,-0.201718752995555,0.0752392490747786,-0.174078340593292,0.234318046745452,-0.211931120351501,0.591365758361668,0.112590899703917,0.150180666301772,-0.037845997103579,-0.646195991818835,0.742378901864241,-0.0520104842127022,0.976581584371357,-1.0835091599782,1.31029589695432,-1.86211029487651,1.96196535959746,-1.51651392390676,-0.332562716454236,-0.108436388950722,0.00704356746918809,0.0419251519083697,0.571852827422103,-0.736813952350903,1.04930526082414,0.490216624530499,-0.516570198925213,-0.115621267021558,-0.0317895162032917,-0.501466568012692,0.625842813526407,-0.430690390677903,-0.108859583042279,-0.0636905146054171,0.0640274462123307,-0.293605400392303,0.137447320944623,-0.197946264744881,-0.0361575159317243,0.00261613720433784,-0.074761188692726,-0.0841631323952807,-0.0595618820947766,0.00239953005737867,-0.0390298263585331,0.060857712880486,0.154547955128901,0.122394277435662,0.665858468382581,-0.914061823937596,1.33837655262786,-1.02531821762781,0.0645701025570906,-0.080403238806105,0.020619782172917,-0.539647733883059,0.509183503754301,-0.474643427704015,-0.0761931377832056,0.0686862369849942,-0.223257774153207,-0.0844192104670064,-0.0553765330132992,0.0493000019242082,-0.0373642409395286,-0.0376272672140805,-0.0473570435981904,-0.00162470467846395,-0.468420528084489,0.753791483580164,-1.08016467554408,0.084281749968308,0.149146958846043,0.466772372959168,0.0575513428701995,-0.0666648247996312,0.165957732314599,-0.00300334589426973,0.141678192991223,-0.296938863239256,-0.0698358522682978,-0.0316268111095517,0.298768785325633
0,-1.35485796592338,-1.96308607941679,-2.12993091808961,1.55838986135719,-0.188690710103128,-0.890752081872056,-1.08088517788083,1.41474243812483,-0.385364862662207,-0.3942707518041,-1.76012543922271,0.417501632159501,0.664286639671409,-0.17876758579041,-0.36345108198231,-0.372164226001052,-1.82446308056466,0.721344658568998,0.600162654901201,-0.178560121049442,-0.370058198510386,-0.377741395934447,-1.12622394967012,0.202456491842133,0.324465258738084,-0.150662345400436,-0.137881893101475,-1.09542052868858,-0.143502119626231,-0.0670979980033997,-0.132053130867325,-0.11578375940243,-0.584867307644152,-0.491716543892917,-0.173272696819296,-0.289555223122662,-0.306650229859764,2.24118191013093,-0.130781764013622,-0.262904613448501,-0.266943615488728,-0.24109540919036,-0.244547150456313,-0.075079888588345,-0.0822923157224407,-0.33568831340359,-1.35485796592338,1.5788542275228,-1.34882948886414,0.610994814257264,0.344136193193809,-1.96308607941678,2.6452554373952,-2.77213950323924,2.32196476447983,-1.06778629781353,1.37429695793848,-1.82962088647051,1.85700518457388,-1.63293390257269,1.0996654994301,-1.26516868425269,1.41801449317562,-1.64414548287575,1.85242121838502,-0.264548387035116,-0.890752081872036,0.920685875110272,-1.18102095230889,1.05924960451806,-0.439019011781584,1.30860740020039,-1.97291514291145,2.15767797295566,-1.72872964482935,-1.21603145531557,1.22597040616257,-1.3206226673791,-0.855128216475227,0.779514595951006,1.20084229369557,0.400851141554219,-0.525005238345921,0.591445057985504,-0.389828404382573,-0.770119586082962,0.819972485308011,-1.07615101921303,0.514774173574949,-0.741990448244101,0.526214918862906,-0.022096728520962,0.145793939883042,-0.008656726443627,0.16360371551515,0.0889285508834734,0.0986467509343222,-0.414384502743612,0.399259922336056,0.705330054630389,0.865691902639372,-1.08088517788081,1.20650975401816,-1.48543383049353,1.29626662940824,-0.565891307350536,1.69789851606289,-2.43802084351588,2.64712197914734,-2.14675022503637,-1.51433173898373,1.57157726410836,-1.66575654639422,-1.10940465077403,1.04516115012803,1.55279444962961,0.0422503830379873,-0.563787775503969,0.635315869552556,-0.348554486432904,-0.813662470891864,0.74062845092934,-0.830535046309838,0.41043082008298,-0.63916115179984,0.436540205649766,-0.0755557988676574,0.0506788594002721,-0.158294008573453,0.148208831781646,-0.324223081457133,-0.151649544050944,0.00187577687253538,0.00345173455174326,0.128793844360935,0.0743048535111839,0.662104348975602,-0.850454537996913,1.06918736659448,-0.661128051697713,-1.46275985967821,1.58336198627066,-1.76230614132113,0.987504910250193,-1.18179872526681,0.937406195652352,-0.0942467434792797,0.0849769320241616,-0.226141052070856,0.279730864501135,-0.426311905655922,-0.189319587334641,-0.0298072819493406,-0.0469609013865372,-0.141621279518648,-0.00899867750322374,-0.46307311897651,0.703393367011055,-0.863743827764195,1.17266827328569,-1.17644668058829,-0.588819637515383,0.0705922010717989,-0.0786149529078337,-0.217561406630741,-0.00847387653031517,0.133814817081435,-0.275449042634291,-0.294195019799045,-0.0359457301217298,0.30869660311556
18859.890625,-0.116744081312418,-0.325650699797235,-2.12993091808961,1.55838986135719,-0.188690710103128,-0.561582255151173,-1.07733922379598,1.41474243812483,-0.385364862662207,-0.3942707518041,-1.76012543922271,1.11861324401708,1.48549417236153,-0.17876758579041,-0.36345108198231,-0.372164226001052,-1.82446308056466,1.88656021513426,1.60898199753078,-0.178560121049442,-0.370058198510386,-0.377741395934447,-1.12622394967012,0.730424470012957,0.913702313053485,-0.150662345400436,-0.137881893101475,-1.09542052868858,-0.137641530832068,-0.0604455973936255,-0.132053130867325,-0.11578375940243,-0.584867307644152,-0.491716543892917,-0.173272696819296,-0.289555223122662,-0.306650229859764,2.24118191013093,-0.130781764013622,-0.262904613448501,-0.266943615488728,-0.24109540919036,-0.244547150456313,-0.075079888588345,-0.0822923157224407,-0.33568831340359,-0.116744081312427,-1.09657374200524,0.470960688052502,0.997720460014642,-0.7567879467004,-0.325650699797225,0.210136383169631,0.48568026055499,-0.262552126588274,-0.238538877251664,-0.702807236973186,-0.13939154188816,0.672603289150513,-0.343597922784977,0.0274851773315261,-0.0662186176940886,0.0149073360800088,0.685654126037169,-0.0394001126769917,0.365275385271113,-0.561582255151155,-0.177025345828123,0.769163009815568,-0.268919438446305,-0.453262883478843,-0.136080003450096,-0.136032435095926,-0.141521732540181,0.118303263399702,0.249436638142965,0.00544703063189443,-0.296988674150915,-0.00858160862991246,-0.0200052433986206,-0.307862107465944,0.00546575373579701,-0.0270859736760743,-0.118495603564779,0.0775811885657048,0.0160005762354275,-0.0894764333114688,0.0165397166440768,-0.0768198233909656,-0.079869700269897,-0.0603287752008962,0.40207501076585,0.071410694398073,-0.508153278232694,-0.0434453675343588,0.16694032147195,-0.168236909179898,-0.743672343094059,-0.034292092800133,0.174230749811102,0.913898905943164,-1.07733922379597,-0.0950196896331628,1.32236456478314,-0.475954057412471,-0.935838124788736,0.00474736655885544,-0.143928674782187,-0.292760340079924,0.165023186160525,0.590887616084043,-0.0024769275142041,-0.574497076723278,-0.0241407903545923,-0.0164319437049361,-0.62438185123566,-0.0986818427785065,-0.138661267519605,-0.276829722693056,0.129897340790306,-0.182804467243976,-0.0558242135529789,0.127910468395419,-0.254886376268035,-0.0795720585366899,-0.0257200513080118,-0.00556166812779208,-0.0409426222114769,0.0267921650061125,-0.0835428240371831,-0.059731077014191,-0.0245127356697006,-0.0654321900780195,0.0153379674766034,0.233068704548061,0.141653919431381,0.657040080998285,-0.0887236581034452,-0.899374276582266,0.298090762643486,-0.188055537289166,-0.0551534784761357,0.222182923360821,-0.549652938343839,-0.0302499659120256,-0.019765002736032,-0.0591598763910065,-0.0284577813790291,0.12641565933361,-0.0463795930464325,-0.0589906758772742,0.0357292605349356,-0.0432684995153685,-0.0291157572021957,-0.0476078739681743,0.00304878418780917,-0.455870673327479,0.145369917730324,0.666132507304177,0.262883758473372,0.129171338733897,0.46878489986943,0.0442651914435218,0.00784734341804603,0.126210105823938,0.00131796031577879,0.123250725202986,-0.126905732429853,-0.104304000452815,-0.0238725908115901,0.32197929460682
1324.5419921875,0.168974507443958,-0.325650699797235,-2.12993091808961,-0.641448069582378,5.29769678474325,-0.931790902404818,-1.06551760003436,1.41474243812483,-0.385364862662207,-0.3942707518041,-1.76012543922271,1.28040823136882,-0.599109564467246,5.29336162959945,-0.36345108198231,-0.372164226001052,-1.82446308056466,1.88656021513426,-0.610420556254294,5.23249195091743,-0.370058198510386,-0.377741395934447,-1.12622394967012,0.13663277002947,-0.459133123814017,1.31687400106133,-0.137881893101475,-1.09542052868858,-0.118103298218654,-0.452454947197622,0.698807303474962,-0.11578375940243,-0.584867307644152,-0.491716543892917,-0.173272696819296,-0.289555223122662,-0.306650229859764,-0.44602634159486,7.64346754124059,-0.262904613448501,-0.266943615488728,-0.24109540919036,-0.244547150456313,-0.075079888588345,-0.0822923157224407,-0.33568831340359,0.168974507443948,-1.20675012000561,-0.103307646316535,1.27402702557017,0.130240118608541,-0.325650699797225,0.123713211932275,0.519496681173048,-0.0900095038883528,-0.323859517023374,-0.702807236973186,-0.313981130562288,0.738152023868134,-0.00185186807100614,0.0274851773315261,-0.0598854629126701,0.0125018610429658,0.685654126037169,0.12120434483427,0.365275385271113,-0.931790902404798,-0.391521943240247,1.25967588122702,0.057918100243823,-1.00930058996955,-0.0248423336731729,-0.0792126042929647,-0.270119295659322,0.0295475368437418,0.484971231135531,0.117668342911961,-0.540935307661431,-0.0175162377691657,-0.0237029428280981,-0.514915974537638,0.456922844153082,0.0443687869757776,-0.724557488117935,0.0347529507974867,-0.13120301945034,-0.111105476881822,0.172500946403664,-0.415192203037856,-0.128375497720555,-0.0438122113099188,-0.092410919657189,0.101719043625105,0.171455003550181,0.14782492577761,0.156194596236736,0.199505207435523,-0.339404039605567,-0.165989306071957,0.0518432691814804,0.804484451319057,-1.06551760003434,-0.392352595732447,1.42389805837059,0.0808405377637699,-1.18809504383128,0.00106694226849087,-0.0633081540657661,-0.319529921209555,0.0114713292577716,0.583088323512506,0.158549781900519,-0.627362655695136,-0.0238365427957192,-0.0219848380837327,-0.617367343509234,0.0540827218381985,-0.0565195201218456,-0.50017704423013,0.0128198688702969,-0.229864576645899,-0.0801888990369307,0.180057264217704,-0.358606799937684,-0.13046203870604,-0.0209918157863633,-0.0843316089377463,-0.0539051121924281,0.182535824970622,-0.0407696158275779,-0.053529647173477,0.0471634762345391,0.0128589681629872,0.0104745205552204,0.137016628715656,0.0578603439580026,0.640230657305035,0.0829527493496515,-0.957460977602647,-0.00150372252364016,-0.18162919944263,-0.111980727850947,0.236908131173911,-0.536414150771247,-0.14653920165716,-0.0203878213316805,-0.0953258266988342,-0.0500469943272993,0.209629732626358,-0.023087195690336,-0.0479197576594495,0.0693746101698575,-0.0284123506172431,-0.0266389518727387,-0.064624901134232,-0.0109230049211192,-0.432056593674144,0.022694587551326,0.692837826943049,0.253607575657656,0.173368210917099,0.450284672174612,0.0689270292162171,0.0238518792155149,0.103619344053229,-0.00910444179120573,0.0885459307895961,-0.100784881289604,-0.0946610076901663,-0.0270831000175697,0.365162828663175
284.658386230469,-0.878660317996087,-0.325650699797235,-2.12993091808961,1.55838986135719,-0.188690710103128,-0.220081435699364,-1.06488002354281,1.41474243812483,-0.385364862662207,-0.3942707518041,-1.76012543922271,0.687159944412415,0.980135690706072,-0.17876758579041,-0.36345108198231,-0.372164226001052,-1.82446308056466,1.88656021513426,1.60898199753078,-0.178560121049442,-0.370058198510386,-0.377741395934447,-1.12622394967012,1.27817059542723,1.52501270837324,-0.150662345400436,-0.137881893101475,-1.09542052868858,-0.117049541302349,-0.0370714675040811,-0.132053130867325,-0.11578375940243,-0.584867307644152,-0.491716543892917,-0.173272696819296,-0.289555223122662,-0.306650229859764,2.24118191013093,-0.130781764013622,-0.262904613448501,-0.266943615488728,-0.24109540919036,-0.244547150456313,-0.075079888588345,-0.0822923157224407,-0.33568831340359,-0.878660317996093,0.127151739590268,0.638281770543895,-0.878664970227119,0.345726682405881,-0.325650699797225,0.440598173135914,0.110082365999694,-0.312824824346849,0.340869741015034,-0.702807236973186,0.326180694576184,-0.055444395989633,-0.44317039855927,0.0274851773315261,-0.083107030444538,0.0416248698344899,0.685654126037169,-0.467678666040357,0.365275385271113,-0.220081435699348,-0.0540894499488555,0.148285489790081,-0.156566002054056,0.215304393032292,-0.238691748649828,-0.168597971741943,0.0212534783140932,0.0877926589017675,0.0321665740509725,-0.0588711344501838,0.0117921747526997,-0.000339815265041416,-0.0178859557383988,-0.116864231537877,-0.302559118686938,0.217518849339466,-0.154585321641062,-0.0907901023888023,0.11643618737926,-0.163517243556412,0.0258268817938928,0.154048428065164,-0.245915347787413,-0.0715978694146516,0.603082648206955,-0.395882786190836,0.128601165697163,-0.121196396240908,0.332617683475447,-0.317723415267582,-0.683984807915166,0.435395740544289,0.156161049583553,0.456086472926053,-1.06488002354279,0.692403415067,0.042123530300731,-0.631333650535848,0.858748159522564,0.000868445678362008,-0.357435015395122,0.0447786830261709,0.207873503415018,0.582667683700699,-0.42892199587355,0.0920877232289241,-0.0238201337900647,-0.00172628132404888,-0.616989029555386,-0.244682836565621,-0.185277141872315,0.0127600091211936,0.0890038972875327,-0.137827919458497,-0.0419971261930847,0.0602974945158936,-0.155758119857364,-0.0506917267134713,-0.0302389466863496,0.0481685216859195,-0.08528663659722,0.0360419395784028,-0.112719088135036,-0.0385163031186729,-0.073404183741678,-0.0962162672015326,0.0889682739643961,0.270836373040026,0.127770699065288,0.639327309477022,-0.539109100970219,-0.00555317399638098,0.37676699293576,-0.181283844453566,0.0939302905535002,-0.00440425153631345,-0.535702690924826,0.27482968783143,-0.0204212919512503,-0.022882855445952,-0.0163705583615353,0.0149019310620471,-0.0697435245774881,-0.0651889869425233,0.00198058137619762,-0.0533986026519932,-0.0206503497519878,-0.036004312274426,0.008293991882317,-0.430780857394648,0.461507644697986,-0.0231954567718603,0.253110644299169,0.0152747737872956,0.449293602522003,0.0171427665260584,-0.000883658613264648,0.151054817138709,0.00842013587091637,0.0866965882536065,-0.181894244481553,-0.0941471537114398,-0.0117620816219287,0.367444152171624
11195.9296875,-1.45009749550884,-0.325650699797235,-2.12993091808961,1.55838986135719,-0.188690710103128,-1.07314671130065,-1.0495350692648,1.41474243812483,-0.385364862662207,-0.3942707518041,-1.76012543922271,0.363569969708919,0.601116829464476,-0.17876758579041,-0.36345108198231,-0.372164226001052,-1.82446308056466,1.88656021513426,1.60898199753078,-0.178560121049442,-0.370058198510386,-0.377741395934447,-1.12622394967012,-0.0900931767831424,-0.00203390808435978,-0.150662345400436,-0.137881893101475,-1.09542052868858,-0.0916881110816381,-0.00828350783131686,-0.132053130867325,-0.11578375940243,-0.584867307644152,-0.491716543892917,-0.173272696819296,-0.289555223122662,-0.306650229859764,2.24118191013093,-0.130781764013622,-0.262904613448501,-0.266943615488728,-0.24109540919036,-0.244547150456313,-0.075079888588345,-0.0822923157224407,-0.33568831340359,-1.45009749550884,1.93259848467256,-2.02689583195726,1.59245607131494,-0.749108939623212,-0.325650699797225,0.613444515610626,-0.444063156328143,0.487944965618837,-0.422187147603618,-0.702807236973186,0.675359871924441,-1.12958344365184,1.14287200750086,0.0274851773315261,-0.0957733400073749,0.0810430931853368,0.685654126037169,-0.788887581062882,0.365275385271113,-1.07314671130063,1.25667473987779,-1.82484521260186,1.94141590557344,-1.47218481844076,0.0176312576587755,-0.515817463272772,0.53854836460939,-0.481933539805413,0.574904794714894,-0.74464274689885,0.993088732658933,-0.0209277240716402,0.00471026282813229,-0.593974816307147,0.661560088064393,-0.907060558590487,1.30890360542229,-1.07834029474578,-0.197927717665019,0.176888025323436,-0.350780752874675,-0.568570215381507,0.517485445674171,-0.0363255549138244,-0.366104233177057,0.630487858269775,-0.836167705749675,0.253691234874988,-0.0312786426572461,0.403047011610171,-0.0140422462798094,-0.0949993559652099,-0.0466561922768147,0.4690666345996,-1.04953506926479,1.26239710446628,-1.79827410969668,1.89986915219358,-1.46822323082165,-0.00390889655466114,-0.51198631833466,0.530004515349723,-0.490177256997864,0.572543880886102,-0.737613722582319,1.05033000702368,-0.0234252079343409,0.00891873874903353,-0.607883909775297,0.106654883229883,-0.677076845097795,0.909587825988407,-0.645926387182486,-0.246059770032505,0.103879306556342,-0.149092511740159,-0.394300986390256,0.253997154851758,-0.0193646481145561,-0.118309743420419,0.116280555429931,-0.334602567282219,-0.0223190012167608,-0.134948763346841,0.0780816658668849,0.0549432748859518,-0.07177096278528,0.0853851915070656,-0.00827204758169388,0.617685777845679,-0.849198451315185,1.23459133594448,-0.947431608198053,-0.173010164384727,0.196574125556519,-0.318785776159906,-0.5186582255558,0.484876333723489,-0.021223148611198,-0.10586296742363,0.109310057964204,-0.318489954336867,-0.0163008326424964,-0.129637831290948,0.0791773605696274,-0.0224430355047974,-0.0585362604718995,-0.0714624737869983,-0.0181379671086107,-0.400342626151854,0.657849390247547,-0.916656773250428,0.241254187879041,-0.0554622767640995,0.425647330366347,0.0734765353459639,-0.0890995379943681,0.0994519008116194,-0.0127100676973803,0.042873985733709,-0.169430093583179,-0.0819707081775407,-0.0182671673593286,0.420896141747137
0,-1.069139377167,-1.30811192756897,-2.12993091808961,1.55838986135719,-0.188690710103128,-0.765597380547848,-1.04107723236298,1.41474243812483,-0.385364862662207,-0.3942707518041,-1.76012543922271,0.579296619511249,0.853796070292207,-0.17876758579041,-0.36345108198231,-0.372164226001052,-1.82446308056466,1.1874308811951,1.00369039195303,-0.178560121049442,-0.370058198510386,-0.377741395934447,-1.12622394967012,0.403196867334524,0.548500943529242,-0.150662345400436,-0.137881893101475,-1.09542052868858,-0.077709389704075,0.00758384916676996,-0.132053130867325,-0.11578375940243,-0.584867307644152,-0.491716543892917,-0.173272696819296,-0.289555223122662,-0.306650229859764,2.24118191013093,-0.130781764013622,-0.262904613448501,-0.266943615488728,-0.24109540919036,-0.244547150456313,-0.075079888588345,-0.0822923157224407,-0.33568831340359,-1.06913937716701,0.644428975200017,0.0990627016715037,-0.815246104441951,0.980171520710378,-1.30811192756896,1.47385324810367,-0.64541510406076,-0.240608587941109,1.08076435973026,0.105318073075787,-0.308628106375175,0.07765736362664,-0.0544958982938283,1.38564435842638,-1.25835924254503,0.748166243799118,0.0926320231765849,-0.054968728585281,-1.20769456413253,-0.765597380547829,0.5471979653025,-0.300533668011437,-0.0980089945169114,0.597429924401276,0.619236510652702,-0.95705557869082,0.515256537723172,0.128186110570787,-0.180845902502686,0.100161954942808,-0.0370896744036282,-0.926530047455345,0.663125948432962,-0.0516236181601526,0.23912997520712,-0.261172090151769,0.0594075020913539,0.0957480429968857,-0.295422359081446,0.195684516362899,-0.16218713953814,-0.0458648394780092,-0.104139365608767,0.380523951728909,0.167856419638999,-0.0568112094879828,0.167339441514156,-0.148730318515536,0.398131494474827,0.149487093580167,-0.59360944761369,0.466144516004359,0.670966012981105,0.967398053467002,-1.04107723236297,0.864870341332974,-0.47851475673087,-0.111419657611621,0.781148313729837,0.971296371996782,-1.28944232478425,0.700883581190586,0.141867823048957,-0.222811395588398,0.151573100377354,-0.0273493409342943,-1.34719857977109,1.00017237889887,-0.068585490887154,-0.0230405257613239,-0.407941834764137,0.214875677121266,0.0676642856091628,-0.497891897305385,0.286798775327839,-0.138027758156675,-0.0611372834392244,-0.121909129731586,0.45679531048773,-0.0453689874640781,0.000541117284092862,-0.017939818813377,0.00486650322279144,-0.139607387094595,-0.0309498129330061,-0.0273761669637148,0.0348685022457905,0.281631847010649,0.106730442106267,0.605839403586559,-0.618940684631431,0.339060533366951,0.099129450387999,-0.86724704349237,0.720979646315352,-0.42463442156557,0.0393217651019607,-0.139545939144139,1.08755971552001,-0.0742325828991695,0.0394880937083007,-0.059267129420464,0.106547732915687,-0.208950004800117,-0.029096988906599,-0.0360044011643194,-0.0367906463738041,-0.0816694623917552,-0.00397226256654558,-0.383783263855502,0.492420479702922,-0.262486599178883,0.685812614533938,-0.429297260688885,0.0699585592975186,0.0506275384059148,-0.0386146938476572,-0.0162376524409352,-0.00345586471389613,0.0192801371085055,-0.132445125638898,-0.0915770059525009,-0.0107186773458117,0.449177523405165
0,-1.64057655467976,-0.325650699797235,-2.12993091808961,1.55838986135719,-0.188690710103128,-1.03111890985236,-1.01276051150936,1.41474243812483,-0.385364862662207,-0.3942707518041,-1.76012543922271,0.255706644807753,0.47477720905061,-0.17876758579041,-0.36345108198231,-0.372164226001052,-1.82446308056466,1.88656021513426,1.60898199753078,-0.178560121049442,-0.370058198510386,-0.377741395934447,-1.12622394967012,-0.0226831909449388,0.073198801339344,-0.150662345400436,-0.137881893101475,-1.09542052868858,-0.0309088240590076,0.0607075407223234,-0.132053130867325,-0.11578375940243,-0.584867307644152,-0.491716543892917,-0.173272696819296,-0.289555223122662,-0.306650229859764,2.24118191013093,-0.130781764013622,-0.262904613448501,-0.266943615488728,-0.24109540919036,-0.244547150456313,-0.075079888588345,-0.0822923157224407,-0.33568831340359,-1.64057655467976,2.70349075853536,-3.71370992199641,4.57228518246426,-5.19242709304557,-0.325650699797225,0.671059963102197,-0.680673016420539,0.994759131895854,-1.34232788208984,-0.702807236973186,0.791752931040527,-1.58822089455013,2.14669204389584,0.0274851773315261,-0.0999954431949873,0.0978739434518069,0.685654126037169,-0.895957219403723,0.365275385271113,-1.03111890985234,1.38696544203877,-2.51309405130178,3.44006328883321,-4.13839125233835,0.00500304183065653,-0.550331277204103,0.71898628710816,-0.888904960179862,0.548165816082357,-0.812808833218173,1.33537534123507,-0.0199134235622808,0.0069563397396518,-0.570469101681233,0.598855243125987,-0.928301771456284,1.68724310517944,-1.83811622578373,-0.1774819680295,0.183317647567921,-0.44814093201258,-0.521572199296333,0.531904666443724,-0.0386196125323275,-0.279544367193551,0.560560100483,-0.89548115276918,0.220209329855878,-0.00648598681635653,0.338673676855248,-0.122080234211405,0.0693543953416676,-0.0139489603688406,0.590459670607327,-1.01276051150935,1.3981071424239,-2.48823907844434,3.37314757948362,-4.10963352304329,-0.0153579139113055,-0.548783503248108,0.711915651812138,-0.896475450631636,0.548281940148767,-0.81111026601423,1.40957498377341,-0.0224787584743221,0.0114532160687739,-0.586063267813334,0.0743437587103941,-0.704628971582272,1.17965021400102,-1.12789647540698,-0.236106119730149,0.112051751354206,-0.212146270836324,-0.372363153275536,0.271066759709673,-0.0203647138502244,-0.10392499435446,0.114430073569461,-0.414422082609544,-0.0301301263809356,-0.13406346789465,0.0649923539842143,0.0400507582298484,-0.0584817340357066,0.103656183676883,0.0124883041381945,0.566602117346406,-0.880629170708375,1.6114627140746,-1.62722617815446,-0.153480591759466,0.206978125474065,-0.414324156964569,-0.478425690394474,0.506166704318834,-0.0231158877242894,-0.0933668781304435,0.108898683195994,-0.397251690298344,-0.0243488411902259,-0.129426878884918,0.0675521913217602,-0.0260073214103354,-0.0567528730784119,-0.0673797501620493,-0.0152105989189798,-0.329462435246497,0.618948081659597,-1.06205731766761,0.213644571281538,-0.0414471022305377,0.370583280447555,0.0583488339538339,-0.0783651997630946,0.113309193258267,-0.00909822759895511,-0.0568506408740733,-0.0310963236561929,-0.0542614573696559,0.00700695124185058,0.537903435901673
7565.27294921875,0.835651214542169,-0.653137775721146,-2.12993091808961,1.55838986135719,-0.188690710103128,-1.14610456307209,-0.988807553315248,1.41474243812483,-0.385364862662207,-0.3942707518041,-1.76012543922271,1.6579298685229,2.11719227443086,-0.17876758579041,-0.36345108198231,-0.372164226001052,-1.82446308056466,1.65351710382121,1.40721812900486,-0.178560121049442,-0.370058198510386,-0.377741395934447,-1.12622394967012,-0.207113044233253,-0.132633574813337,-0.150662345400436,-0.137881893101475,-1.09542052868858,0.00867951663030971,0.105644578789877,-0.132053130867325,-0.11578375940243,-0.584867307644152,-0.491716543892917,-0.173272696819296,-0.289555223122662,-0.306650229859764,2.24118191013093,-0.130781764013622,-0.262904613448501,-0.266943615488728,-0.24109540919036,-0.244547150456313,-0.075079888588345,-0.0822923157224407,-0.33568831340359,0.835651214542156,-0.724117807101757,-1.214836272415,-0.0927320018638527,1.13974367116236,-0.653137775721136,-0.332131111445117,0.594869099381768,0.611020126297554,0.126977850488061,-0.579477869256204,-0.631751232922033,0.375414127257978,0.53275332695625,0.577767893095068,0.325738226336721,-0.293486510587824,0.8894275417093,0.635548451985561,-0.1735776336434,-1.14610456307207,-1.16126438585222,0.975638382071987,1.23216749194782,0.138042964749038,0.38586844479023,0.370086434341475,-0.406668066262536,-0.633824160142225,0.493365535493945,0.435813064454234,-0.32982555215374,-0.576473942741253,-0.354911120829535,-0.825283108051213,0.774154469377167,0.567306671941755,-0.734766721463009,-0.733804135699325,-0.488487427967293,-0.450152839538572,0.336334454373847,-0.551140263954911,-0.412627011526129,0.534839563493742,-0.527049718889932,-0.309311053751233,0.503777233521005,0.520961763715864,0.453861950343088,0.453958422782295,0.197585778236975,0.0372278566873556,-0.170878177356044,0.210004095930166,-0.988807553315233,-1.02067426808577,0.869910324296976,1.06479613796511,0.105427970806639,0.286766087139746,0.326117535524749,-0.358044539176964,-0.560294439071907,0.418001524627854,0.422481533299664,-0.275311959642966,-0.531368022999355,-0.334105465288015,-0.746221486955604,0.109401057195413,0.211981721960321,-0.342490063099836,-0.372148423497262,-0.385197180903608,-0.257165008427115,0.22372895995022,-0.342979832324268,-0.261333795798258,0.257342292820567,-0.129963696379134,-0.141007267435828,0.173633689280691,0.0524689022803854,0.0362317469488921,0.0686678639109704,0.0751054683121213,0.0705096633400573,-0.0340394688249507,-0.0483270842374418,0.53392154838095,0.396790128616552,-0.527178538667204,-0.466143472376681,-0.346258915599321,-0.353774045959714,0.237706762947648,-0.378896132910537,-0.309879558653041,0.371744677168092,-0.097768178106219,-0.111650992912468,0.1365753404524,0.0414691303129359,0.0232393914307787,0.0557713388332023,-0.0222013072678319,-0.0119334954872144,-0.0962196231686709,-0.0205260217808071,-0.284850818060884,-0.137691649375753,0.301217470428382,0.307849475557876,0.314966973013557,0.29709414572538,0.0561201581466598,0.0573252584652707,0.064751074801008,-0.0103396788483443,-0.117861041821907,-0.201752556567795,-0.00437598537679722,0.0254767491550486,0.605991872963884
0,-0.783420788410629,-0.325650699797235,0.469323281677592,1.55838986135719,-0.188690710103128,-1.32849940599973,-0.984751495815884,1.41474243812483,2.59397330965399,-0.3942707518041,-0.189814571719606,0.741091606862997,1.043305500913,-0.17876758579041,1.70953749862042,-0.372164226001052,0.205899846163342,1.88656021513426,1.60898199753078,-0.178560121049442,2.44362719972426,-0.377741395934447,-1.12622394967012,-0.499663055297737,-0.459133123814017,-0.150662345400436,-0.137881893101475,-0.809916251796439,0.0153831807388912,0.113253960845153,-0.132053130867325,1.20149090447879,1.70915035796891,2.03293173809087,-0.173272696819296,3.45228159742381,-0.306650229859764,2.24118191013093,-0.130781764013622,3.80223897600087,-0.266943615488728,4.14618499614443,-0.244547150456313,-0.075079888588345,-0.0822923157224407,-0.33568831340359,-0.783420788410635,-0.0997849984329752,0.798842579775198,-0.743811221480749,-0.0415316024030472,-0.325650699797225,0.411790449390129,0.179736027936719,-0.361066354428826,0.299228283471233,-0.702807236973186,0.267984165018141,0.0795701716368105,-0.538719847854204,0.0274851773315261,-0.0809959788507318,0.0366701720289309,0.685654126037169,-0.414143846869937,0.365275385271113,-1.32849940599971,0.760957259679147,0.303117207596654,-0.990808059219693,0.920325800761001,0.0943578250696166,-0.38450263734647,-0.0193386911557563,0.314338728866746,0.737365594757455,-0.485291005103269,-0.0652102415363551,-0.0270904154181826,-0.00383539368030498,-0.736790937153716,1.07641780061139,-0.800549458421199,-0.231192778502069,0.815204644249866,-0.333197598858919,0.144647581086107,0.0455406989556602,-0.879510932426488,0.445182273654178,-0.0211479797679478,-0.990737241763597,0.867806323963944,0.155884942695272,0.49530324325402,-0.115419121786928,0.867577649496993,0.871187253418242,-0.737059995903909,-0.314649026026515,-0.745409890281964,-0.984751495815869,0.532766168033547,0.269303843795485,-0.727791894050608,0.677372313811123,-0.024077956418676,-0.314150072095656,-0.0151180231569408,0.234474592099403,0.529803048209793,-0.342467183565495,-0.0261985523591752,-0.0217579036388937,-0.00470761555754481,-0.56944376943027,0.178319873830731,-0.467464662088963,-0.0542201120370418,0.359559336865724,-0.268136632598281,0.0417046502529621,0.0759359121971671,-0.442958364533226,0.124134324141334,-0.0171465358509711,-0.178197117777185,0.0887133978676473,0.053412008785092,0.0102007024436589,-0.121760263777574,0.132575805263796,0.142034086762021,-0.101460799477482,-0.0214628032674499,-0.174629205651065,0.528433886974631,-0.401902721078351,-0.154958803003001,0.38798602674172,-0.138888661194234,0.0485130938541776,0.033470664699608,-0.448365106335511,0.181889572799368,-0.0245300875250881,-0.112085584251062,0.0476031546904872,0.038112841181887,-0.0122932049566312,-0.0979946175593762,0.0849662895766382,-0.0142073834221009,-0.0512355581385652,-0.0808960299651496,-0.0309887960032817,-0.277417270499741,0.304866773875395,0.0792791979277649,0.19337167096824,0.0717085859996617,0.330151426172872,0.0632001427276594,-0.0344613927009695,0.108865292451046,-0.0145155058333709,-0.127889091169874,-0.0249350459265648,-0.0345228802176789,0.0338876595109402,0.616906401646533
0,-0.68818125882517,-0.325650699797235,0.469323281677592,1.55838986135719,-0.188690710103128,-1.32849940599973,-0.962618855272842,1.41474243812483,2.59397330965399,-0.3942707518041,-0.129417999892563,0.79502326931358,1.10647531111994,-0.17876758579041,1.7892678286436,-0.372164226001052,0.205899846163342,1.88656021513426,1.60898199753078,-0.178560121049442,2.44362719972426,-0.377741395934447,-1.12622394967012,-0.499663055297737,-0.459133123814017,-0.150662345400436,-0.137881893101475,-0.788960747409715,0.051962984664211,0.154775985079407,-0.132053130867325,1.2981765138783,1.70915035796891,2.03293173809087,-0.173272696819296,3.45228159742381,-0.306650229859764,2.24118191013093,-0.130781764013622,3.80223897600087,-0.266943615488728,4.14618499614443,-0.244547150456313,-0.075079888588345,-0.0822923157224407,-0.33568831340359,-0.688181258825176,-0.305587149935131,0.895043790976805,-0.536140016360194,-0.403069827270686,-0.325650699797225,0.382982725644343,0.242902854125855,-0.389970628431452,0.235101540599872,-0.702807236973186,0.209787635460098,0.202010851553561,-0.595969015915989,0.0274851773315261,-0.0788849272569256,0.0321769045337288,0.685654126037169,-0.360609027699516,0.365275385271113,-1.32849940599971,0.63926188677823,0.566790520744687,-1.10659894330714,0.675590960659174,0.0943578250696166,-0.35226571339915,-0.0884658181011064,0.345782803763793,0.737365594757455,-0.421621862514898,-0.196342818962795,-0.0270904154181826,-0.00593329600777725,-0.736790937153716,1.07641780061139,-0.70644922312269,-0.477362218086493,0.904300212748024,-0.333197598858919,0.116163851371183,0.108888831391215,-0.879510932426488,0.381303997220117,-0.0211479797679478,-0.990737241763597,0.776510719021102,0.406724637007538,0.49530324325402,-0.083050566226552,0.867577649496993,0.871187253418242,-0.661266748227614,-0.314649026026515,-0.745409890281964,-0.962618855272827,0.426772511923415,0.459767909741038,-0.79535510189269,0.484243695187016,-0.030968507962785,-0.285410354516658,-0.065334391031814,0.253107057486706,0.515201082992778,-0.285064153789332,-0.125367730566097,-0.0211882863010032,-0.00668711922205183,-0.556311091447456,0.166737931351645,-0.417561753497399,-0.162936492585845,0.38963261106666,-0.264568740518596,0.0269025707856216,0.101318848782217,-0.435094734745373,0.0932175478482743,-0.0175050100296964,-0.174295399981254,0.0703762847750948,0.109932452084753,0.00808201369076124,-0.112987541832036,0.129025461710709,0.138804927004892,-0.0859800021751423,-0.0175010851777539,-0.170953415321328,0.498725553546754,-0.336187490161563,-0.266074740033919,0.407326431630594,-0.127530997127396,0.0267604496182371,0.0616389929982391,-0.424967378812863,0.137375745340484,-0.0256308333235319,-0.105813566883391,0.0334952637147264,0.0730622148209046,-0.0163326486739585,-0.0907601107900523,0.0791314030202103,-0.0158515678499802,-0.0474505321216883,-0.0790126932224247,-0.02971697968177,-0.237467575796302,0.252469929071606,0.135060901094589,0.177810260370151,0.0905858667798903,0.299116069816003,0.0542705245544049,-0.0227540760552979,0.11704501039075,-0.0122162094825403,-0.181082175398274,-0.00319669254336916,-0.0197427746182195,0.0509577947959508,0.673400025319686
0,-1.45009749550884,-0.325650699797235,-2.12993091808961,1.55838986135719,-0.188690710103128,-0.866658857845569,-0.961813238092386,1.41474243812483,-0.385364862662207,-0.3942707518041,-1.76012543922271,0.363569969708919,0.601116829464476,-0.17876758579041,-0.36345108198231,-0.372164226001052,-1.82446308056466,1.88656021513426,1.60898199753078,-0.178560121049442,-0.370058198510386,-0.377741395934447,-1.12622394967012,0.241100528276454,0.36759381792515,-0.150662345400436,-0.137881893101475,-1.09542052868858,0.0532944714537165,0.156287366246302,-0.132053130867325,-0.11578375940243,-0.584867307644152,-0.491716543892917,-0.173272696819296,-0.289555223122662,-0.306650229859764,2.24118191013093,-0.130781764013622,-0.262904613448501,-0.266943615488728,-0.24109540919036,-0.244547150456313,-0.075079888588345,-0.0822923157224407,-0.33568831340359,-1.45009749550884,1.93259848467256,-2.02689583195726,1.59245607131494,-0.749108939623212,-0.325650699797225,0.613444515610626,-0.444063156328143,0.487944965618837,-0.422187147603618,-0.702807236973186,0.675359871924441,-1.12958344365184,1.14287200750086,0.0274851773315261,-0.0957733400073749,0.0810430931853368,0.685654126037169,-0.788887581062882,0.365275385271113,-0.866658857845549,0.96867826519649,-1.4399956074408,1.56222457062498,-1.18049577105356,-0.0444127486765092,-0.439527623896906,0.437652497700399,-0.378960660460049,0.443532843026985,-0.593967432181985,0.801691582739613,-0.0159443386049101,-0.000254498445327393,-0.478488295723754,0.368632393155468,-0.517163253640343,0.679824263171095,-0.56749834241716,-0.102414742275307,0.0588678161757431,-0.188896314446105,-0.349017475387558,0.252810572678442,-0.0470423186796301,0.0173135004560161,0.0925358429079462,0.0754267899868614,0.105382824339893,0.159450469756841,0.117904724966164,-0.454559830128653,0.488529333866481,0.0867053322233189,0.894844920853611,-0.961813238092371,1.13872139454245,-1.63344770988889,1.73953541233636,-1.34353562514753,-0.0312193206345019,-0.478452188981674,0.486547587728504,-0.445960693668174,0.514669578673428,-0.670634615342453,0.964509626498901,-0.021167552511341,0.00660901069558888,-0.555833068457485,-0.00865607377014754,-0.530810263042968,0.673255341142952,-0.466655366907097,-0.210537486018032,0.060494068459061,-0.0939139595704004,-0.316009915788874,0.163379366747437,-0.02293365225037,-0.0626638435143517,0.0392898391364118,-0.158598729206918,-0.0525355233852311,-0.0981153674343114,0.0274470294528205,-0.00409378939850617,0.0115508340645593,0.157815242396301,0.0722649661052739,0.497651712902378,-0.687575461296893,0.975985032234203,-0.753358031856227,-0.127120461769371,0.143074695467493,-0.253228058179454,-0.424121642014437,0.375397027469916,-0.0256706210006281,-0.0690622836881494,0.0589226979388602,-0.200369648731733,-0.0400020250969173,-0.103799263512248,0.0449415155124487,-0.0340209998655529,-0.0423121303359507,-0.0582004544436485,-0.00799419137634108,-0.236032912109139,0.426287936785884,-0.522021569947909,0.177251422790243,0.0279635591090849,0.298001535672153,0.0356088600782678,-0.0357532167316846,0.134139487303256,-0.00320110154518949,-0.182970034039081,0.122026048768705,-0.0192182186449623,0.0311513013867218,0.675359972477205
4974.5859375,-0.592941729239711,-0.325650699797235,0.469323281677592,1.55838986135719,-0.188690710103128,-0.702278334230168,-0.897622046774696,1.41474243812483,-0.385364862662207,-0.3942707518041,-0.0690214280655209,0.848954931764163,1.16964512132687,-0.17876758579041,-0.36345108198231,-0.372164226001052,0.205899846163342,1.88656021513426,1.60898199753078,-0.178560121049442,-0.370058198510386,-0.377741395934447,-0.536669854020251,0.504756688892522,0.661846473117914,-0.150662345400436,-0.137881893101475,-0.727420828439944,0.159386701504953,0.276713494178726,-0.132053130867325,-0.11578375940243,1.70915035796891,2.03293173809087,-0.173272696819296,-0.289555223122662,-0.306650229859764,2.24118191013093,-0.130781764013622,-0.262904613448501,-0.266943615488728,-0.24109540919036,-0.244547150456313,-0.075079888588345,-0.0822923157224407,-0.33568831340359,-0.592941729239718,-0.4902547149162,0.933140068228888,-0.281068937511717,-0.702028011214909,-0.325650699797225,0.354175001898558,0.299582844567102,-0.401416900494145,0.156338201803136,-0.702807236973186,0.151591105902055,0.311877643760619,-0.618640042108811,0.0274851773315261,-0.0767738756631194,0.0281450673488834,0.685654126037169,-0.307074208529095,0.365275385271113,-0.70227833423015,0.160429262093727,0.507309457353553,-0.623024762117316,0.2188622351951,-0.0938046430564359,-0.225423660677742,-0.0728716915253352,0.214463806664445,0.338950467620904,-0.171104016763904,-0.166761117813669,-0.0119771729886688,-0.0141878750755711,-0.38655196917296,0.162634725829792,-0.115015478560847,-0.2004363001177,0.20593984448534,-0.0352464598917213,-0.0628605567075489,0.0376259656352554,-0.19461980975278,-0.0201803147766313,-0.0545787461851368,0.250310903855978,-0.026776348740663,-0.116706475457825,0.0152579513205301,0.201752213710738,-0.0553721126961258,-0.657870074705981,0.24273092444371,0.148255120829785,0.976331849758414,-0.897622046774681,0.300166936178629,0.60161852294966,-0.77373211765795,0.248776260832547,-0.0512039542615703,-0.251081804824488,-0.102733690163635,0.24714390804203,0.47231956892033,-0.21649831786086,-0.199225277763836,-0.019515494075598,-0.00905156451369666,-0.517744425429602,-0.08869018591303,-0.243113439520807,-0.128787040486648,0.221532148304175,-0.185882461583668,-0.0248418641442015,0.0933456862038418,-0.261670272035023,-0.0148599099620215,-0.0254107982621238,-0.0285055884881374,-0.0275240686951287,0.044244484426078,-0.0710839460359236,-0.0661506937944382,-0.00363505973453859,-0.0347295340435403,0.0271847935751651,0.195400928110243,0.101492781755302,0.413788251414191,-0.245319229600204,-0.322324265862911,0.359258986652631,-0.0950589856391972,-0.00331819298492027,0.075898469654162,-0.358072348950915,0.0758238947924859,-0.0287779091660913,-0.0467028450041698,-0.00906694252319441,0.0572252903515291,-0.0544024466551421,-0.0689342709338585,0.0241404270366879,-0.039993089255149,-0.0310774889342401,-0.0513597039855196,-0.00389095463067332,-0.126080008260203,0.166301838553414,0.121694007685984,0.134422002041296,0.121630087955788,0.21258342224836,0.0160889066625247,0.00415107145603559,0.152020174924947,0.000354809814133267,-0.32272193388892,0.0561969862238196,0.0196129164070427,0.0475936386882525,0.810682165754797
12780.01953125,-0.592941729239711,0.0018363761266763,0.469323281677592,1.55838986135719,-0.188690710103128,-0.557115072461077,-0.886268569031965,-0.706578202000684,-0.385364862662207,-0.3942707518041,-0.0690214280655209,-0.661131616852152,1.16964512132687,-0.17876758579041,-0.36345108198231,-0.372164226001052,0.390478294047706,-0.676914009309313,1.8107458660567,-0.178560121049442,-0.370058198510386,-0.377741395934447,-0.40000630280498,-0.499663055297737,0.921698883078212,-0.150662345400436,-0.137881893101475,-0.716671191396878,-0.482991388339556,0.298013229158831,-0.132053130867325,-0.11578375940243,-0.584867307644152,2.03293173809087,-0.173272696819296,-0.289555223122662,-0.306650229859764,-0.44602634159486,-0.130781764013622,-0.262904613448501,-0.266943615488728,-0.24109540919036,-0.244547150456313,-0.075079888588345,-0.0822923157224407,-0.33568831340359,-0.592941729239718,-0.4902547149162,0.933140068228888,-0.281068937511717,-0.702028011214909,0.00183637612668535,0.173812659318735,0.148260495489965,-0.119467929862937,0.0690575661836425,-0.680090869057492,0.139880091094862,0.302450062812953,-0.600691129332878,-0.479639853283965,0.165725220972757,0.225637584877701,0.139167089991882,-0.0414266161537865,0.523731327539782,-0.557115072461059,0.0776418716572196,0.438676391675328,-0.50029891981004,0.182668973611487,-0.305764231820805,-0.118853714026518,0.0145676252141991,0.052509873397257,0.235137922580564,-0.122418015426031,-0.128393680064666,0.239605991352868,-0.116675228360743,-0.0570180607663776,0.0007648289863302,-0.0269165346616131,-0.112252009774086,0.0759804676163473,0.0177841643132457,-0.089654433614832,0.0148251904615481,-0.0732778964829494,-0.0799938543750056,-0.0610170371291482,0.406202751341317,-0.116211770665586,-0.210729246547565,0.112965821284482,0.150372040247256,-0.161542489151766,-0.74520043208291,0.290032871261294,-0.0521795016833045,0.910325197073528,-0.88626856903195,0.293621773442582,0.596206892382986,-0.764178638614832,0.245927933479725,-0.332216437041318,-0.109990900724338,0.0106985035475408,0.0376856144549653,0.445929818355499,-0.204010007445977,-0.189298230313534,0.401631054876148,-0.185229392151719,-0.0918666620833318,-0.142507639243073,-0.215200055371303,-0.10080649789019,0.183012876795246,-0.109051918184522,-0.0632116893576751,0.063070733888448,-0.220862420247267,-0.0341733560509599,-0.138144788141743,-0.00470830919697693,-0.0409872381069412,0.0251505063178433,-0.0840668314335122,-0.0596795161672445,-0.0252925092991728,-0.0546573758938062,0.0386850878848247,0.154439837990215,0.114823806638908,0.399304745737896,-0.237345029484562,-0.314408582173085,0.348478186445714,0.063995450316711,-0.0791400664991391,0.0182570704216589,-0.336500524463728,0.0656090017244008,-0.302293852540622,-0.0358749718651974,-0.0151290507982587,0.048408876311373,-0.0842727822752642,-0.055618903477963,0.0130041786730234,-0.0434374405166957,-0.0291039238134756,-0.0473962723621325,-0.00135783633685745,-0.107522035536315,0.1556076368208,0.110387115257439,0.0850744889011509,0.147931672542132,0.195466585075808,0.0112700065010474,0.00692693794262816,0.165718664587669,0.00144679028005125,-0.345289491428537,0.0681056761874559,-0.0705988656053028,0.0393143437318481,0.830493919291229
3523.57788085938,-0.783420788410629,-1.30811192756897,-2.12993091808961,1.55838986135719,-0.188690710103128,-1.2464217649342,-0.88546569623462,1.41474243812483,-0.385364862662207,-0.3942707518041,-1.76012543922271,0.741091606862997,1.043305500913,-0.17876758579041,-0.36345108198231,-0.372164226001052,-1.82446308056466,1.1874308811951,1.00369039195303,-0.178560121049442,-0.370058198510386,-0.377741395934447,-1.12622394967012,-0.368015611672411,-0.312208395237312,-0.150662345400436,-0.137881893101475,-1.09542052868858,0.179478155045648,0.299519461715383,-0.132053130867325,-0.11578375940243,-0.584867307644152,-0.491716543892917,-0.173272696819296,-0.289555223122662,-0.306650229859764,2.24118191013093,-0.130781764013622,-0.262904613448501,-0.266943615488728,-0.24109540919036,-0.244547150456313,-0.075079888588345,-0.0822923157224407,-0.33568831340359,-0.783420788410635,-0.0997849984329752,0.798842579775198,-0.743811221480749,-0.0415316024030472,-1.30811192756896,1.12669851702428,0.272135141536986,-1.08517900610659,0.992157748745692,0.105318073075787,-0.282465258170247,0.0113074561135468,0.00790872558839673,1.38564435842638,-0.939078050065861,-0.0709837232330639,0.0926320231765849,-0.033271031064768,-1.20769456413253,-1.24642176493418,0.69911071835577,0.295218700328768,-0.93140366971118,0.866169904974934,1.19957944065001,-1.1187022080118,-0.112138382760928,1.03727858647949,-0.226687664943562,0.112072067055469,0.00730970280470501,-1.51154866944644,0.795151705917424,-0.0879547834263906,0.936726278676209,-0.700097655187786,-0.215703233558724,0.719192549107097,-1.20911263035883,0.729375558586228,0.122193552733053,0.032487014561627,-0.14878921894171,1.66717455683509,-0.771029236294923,0.701267645630036,0.128913821524345,1.31008118276102,-0.68151286926226,0.044854060196739,0.541382403814779,-0.501037232185889,-0.709268670022095,-0.256861351732225,-0.885465696234605,0.457141801493442,0.259671547314139,-0.656270800283285,0.611455227951328,0.776690726555102,-0.845356792147182,-0.080908233513558,0.745442231949848,-0.20742678356514,0.11848340766146,0.0302471899445638,-1.14529454696666,0.616287696258491,-0.0561111413113485,0.0977364218906872,-0.412241878669298,-0.0456926001755473,0.310183421858225,-0.647345794861663,0.291922227094686,0.106349794481827,-0.048848967047739,-0.122308345708634,0.645252955122758,-0.140436835368061,0.060488114367207,0.0472453797682353,0.212232650677655,-0.254810369877871,-0.0439130919277325,0.0988988612956957,-0.0685708023777142,-0.340674744723443,-0.102468077577139,0.398284505764991,-0.307227000344062,-0.140481078072699,0.305051803998131,-0.548507016074195,0.306508047010219,0.0636849004517069,0.014825771752197,-0.107904848290323,0.699860459452969,-0.0794134692354192,0.0234351467273636,0.0326982017253929,0.119951018257022,-0.175883027769006,-0.0298192528065217,-0.0242709837397908,-0.0436168649928654,-0.135657166599798,-0.0216359136008894,-0.106219730080378,0.17452055514322,0.0580490155497202,0.251511648741752,0.0307660650296019,0.102271193143036,0.0234669428782684,-0.00422101141837965,0.0837019499242548,-0.00386889693142363,-0.346861402701329,0.127734252281151,0.317084996073592,0.0972807922823171,0.831849840998987
0,-0.307223140483335,0.0018363761266763,-2.12993091808961,1.55838986135719,-0.188690710103128,-1.32849940599973,-0.881768343681527,-0.706578202000684,2.59397330965399,-0.3942707518041,-1.76012543922271,-0.661131616852152,1.35915455194767,-0.17876758579041,2.10818914873633,-0.372164226001052,-1.82446308056466,-0.676914009309313,1.8107458660567,-0.178560121049442,2.69941678138196,-0.377741395934447,-1.12622394967012,-0.499663055297737,-0.459133123814017,-0.150662345400436,-0.137881893101475,-1.09542052868858,-0.482991388339556,0.306455893995732,-0.132053130867325,1.65136893880681,-0.584867307644152,-0.491716543892917,-0.173272696819296,-0.289555223122662,-0.306650229859764,-0.44602634159486,-0.130781764013622,-0.262904613448501,-0.266943615488728,4.14618499614443,-0.244547150456313,-0.075079888588345,-0.0822923157224407,-0.33568831340359,-0.307223140483343,-0.917449890732883,0.761345937089723,0.553378705649552,-1.03191523669504,0.00183637612668535,0.174300008028722,0.147521102876223,-0.119759001220404,0.0705105862548179,-0.680090869057492,-0.0290663551613656,0.548392164950223,-0.501761203743816,-0.479639853283965,0.0552062531107938,0.38840048559647,0.139167089991882,-0.00882875938780009,0.523731327539782,-1.32849940599971,0.152480395174561,1.35070786505043,-0.945675889337096,-0.608377079417517,-0.307071262436815,-0.118741921090538,0.0159159725426218,0.0518278459847059,0.71004613065746,-0.160306816718018,-0.567313271176412,0.564481897724801,-0.139189252523624,-0.144584775014889,1.07641780061139,-0.330048281928656,-1.20923944534276,0.780477589828134,0.0197619705587645,-0.0901718583569676,0.0132333081581027,-0.853433671806651,0.11913061065968,-0.7477566872538,-0.990737241763597,0.411328299249733,1.15248682531569,0.109918761620845,0.151426763507619,0.843762649284933,0.871187253418242,-0.358093757522434,-0.0494200521334932,-0.745409890281964,-0.881768343681512,0.0460802169769086,0.960295551195697,-0.623792536889594,-0.411953564621716,-0.332208536358275,-0.110369395912802,0.0112398172485189,0.0379039345938105,0.443056769177912,-0.0742819906088364,-0.372741394696965,0.399609893692595,-0.104553965156498,-0.0913246789407149,0.124429108198157,-0.238327887118749,-0.448636334566197,0.31326785242445,-0.108588206229519,-0.0632503742519159,0.0626127783297847,-0.396242692112254,-0.0203079056169827,-0.282323638165138,-0.160042429158706,0.00451576139958204,0.258464638659194,-0.0845424817503532,-0.0595567572499991,0.111484185886683,0.127008809959292,-0.0303783702576074,0.155696671517828,-0.157525757284608,0.39359292221239,-0.129779420796342,-0.498728751072161,0.290289678689456,0.0639831364305907,-0.0789392825091589,0.0179935785618388,-0.332147401954729,-0.0048981316887502,-0.298600674489077,-0.0836179869381586,-0.0108168766901235,0.146239044154839,-0.0844461761587973,-0.0556064338716425,0.0559841108477869,-0.021670050927181,-0.0355619653200288,-0.0472556697395784,-0.0252162426485356,-0.10023950240636,0.123576523312032,0.159167767360957,0.085090485497593,0.147866597275126,0.189991933811241,0.02359709119978,0.00604529002136361,0.165782340538923,-0.00431807632484554,-0.35405959348511,-0.0172953917901406,-0.0706126071841593,0.106467791458593,0.838017842294776
10274.83984375,-1.069139377167,-0.325650699797235,-2.12993091808961,1.55838986135719,-0.188690710103128,-0.773389205829935,-0.874382575412648,1.41474243812483,-0.385364862662207,-0.3942707518041,-1.76012543922271,0.579296619511249,0.853796070292207,-0.17876758579041,-0.36345108198231,-0.372164226001052,-1.82446308056466,1.88656021513426,1.60898199753078,-0.178560121049442,-0.370058198510386,-0.377741395934447,-1.12622394967012,0.390699263038818,0.534553030311636,-0.150662345400436,-0.137881893101475,-1.09542052868858,0.197795824180513,0.320311992568904,-0.132053130867325,-0.11578375940243,-0.584867307644152,-0.491716543892917,-0.173272696819296,-0.289555223122662,-0.306650229859764,2.24118191013093,-0.130781764013622,-0.262904613448501,-0.266943615488728,-0.24109540919036,-0.244547150456313,-0.075079888588345,-0.0822923157224407,-0.33568831340359,-1.06913937716701,0.644428975200017,0.0990627016715037,-0.815246104441951,0.980171520710378,-0.325650699797225,0.498213620627485,-0.0486854651180268,-0.150812979387166,0.321286644277872,-0.702807236973186,0.44257375369227,-0.363195194371598,-0.122282098813212,0.0274851773315261,-0.0873291336321503,0.0529185563766783,0.685654126037169,-0.574748304381199,0.365275385271113,-0.773389205829916,0.555210482792433,-0.305376162843943,-0.0987083240015859,0.603064822796633,-0.0724377524901429,-0.330000621034779,0.140189772159891,0.072080876610883,0.384192712295221,-0.377647464001969,0.237411601607774,-0.0136933653851086,-0.00738225525615131,-0.42632354410725,0.248790394837324,-0.270652408336903,0.0663254041035565,0.0965714240175796,-0.0633386629733014,-0.0157499386805179,-0.0310212872336247,-0.259194493285167,0.085471055722558,-0.0514267398440302,0.157085661777581,-0.0456694256501894,0.158800398808813,0.0513180660767974,0.208450691803252,0.0139581669633291,-0.584521177466582,0.457268515554665,0.126049603695181,0.964467764387915,-0.874382575412633,0.691595493757478,-0.374072995222491,-0.0965288705940578,0.65984894310122,-0.0584390952727217,-0.357215951055671,0.154510026469678,0.0603859599798361,0.456987374289937,-0.428484449583618,0.30878932100177,-0.0189173907546008,-0.0017413698043554,-0.503954995592025,-0.0706268704959297,-0.363438351359088,0.182354323349369,0.0640485172621137,-0.191446982399232,0.0108486187795145,0.0207008697799701,-0.273934469119215,0.0596860130468663,-0.0248517182830189,-0.0402241001567677,-0.00470717700282397,-0.0125135880494744,-0.0647206260390439,-0.0770666021747674,0.00702812620830146,-0.0218686941838396,0.0291375953127694,0.179622513366784,0.0863517564633564,0.384254441496242,-0.398964315432451,0.179873275654486,0.0816196612020011,-0.0837680428982901,0.047540441217271,-0.051410587878164,-0.334812072879104,0.179899171485989,-0.0298721885627509,-0.0477491023409033,0.0127532345283056,-0.0309220838287881,-0.0537286128026785,-0.0801236272209281,0.0251137650411612,-0.0385379123561564,-0.0341731314728882,-0.053026541400208,-0.00575828261522628,-0.0883774690994101,0.185476471444766,-0.0259027906861442,0.119735915030445,0.114721944339445,0.183293793201125,0.0126913980004868,0.000788016722892944,0.155132364272125,0.000275543469860029,-0.368238976088636,0.236273322770153,0.0322601749754351,0.0616405488114437,0.849966272963165
4779.72021484375,-1.35485796592338,0.0018363761266763,-2.12993091808961,1.55838986135719,-0.188690710103128,-0.805080042180912,-0.853606856395633,-0.706578202000684,-0.385364862662207,-0.3942707518041,-1.76012543922271,-0.661131616852152,0.664286639671409,-0.17876758579041,-0.36345108198231,-0.372164226001052,-1.82446308056466,-0.676914009309313,1.8107458660567,-0.178560121049442,-0.370058198510386,-0.377741395934447,-1.12622394967012,-0.499663055297737,0.477824212709301,-0.150662345400436,-0.137881893101475,-1.09542052868858,-0.482991388339556,0.359288359027796,-0.132053130867325,-0.11578375940243,-0.584867307644152,-0.491716543892917,-0.173272696819296,-0.289555223122662,-0.306650229859764,-0.44602634159486,-0.130781764013622,-0.262904613448501,-0.266943615488728,-0.24109540919036,-0.244547150456313,-0.075079888588345,-0.0822923157224407,-0.33568831340359,-1.35485796592338,1.5788542275228,-1.34882948886414,0.610994814257264,0.344136193193809,0.00183637612668535,0.17251306275877,0.151841724763312,-0.123334278336414,0.0706109129354864,-0.680090869057492,0.590403947778136,-0.888764238429158,0.713411261608763,-0.479639853283965,0.460442468604659,-0.562700375003736,0.139167089991882,-0.128354234196417,0.523731327539782,-0.805080042180893,0.809043688100364,-1.05057336766916,0.954553957717874,-0.392585152319185,-0.30618438270154,-0.117761154304621,0.0123659183729479,0.0547377603595231,0.387799305908474,-0.492707764413278,0.588315024094173,0.344038815282114,-0.336706268448805,-0.0851667756196974,0.288639335794161,-0.385456820452243,0.394573063610395,-0.259604624887226,0.0183134800056758,-0.0902664368662005,0.0155606645783003,-0.282069174877592,0.155527971514606,-0.244807574876974,0.111850664308533,-0.0297970287645305,0.251517434681317,0.112323769102046,0.150544811271713,0.0502874155429305,-0.544801463360405,0.560669613404567,-0.0518373864537811,0.948136241165631,-0.853606856395618,0.907123881384306,-1.13655268724533,1.01982663863312,-0.441942123016797,-0.332159095504151,-0.109052845719417,0.00812229998214372,0.0404599936495066,0.425077816662012,-0.525525363998733,0.68373885202589,0.386961881528535,-0.38517377816648,-0.0879330595902559,-0.0663003440755396,-0.43513953821283,0.453561030965351,-0.236249801678092,-0.10891953388687,-0.0635795723363306,0.0638006186326894,-0.270931420760281,0.0976833623442038,-0.179306150471849,-0.0449483768932309,0.011112279884119,-0.0792050022772489,-0.0841900509872982,-0.0595389610283097,0.0101401662450332,-0.0157017801555214,0.0266304282256722,0.154709347137347,0.0775731628116892,0.358224203867202,-0.468160508885217,0.534330817455828,-0.334171651606771,0.0639068864610357,-0.0795709110178326,0.0194703718430203,-0.305192023649467,0.216903992738613,-0.275731800175914,-0.0463539661205599,0.0237091291042453,-0.100555668353348,-0.0843108400624962,-0.0555065942804571,0.0224377358471342,-0.0381369365643704,-0.0360552208040784,-0.0473620346896045,-0.00663516062747287,-0.0556084465193618,0.16686887169216,-0.0642355869208995,0.0851885207522312,0.147954551168124,0.156440494745943,0.00872387921330095,0.00281810337630268,0.165705512485528,0.000592970774214076,-0.406710293833148,0.3762949824578,-0.0706951038011907,0.0719411117067615,0.880957505235267
16988.1796875,-0.592941729239711,-0.653137775721146,0.469323281677592,1.55838986135719,-0.188690710103128,-0.724127398709261,-0.821559076334824,1.41474243812483,-0.385364862662207,-0.3942707518041,-0.0690214280655209,0.848954931764163,1.16964512132687,-0.17876758579041,-0.36345108198231,-0.372164226001052,0.0213213982789787,1.65351710382121,1.40721812900486,-0.178560121049442,-0.370058198510386,-0.377741395934447,-0.557239595331203,0.46971214512961,0.622735116765911,-0.150662345400436,-0.137881893101475,-0.655403307185753,0.285100058628197,0.419411718359959,-0.132053130867325,-0.11578375940243,1.70915035796891,2.03293173809087,-0.173272696819296,-0.289555223122662,-0.306650229859764,2.24118191013093,-0.130781764013622,-0.262904613448501,-0.266943615488728,-0.24109540919036,-0.244547150456313,-0.075079888588345,-0.0822923157224407,-0.33568831340359,-0.592941729239718,-0.4902547149162,0.933140068228888,-0.281068937511717,-0.702028011214909,-0.653137775721136,0.53453734447838,0.450905193644239,-0.683365871125354,0.243618837422629,-0.579477869256204,0.0880108690941487,0.260694391152131,-0.521193651379517,0.577767893095068,-0.33991028860065,-0.186154587229075,0.8894275417093,-0.406128556927048,-0.1735776336434,-0.724127398709242,0.17288990130546,0.517639676302385,-0.641496686825704,0.224309818119401,0.131568034740977,-0.338737497478086,-0.165844286316846,0.38666640355109,0.272006261677524,-0.139708526952382,-0.14201962194541,-0.362395083456155,0.128561757164442,-0.519135256156246,0.188626210231327,-0.129161545067351,-0.214596070721268,0.226807449781896,-0.105572244519405,-0.0273282497628049,0.0678628792724173,-0.189291646914691,-0.0228067467350094,0.0845354187619339,0.222873136444906,-0.0110352542275712,-0.10015798388422,-0.0608238281582011,0.241760199029319,-0.00588147687294615,-0.637595643891894,0.23174940465002,0.336230352011578,0.97614794703786,-0.82155907633481,0.256317418788695,0.565363138903308,-0.709728293409484,0.229693804852967,0.1823335777197,-0.368336459146661,-0.197002365720273,0.421215794292262,0.327022583023651,-0.147740037718464,-0.144568828100214,-0.440885020870965,0.167219541229533,-0.617489131409174,-0.102660694933494,-0.235867385296338,-0.121523552555622,0.211532904624304,-0.254174814701575,0.00926391640374665,0.120256178342488,-0.224265096482405,-0.0325629452808155,0.119369428309647,-0.029976769234659,-0.0266917569260613,0.0454249005830533,-0.0564259412953402,-0.0734568163882784,-0.00634890887078064,-0.0286061121781641,0.0236509862435352,0.221156656865484,0.0887780546334171,0.318760647273458,-0.192999774016428,-0.270388741895727,0.288525171423076,-0.181280597729208,0.0377839877042942,0.107145220711945,-0.239175876581246,0.0195229197799133,0.204162834205704,-0.0372042446827045,-0.0143848422502454,0.049491214401324,-0.0367622818116126,-0.0767977673425139,0.00931554693789356,-0.0403617220137403,-0.0308662675170609,-0.0544984993333159,-0.00529669592127938,-0.00678009770646498,0.097554172570361,0.0490076601287552,0.0906075986557919,0.144982596793899,0.118979691989145,0.00201745607164391,0.0122567525874319,0.164148968630546,0.00138280584315726,-0.462028554718585,0.129707792806678,0.187422434679528,0.0736641880475713,0.921426832957566
499.257202148438,0.454693096200334,0.0018363761266763,0.469323281677592,1.55838986135719,-0.188690710103128,0.113342715171427,-0.810126609616676,-0.706578202000684,-0.385364862662207,-0.3942707518041,0.595340862031945,-0.661131616852152,1.86451303360313,-0.17876758579041,-0.36345108198231,-0.372164226001052,0.390478294047706,-0.676914009309313,1.8107458660567,-0.178560121049442,-0.370058198510386,-0.377741395934447,0.231194326618336,-0.499663055297737,2.12186530101173,-0.150662345400436,-0.137881893101475,-0.644578882237573,-0.482991388339556,0.440859640906981,-0.132053130867325,-0.11578375940243,-0.584867307644152,2.03293173809087,-0.173272696819296,-0.289555223122662,-0.306650229859764,-0.44602634159486,-0.130781764013622,-0.262904613448501,-0.266943615488728,-0.24109540919036,-0.244547150456313,-0.075079888588345,-0.0822923157224407,-0.33568831340359,0.454693096200323,-1.1267152193162,-0.693892595737262,0.987009405809045,1.0180488346498,0.00183637612668535,0.175599604588688,0.147158904876278,-0.12222461661937,0.071265665517098,-0.680090869057492,-0.47959021184464,0.668869075106886,0.336257177980103,-0.479639853283965,-0.239510994521108,0.468131329548468,0.139167089991882,0.0780988586548304,0.523731327539782,0.113342715171442,-0.190515167422967,0.0521148500689244,-0.100550825985741,0.143001472102342,-0.304628210751828,-0.119254283964212,0.0139961326318575,0.053122027093468,-0.177634145339322,0.0133429308251655,0.057640945641311,-0.0427637327534315,-0.0360042881343665,0.0190915812793447,-0.502910675758338,-0.236395134566413,0.517827942643964,0.37561280884806,0.0168580546986422,-0.090011998968893,0.0157395246585392,0.292030771164746,0.0576107169650982,0.260549442980276,0.59733848653149,0.379619967890426,-0.793722008167866,0.113382733959223,0.151363368295503,-0.299092947778464,-0.371280621371842,-0.267813828063237,-0.0515411567722491,-0.131856937777427,-0.810126609616662,-0.575441217705564,1.06121859149625,0.488489592221725,-0.690127429379635,-0.33208276073829,-0.111319712602708,0.0113898659334662,0.0396336897895053,0.397319009597514,0.251436019305642,-0.423590662928233,0.36743384010893,0.0980039723696185,-0.082696530537612,-0.37316627914768,-0.128710023816815,0.0435292757849205,0.0630589192412691,-0.109452609246633,-0.0630670213334477,0.0632607675281729,-0.0693172494821045,-0.0860253090851774,-0.0135606019321304,0.0621272303702402,-0.0121024900452141,-0.0979787572902838,-0.0838621735928574,-0.0596015903066327,-0.0841433543370802,-0.0729056562682127,-0.0234476370769497,0.154313589671145,0.0462588438377024,0.304885235372333,0.111223642765123,-0.479127460533682,-0.117500334141308,0.063791895166069,-0.0784894216541008,0.0180215992636953,-0.264541071580484,-0.162870883042384,-0.241243635956957,0.00496885515280134,-0.0325637295267712,0.00934755724573686,-0.0841244449787156,-0.0556693197122379,-0.0237648630875074,-0.0513366344714084,-0.0325588557363514,-0.0474472958154285,-0.00049704334260598,0.0101369591057101,0.0981266032945625,0.0306824605116277,0.0853329351617416,0.147814892536858,0.107016323015881,0.00138471326422339,0.0128179829894529,0.165667601788503,0.00117860409150143,-0.480600912921906,-0.308578322375927,-0.070810880534736,-0.0203113558304693,0.933783982359117
3083.5810546875,-1.25961843633792,-1.30811192756897,-2.12993091808961,1.55838986135719,-0.188690710103128,1.55518768299641,-0.81011457655227,1.41474243812483,-0.385364862662207,-0.3942707518041,-1.76012543922271,0.471433294610084,0.727456449878341,-0.17876758579041,-0.36345108198231,-0.372164226001052,-1.82446308056466,1.1874308811951,1.00369039195303,-0.178560121049442,-0.370058198510386,-0.377741395934447,-1.12622394967012,4.12559211228963,4.70286882154729,-0.150662345400436,-0.137881893101475,-1.09542052868858,0.304014998183424,0.440882215583099,-0.132053130867325,-0.11578375940243,-0.584867307644152,-0.491716543892917,-0.173272696819296,-0.289555223122662,-0.306650229859764,2.24118191013093,-0.130781764013622,-0.262904613448501,-0.266943615488728,-0.24109540919036,-0.244547150456313,-0.075079888588345,-0.0822923157224407,-0.33568831340359,-1.25961843633793,1.24624455689412,-0.772650728281754,-0.0905281035533678,0.907385005257735,-1.30811192756896,1.70528973548993,-1.3874006812629,0.811469928593477,0.181836506609498,0.105318073075787,-0.32607000517846,0.131311836130583,-0.132233127430412,1.38564435842638,-1.47121337086448,1.41057951655404,0.0926320231765849,-0.0694338602656229,-1.20769456413253,1.55518768299642,-2.12424167193623,2.04440921343866,-1.11797094166571,-0.081124453045255,-2.18189264878076,1.8855577247668,-1.95423469862052,1.24079188963941,0.0404175795794593,-0.109281590396412,0.13767086211856,1.89716717735354,-1.65859381894419,0.123735262190001,-0.227440286342339,0.236465365148931,-0.426808847385961,0.226564156121913,0.315677078695285,-0.409394506881059,0.340412447247167,-0.0982685647419833,-0.0535170251435178,-0.480020902597085,-0.936619714371212,1.25832883686156,-1.40173688507927,1.56737054743801,-1.47487093657856,0.0264000195891001,1.23910950873297,-1.53937356884045,-1.55775683164851,-0.0299909304230192,-0.810114576552255,0.774818852482367,-0.807815982928198,0.546016472518422,0.0890437641155983,0.682457653317903,-1.19136098025359,1.04963700807266,-0.586425820032297,-0.199977157588343,0.144264865109231,-0.0530428659146274,-1.04752740631169,0.915387077305034,-0.0500707394797603,-0.833265305258946,0.432480520302309,-0.65557743194703,0.33791714700125,0.504710449803843,-0.714554581737689,0.678338695532453,-0.143572703709779,-0.0438843376571686,-0.807461292593551,0.0255782808576327,-0.0773162875104122,0.0866083369506688,-0.149886781180771,0.0100148742449701,-0.0212755723412032,0.110098223310851,-0.128898434974224,-0.395867263001324,-0.202446445475203,0.304870687124293,-0.374078639646724,0.327380846149871,-0.136645490480593,-0.405052328050551,0.395397650690242,-0.412740944947147,0.00380090891245925,-0.114690751186238,0.525369429014774,0.0748242906795114,-0.124534940294946,0.175577859142972,-0.279071962054984,0.128916052092688,-0.00831706982828331,-0.0470182650084454,-0.0247553691310855,-0.0309925622278446,-0.0207051153861011,0.0101546265756187,0.081216001204523,0.0606041673087512,0.0694218230296628,0.165795991347357,0.115818945344085,0.00384848220913874,0.00948110085059698,0.155889658632417,0.00132769729084366,-0.48062014307993,0.424675813024084,0.46637730161204,-0.187706296065649,0.93379642641484
3708.71899414062,-1.16437890675246,-0.325650699797235,-2.12993091808961,1.55838986135719,-0.188690710103128,-0.686471577172017,-0.783728529216717,1.41474243812483,-0.385364862662207,-0.3942707518041,-1.76012543922271,0.525364957060667,0.790626260085274,-0.17876758579041,-0.36345108198231,-0.372164226001052,-1.82446308056466,1.88656021513426,1.60898199753078,-0.178560121049442,-0.370058198510386,-0.377741395934447,-1.12622394967012,0.53010974645726,0.690141675810115,-0.150662345400436,-0.137881893101475,-1.09542052868858,0.347624635995127,0.490383859762533,-0.132053130867325,-0.11578375940243,-0.584867307644152,-0.491716543892917,-0.173272696819296,-0.289555223122662,-0.306650229859764,2.24118191013093,-0.130781764013622,-0.262904613448501,-0.266943615488728,-0.24109540919036,-0.244547150456313,-0.075079888588345,-0.0822923157224407,-0.33568831340359,-1.16437890675247,0.934769472786523,-0.29210488612993,-0.553134661047583,1.07981072095586,-0.325650699797225,0.52702134437327,-0.137799634298721,-0.0332841562306228,0.240349312959192,-0.702807236973186,0.500770283250313,-0.535931425127121,0.110501030366282,0.0274851773315261,-0.0894401852259564,0.0592575451133077,0.685654126037169,-0.62828312355162,0.365275385271113,-0.686471577171999,0.528714328592478,-0.443572273601407,0.152379111141865,0.380595238806082,-0.0985541453571587,-0.322981829050503,0.176420591189808,0.00389578433371274,0.328893873541206,-0.363785084688879,0.306140635947938,-0.0115956921311671,-0.00783902154265925,-0.37771141345112,0.144096650549435,-0.180507395055657,0.0378439640560791,0.0391515054615699,-0.0292018736037095,-0.0430364399874059,-0.0236920020098829,-0.18072530509257,0.0242777116329832,-0.0552569619254207,0.269501413630631,-0.186791951169191,0.344185824604769,0.00783494045697781,0.258485217681494,-0.069643820442031,-0.671322349516395,0.600447331641655,0.152327639027667,0.974659425291297,-0.783728529216703,0.669933807971579,-0.538507538931102,0.188017783808134,0.410524386888942,-0.0866624054005982,-0.351342479428984,0.197863640166915,-0.0180858275293308,0.397178549095295,-0.416753121126773,0.394405673290893,-0.01658427029558,-0.00214591652881249,-0.450164287962044,-0.125076041502097,-0.330171723369865,0.21039479578228,-0.00367243695525939,-0.174673564094906,0.000981152433270859,0.0141540225616717,-0.2369658756539,0.0390760541367535,-0.0265369815187806,-0.0230925931833786,-0.0205023239932636,-0.00323379040333398,-0.0740232801629692,-0.0695099910584679,-0.00856058074561344,-0.0327460827715372,0.0433394959171563,0.192967516518581,0.0892188041210641,0.273253108250869,-0.312933626402428,0.188573059008405,-0.0124143108102119,-0.0413316047509665,0.0190631012500327,-0.0536160172718968,-0.247389499807779,0.12162416896031,-0.0339849824186611,-0.0303322681508394,-0.00214826293145438,-0.0266553998870778,-0.0649457886044273,-0.0724821601560834,0.00891080422109598,-0.0414286772668817,-0.0313728374419371,-0.0497153047295318,-0.00518439599325885,0.0481990099420883,0.0391041733785825,0.100869702867381,0.0665359423101725,0.167456245028535,0.0771928648089369,-0.0043755671428017,0.0190298521898221,0.170766063076514,0.00182254519810809,-0.521197054680632,0.42598659346899,0.0747607478727123,0.0792730139012291,0.958299946038305
7659.2177734375,-1.35485796592338,-0.325650699797235,-2.12993091808961,1.55838986135719,-0.188690710103128,-0.744836876493597,-0.733836453513433,1.41474243812483,-0.385364862662207,-0.3942707518041,-1.76012543922271,0.417501632159501,0.664286639671409,-0.17876758579041,-0.36345108198231,-0.372164226001052,-1.82446308056466,1.88656021513426,1.60898199753078,-0.178560121049442,-0.370058198510386,-0.377741395934447,-1.12622394967012,0.436495427717533,0.585663700446821,-0.150662345400436,-0.137881893101475,-1.09542052868858,0.430083949564336,0.583984077613639,-0.132053130867325,-0.11578375940243,-0.584867307644152,-0.491716543892917,-0.173272696819296,-0.289555223122662,-0.306650229859764,2.24118191013093,-0.130781764013622,-0.262904613448501,-0.266943615488728,-0.24109540919036,-0.244547150456313,-0.075079888588345,-0.0822923157224407,-0.33568831340359,-1.35485796592338,1.5788542275228,-1.34882948886414,0.610994814257264,0.344136193193809,-0.325650699797225,0.584636791864841,-0.33548847990378,0.28421556213296,-0.119121955522684,-0.702807236973186,0.617163342366398,-0.919125549767244,0.739355944159132,0.0274851773315261,-0.0936622884135688,0.073319813517637,0.685654126037169,-0.735352761892461,0.365275385271113,-0.744836876493578,0.730538743033352,-0.958844777066066,0.880933705186681,-0.359933627980795,-0.0810169539908075,-0.376444817362639,0.311509377131721,-0.193949887217,0.366027114816305,-0.469376506240402,0.562400970562688,-0.0130042824164247,-0.00435977743745427,-0.410354521646943,0.213655226555402,-0.292205368516691,0.263015862188634,-0.172584243733722,-0.0518823735143342,-0.00922595188739124,-0.0816367219058487,-0.232860272928014,0.100101900629262,-0.0527121604611086,0.195882544895013,-0.139954001571306,0.414737662992656,0.0363111856846437,0.241878977163756,-0.014894520318349,-0.61654363969476,0.64946084472866,0.135744028021414,0.973192716517326,-0.73383645351342,0.749354471841514,-0.952700418310119,0.874149176517388,-0.376623778321352,-0.102195297583413,-0.37287704605613,0.307066716866934,-0.20730596425934,0.364262352195642,-0.459765004104294,0.610064029964417,-0.0153002214588103,-0.000662681579309816,-0.420560203314704,-0.12169594277757,-0.369487779664495,0.360807915732884,-0.178938483601621,-0.175714825307313,0.0126429855015327,-0.0209642058597743,-0.239260814094846,0.0634338671679545,-0.0264323636520908,-0.0302749042843335,-0.00785629320390934,-0.0412890233188802,-0.0701231821688816,-0.0755600225585065,-0.00202508196091504,-0.022810124145803,0.03600386547959,0.180777513549807,0.0751703680643742,0.215019312892715,-0.288002720887555,0.282277252787863,-0.180091971238935,-0.0190684950877931,0.0108106290213102,-0.0773703999812275,-0.201525652220787,0.104736607112006,-0.0361426465543333,-0.0259738097927744,-0.00236259757836907,-0.0471144211799518,-0.0677528196121008,-0.0723722496487886,0.00485611039781198,-0.041091129283364,-0.0321874155154607,-0.0501019502353596,-0.00654653990516593,0.116359479700704,-0.0595679486335599,0.273191884630353,0.0399857254850813,0.203005357945149,0.0242416599470851,-0.0133907301527261,0.0319260567700315,0.179024141884687,0.0027804656129788,-0.589415715629333,0.596594029815864,0.0937158249715731,0.0988951107414092,0.990075649792069
20857.83984375,-1.25961843633792,-0.325650699797235,-2.12993091808961,-0.641448069582378,5.29769678474325,-1.11042047631065,-0.643505294545744,1.41474243812483,-0.385364862662207,-0.3942707518041,-1.76012543922271,0.471433294610084,-0.599109564467246,3.01330778985367,-0.36345108198231,-0.372164226001052,-1.82446308056466,1.88656021513426,-0.610420556254294,5.23249195091743,-0.370058198510386,-0.377741395934447,-1.12622394967012,-0.149877983146423,-0.459133123814017,0.656072959782239,-0.137881893101475,-1.09542052868858,0.579379108312291,-0.452454947197622,2.28699434198419,-0.11578375940243,-0.584867307644152,-0.491716543892917,-0.173272696819296,-0.289555223122662,-0.306650229859764,-0.44602634159486,7.64346754124059,-0.262904613448501,-0.266943615488728,-0.24109540919036,-0.244547150456313,-0.075079888588345,-0.0822923157224407,-0.33568831340359,-1.25961843633793,1.24624455689412,-0.772650728281754,-0.0905281035533678,0.907385005257735,-0.325650699797225,0.555829068119055,-0.233400639227306,0.111098939562946,0.0975011422375184,-0.702807236973186,0.558966812808355,-0.721241543592336,0.396472998235668,0.0274851773315261,-0.0915512368197626,0.0660579641602939,0.685654126037169,-0.68181794272204,0.365275385271113,-1.11042047631063,1.10522477872257,-1.15931028652528,0.748030576358534,0.132936711242427,0.0288310143210879,-0.475698592988687,0.364065339489471,-0.157858825559954,0.598619154538896,-0.665406462544423,0.662098428096937,-0.0218272904903572,0.00209942218210532,-0.61482164752758,0.718490590978377,-0.857216490861915,0.883175274931874,-0.402271722460399,-0.216490666195502,0.161800443995194,-0.241225745937166,-0.611240294453017,0.483649683979596,-0.0342427516780725,-0.446621348015025,0.661145362310121,-0.650484661628773,0.284835765435273,-0.0421481595797057,0.462926438733507,0.0901781441068443,-0.217363215362081,-0.0782076913668769,0.344665424781274,-0.643505294545731,0.570777721567251,-0.605942202278939,0.429933581544489,0.0755811080472325,-0.13031808328065,-0.324456739054691,0.21564297216522,-0.0848009506256145,0.304666551202366,-0.363053116907263,0.429516969028836,-0.0129754109961965,-0.00399772392558347,-0.366961084843957,-0.055531250494036,-0.424453645520412,0.372310105382383,-0.122999525842666,-0.196097285501666,0.0289468270481155,-0.0236497197537122,-0.28418373147977,0.097487340730596,-0.0243844918231828,-0.0803180564879869,0.0499542667236291,-0.129380620123212,-0.0429490324023335,-0.103217373265806,0.0435113694420279,0.0406827737673386,-0.0437979920841281,0.102880790826679,-0.0221442713870983,0.114745200102484,-0.151706298250682,0.0632393870201251,-0.0194653475143445,0.0192668659460601,-0.0343053593255244,-0.0218434370842638,-0.122551637258388,0.0124128740005233,-0.039857978099756,-0.0207710760921277,-0.0108391546842902,-0.0222863109591846,-0.0711035995490844,-0.0680254830152281,1.59833466569109e-05,-0.039214303104853,-0.0342545500568891,-0.0522517672764179,-0.0105809239273909,0.227425185960385,-0.184761998531311,0.39711194478629,-0.00327715978359965,0.248109662236442,-0.0620409461750534,-0.0412983395914588,0.064727607340987,0.204588098724855,0.0101881455404439,-0.68595250685062,0.654853822478969,0.120539311317225,0.176840178168237,1.0037598918906
7078.17822265625,-1.069139377167,0.0018363761266763,-2.12993091808961,-0.641448069582378,5.29769678474325,-0.911534611910321,-0.6406076481941,-0.706578202000684,-0.385364862662207,-0.3942707518041,-1.76012543922271,-0.661131616852152,-0.599109564467246,3.31731496848644,-0.36345108198231,-0.372164226001052,-1.82446308056466,-0.676914009309313,-0.610420556254294,5.72440577564169,-0.370058198510386,-0.377741395934447,-1.12622394967012,-0.499663055297737,-0.459133123814017,1.39180771757051,-0.137881893101475,-1.09542052868858,-0.482991388339556,-0.452454947197622,2.29789924764219,-0.11578375940243,-0.584867307644152,-0.491716543892917,-0.173272696819296,-0.289555223122662,-0.306650229859764,-0.44602634159486,-0.130781764013622,-0.262904613448501,-0.266943615488728,-0.24109540919036,-0.244547150456313,-0.075079888588345,-0.0822923157224407,-0.33568831340359,-1.06913937716701,0.644428975200017,0.0990627016715037,-0.815246104441951,0.980171520710378,0.00183637612668535,0.173000411468757,0.150224414529551,-0.120881109869185,0.0681274057937434,-0.680090869057492,0.421457501521909,-0.350802847814038,-0.120376631614676,-0.479639853283965,0.349923500742696,-0.206680988122393,0.139167089991882,-0.0957563774304305,0.523731327539782,-0.911534611910301,0.697268658162169,-0.391231323972446,-0.111107107617338,0.70296892727366,-0.30636475891065,-0.117928122574153,0.013340689649037,0.0531058617460433,0.453338812939774,-0.436118968968204,0.271003452431865,0.388873177771202,-0.303080461757788,-0.0972513831008738,0.429058698487869,-0.447559928167429,0.195416945495952,0.111936129231258,0.0185716694960165,-0.0903724425379425,0.0152716611770126,-0.383913338062738,0.196322933481701,-0.334456882368143,-0.0572002083821758,0.175998062889856,-0.0110851579912603,0.111955028785482,0.150956262235184,0.171944545993783,-0.377458671517281,0.255042253992077,-0.0515517037578798,0.836560274304902,-0.640607648194086,0.448592414823546,-0.227602402571925,-0.0756458218212658,0.48973700274785,-0.331785149956665,-0.109753948016464,0.00947369401953614,0.0387563798534948,0.289094137557899,-0.285224791183188,0.22577150684285,0.291298731748172,-0.235735346964468,-0.062280570826616,-0.106984698217086,-0.329435950215311,0.157506737675542,0.0612859288898654,-0.10899020913701,-0.0634027666518546,0.0634108311705963,-0.244201368946914,0.0343126202842627,-0.157331568664358,-0.049611605328809,0.0048690074342619,-0.0224144403554999,-0.0842043303103692,-0.0595558042556645,0.0142462890625585,0.00375470359061937,0.00247467498208889,0.154843954251967,0.0350148381048266,0.111638652470943,-0.128327576863263,-0.0159746711315812,0.0600773825673082,0.0633752827822382,-0.078936572469944,0.0186836917009437,-0.11726305326307,-0.005849786731036,-0.116293340255296,-0.0166944162747195,-0.0185962195977019,0.00231548441472627,-0.0842031220115152,-0.0556289295643157,-0.00426282838744825,-0.040990379440509,-0.0316393478614395,-0.0473804660017306,-0.00864242620004736,0.2307288973934,-0.146093825857196,0.229662268765324,0.0858174808757378,0.147318727780335,-0.0588138781448242,-0.0341947408463813,0.0494867229963819,0.165483814977514,0.00674439967635164,-0.688498110793921,0.540994940919823,-0.0711366276834228,0.144445911484217,1.00334544476537
0,-0.497702199654253,-0.980624851645057,-2.12993091808961,1.55838986135719,-0.188690710103128,-0.65303129412624,-0.626195414737393,1.41474243812483,-0.385364862662207,-0.3942707518041,-1.76012543922271,0.902886594214745,1.2328149315338,-0.17876758579041,-0.36345108198231,-0.372164226001052,-1.82446308056466,1.42047399250815,1.20545426047895,-0.178560121049442,-0.370058198510386,-0.377741395934447,-1.12622394967012,0.583745885604697,0.750002125577508,-0.150662345400436,-0.137881893101475,-1.09542052868858,0.607988076506978,0.785924456664528,-0.132053130867325,-0.11578375940243,-0.584867307644152,-0.491716543892917,-0.173272696819296,-0.289555223122662,-0.306650229859764,2.24118191013093,-0.130781764013622,-0.262904613448501,-0.266943615488728,-0.24109540919036,-0.244547150456313,-0.075079888588345,-0.0822923157224407,-0.33568831340359,-0.49770219965426,-0.653787693376182,0.919386075611619,-0.00141483486751773,-0.913890409064484,-0.980624851645047,0.628151616680855,0.753373095012277,-0.952870807673876,0.0708625771840518,-0.310102765906546,-0.0765389331433738,0.191829286364593,-0.304740463609231,1.06566778859668,-0.491365580479905,-0.51459359183192,0.682450040812758,-0.252232052143916,-0.809472178513938,-0.653031294126222,0.0725233703083246,0.587015305367417,-0.573252099412208,0.0445841950959212,0.286047370180225,-0.368689840649735,-0.310878284293533,0.498046439691211,0.0754668156791619,-0.0337261886755374,-0.0919818024054532,-0.606093152952877,0.187853426758494,-0.357301859689087,0.105612726477163,-0.0747481701202551,-0.188563779344124,0.15890918416644,-0.0859149300815515,-0.0456757268800025,0.0742833313802887,-0.107650403109105,-0.0658158816515808,0.0892819394171416,0.30829285941293,-0.0316317685704449,-0.213700586626526,-0.24701402308411,0.309338774315406,0.0296173848870469,-0.696499201526853,0.203058755712441,0.584041626540376,0.966366144458463,-0.62619541473738,0.0857084880512856,0.571804914845887,-0.537571417872975,0.0243742568337694,0.256398198697368,-0.358179388583945,-0.30594420159319,0.46997170678678,0.0624029284602538,-0.00865941331817878,-0.0678998407976193,-0.62127442753672,0.200695485448484,-0.354953735438471,-0.175921600225361,-0.184450149403263,-0.111368960487802,0.1573978983496,-0.258810858197948,-0.000406769349622559,0.141723162926504,-0.141335428894413,-0.0754799919005459,0.160203186588264,-0.0154282802146712,-0.0359067002920907,0.0366505946259454,-0.0663560219146491,-0.0670893701387237,-0.0210416355550361,-0.0300711172442552,0.021861166284579,0.259837277377831,0.0720634527268661,0.0962890203509843,-0.0619981072144378,-0.166355077589905,0.121871955022933,-0.0477160784086231,-0.0343744876695107,0.0721415600306762,-0.0656416694037907,-0.0651956638354139,0.0942181012170577,-0.010515325211521,-0.0302255334642016,0.03047421513527,-0.064764845637829,-0.0629274086369195,-0.014719361946858,-0.042930283940013,-0.0293463965525575,-0.0491998595612048,-0.0070837874950569,0.24692444624012,-0.0257900822347128,-0.155751386581246,-0.204323946955966,0.277381816676549,0.0299965733800731,-0.0259389955484115,0.0258504916236539,0.240502929633995,0.0028455667375558,-0.700667059080918,0.196247429779605,0.516194976445327,0.103373333515894,1.00055106237681
1239.84399414062,-0.592941729239711,-0.980624851645057,0.469323281677592,1.55838986135719,-0.188690710103128,-0.583548032437322,-0.62261026523223,1.41474243812483,-0.385364862662207,-0.3942707518041,-0.0690214280655209,0.848954931764163,1.16964512132687,-0.17876758579041,-0.36345108198231,-0.372164226001052,-0.163257049605385,1.42047399250815,1.20545426047895,-0.178560121049442,-0.370058198510386,-0.377741395934447,-0.424891539850914,0.695192726149166,0.874382032598942,-0.150662345400436,-0.137881893101475,-0.467035693493841,0.613913445677762,0.792650389991248,-0.132053130867325,-0.11578375940243,1.70915035796891,2.03293173809087,-0.173272696819296,-0.289555223122662,-0.306650229859764,2.24118191013093,-0.130781764013622,-0.262904613448501,-0.266943615488728,-0.24109540919036,-0.244547150456313,-0.075079888588345,-0.0822923157224407,-0.33568831340359,-0.592941729239718,-0.4902547149162,0.933140068228888,-0.281068937511717,-0.702028011214909,-0.980624851645047,0.714899687058203,0.602227542721376,-0.965314841756562,0.330899473042123,-0.310102765906546,-0.0508606193288569,0.148900304987492,-0.308351957144995,1.06566778859668,-0.57321623243127,-0.376160153603335,0.682450040812758,-0.305516701270022,-0.809472178513938,-0.583548032437303,0.0927167311724794,0.451173872484248,-0.522646222000861,0.189259449901357,0.223178392206161,-0.384797743983931,-0.203636146122374,0.456663980947758,0.0559612857284632,-0.038387766691573,-0.0621728928002035,-0.541075174219518,0.201350608656235,-0.318622190186527,0.0288398882082951,-0.0421966028867474,-0.127546880668075,0.0985208983770777,-0.0105341866519729,-0.0753465045388578,0.0270008033895138,-0.0822608276558247,-0.0755658632964123,-0.0196196242109257,0.381169778105052,-0.101850310720536,-0.195631154182535,-0.331899709743091,0.384306810911622,0.00570357076636046,-0.73513331922402,0.284580081975175,0.619261612691695,0.930177760827706,-0.622610265232217,0.14162548259819,0.470534268687259,-0.542321148163722,0.179782107898451,0.253037118264628,-0.403835332221222,-0.225542228532859,0.473916097163548,0.061359278730753,-0.022021312120707,-0.0446341121186882,-0.617696920179686,0.241185091697174,-0.352836383231351,-0.19388434372016,-0.188552609242448,-0.0740949391088638,0.146240545394679,-0.24214783290477,0.00325753965600435,0.115516965468453,-0.13595417183291,-0.0743585362654425,0.138646974969032,-0.00753800277314227,-0.0393863557735737,0.0274209384346938,-0.0792579453543247,-0.0620764529847829,-0.0242095702109901,-0.0365903128032222,0.0282586430939588,0.283921848956063,0.0761729925307831,0.0924969710011043,-0.0684255256388542,-0.14672864661917,0.120105760923086,-0.0433505623543987,-0.0279678011920534,0.0571593137649885,-0.0643239019255515,-0.0632746305576742,0.0887704910345848,-0.00910044559432745,-0.030119074710099,0.0266081675014957,-0.0675088492498898,-0.0630918000358614,-0.0153001451794822,-0.0433159874493818,-0.0291735147231301,-0.0478694605346369,-0.00684302675577412,0.250892221542147,-0.0509318611119775,-0.107985414433068,-0.208978022693643,0.304657848075493,0.0286365080924884,-0.0234418575638986,0.0269222681873415,0.233614838896735,0.00183807188784537,-0.703567674734994,0.257165737217165,0.518621940983645,0.0920220699382843,0.999669061155311
3982.80102539062,-0.402462670068794,-0.325650699797235,0.469323281677592,1.55838986135719,-0.188690710103128,-1.32849940599973,-0.615297047193779,1.41474243812483,2.59397330965399,-0.3942707518041,0.0517717155885639,0.956818256665328,1.29598474174074,-0.17876758579041,2.02845881871315,-0.372164226001052,0.205899846163342,1.88656021513426,1.60898199753078,-0.178560121049442,2.44362719972426,-0.377741395934447,-1.12622394967012,-0.499663055297737,-0.459133123814017,-0.150662345400436,-0.137881893101475,-0.460111432812527,0.626000393974302,0.806370380429462,-0.132053130867325,2.81543879474153,1.70915035796891,2.03293173809087,-0.173272696819296,3.45228159742381,-0.306650229859764,2.24118191013093,-0.130781764013622,3.80223897600087,-0.266943615488728,4.14618499614443,-0.244547150456313,-0.075079888588345,-0.0822923157224407,-0.33568831340359,-0.402462670068802,-0.796186085315076,0.860036477205174,0.282606174354264,-1.02514037676671,-0.325650699797225,0.296559554406987,0.393482318205926,-0.379452455357408,-0.017718904191081,-0.702807236973186,0.0351980467859693,0.493889565045655,-0.575136226344309,0.0274851773315261,-0.0725517724755071,0.0214656839102631,0.685654126037169,-0.200004570188254,0.365275385271113,-1.32849940599971,0.274175768075478,1.19534491521695,-1.06446301008434,-0.289279050819615,0.0943578250696166,-0.255554941557193,-0.253253672055625,0.334340405248947,0.737365594757455,-0.230614434749784,-0.508941605756165,-0.0270904154181826,-0.0122270029901941,-0.736790937153716,1.07641780061139,-0.424148517227165,-1.06419021819091,0.871878619681586,-0.333197598858919,0.0307126622264112,0.259900500143693,-0.879510932426488,0.189669167917931,-0.0211479797679478,-0.990737241763597,0.502623904192576,1.00468576657979,0.49530324325402,0.0140551004545754,0.867577649496993,0.871187253418242,-0.433887005198729,-0.314649026026515,-0.745409890281964,-0.615297047193766,0.0234602069768084,0.650063260235574,-0.495606314837468,-0.131624720135181,-0.139100152549325,-0.17605398201587,-0.115506276620161,0.170442851951254,0.286056216576214,-0.066642135910377,-0.224449063475035,-0.0122494286294774,-0.0142192510012693,-0.350223369874409,-0.015014498733722,-0.227678152664808,-0.27155657080546,0.256210475670433,-0.208578732198647,-0.0294202414190347,0.126679300844673,-0.311692824762245,-0.0244226654048334,-0.023130452672313,-0.113066750970241,0.000602454728704252,0.166402828869056,-0.025166021354226,-0.0796068015277843,0.0733108378834284,0.0881305574808016,-0.02707462734846,0.0446691329368357,-0.113270187648567,0.084794173808463,-0.0491872328911767,-0.171437810625543,0.109427536537629,0.0307173128696611,-0.068240578376802,0.0376481581281002,-0.0989627693754942,-0.0570309356459449,-0.0409677160940552,-0.0184244573917641,-0.0281185856638594,0.0432959950119284,-0.0726149209645841,-0.0591646149658124,-0.0021670868052835,-0.0387602756180733,-0.0309200653567714,-0.0527718346323423,-0.0119965415422464,0.258910826321972,-0.0076231142510145,-0.21130948465903,-0.0155416083919709,0.184290925284294,-0.0865009095364747,-0.056680751375743,0.0353599502170256,0.218678711244512,0.0163527459774233,-0.709329515596356,0.139962409495134,0.127034792127811,0.220477078964735,0.997643087439593
0,-0.878660317996087,-0.653137775721146,0.469323281677592,1.55838986135719,-0.188690710103128,-0.343240561521939,-0.614756192614666,1.41474243812483,-0.385364862662207,-0.3942707518041,-0.250211143546648,0.687159944412415,0.980135690706072,-0.17876758579041,-0.36345108198231,-0.372164226001052,0.0213213982789787,1.65351710382121,1.40721812900486,-0.178560121049442,-0.370058198510386,-0.377741395934447,-0.198654736140229,1.08063099922066,1.30454924355729,-0.150662345400436,-0.137881893101475,-0.45959934386936,0.626894293390307,0.807385052713932,-0.132053130867325,-0.11578375940243,1.70915035796891,2.03293173809087,-0.173272696819296,-0.289555223122662,-0.306650229859764,2.24118191013093,-0.130781764013622,-0.262904613448501,-0.266943615488728,-0.24109540919036,-0.244547150456313,-0.075079888588345,-0.0822923157224407,-0.33568831340359,-0.878660317996093,0.127151739590268,0.638281770543895,-0.878664970227119,0.345726682405881,-0.653137775721136,0.70787103566308,0.0708356247881729,-0.505682139453989,0.613722507232963,-0.579477869256204,0.231963289497385,-0.0421695831034994,-0.376515609074279,0.577767893095068,-0.473039991588124,0.0972053120905911,0.8894275417093,-0.61446395870957,-0.1735776336434,-0.343240561521922,0.0499943335125555,0.133183165035558,-0.227787565669695,0.311299271242306,-0.0979696916081566,-0.273444209884079,0.0363097134688773,0.161339870100513,0.0722020049393016,-0.0866943790132592,0.0156297596217023,-0.169162305694609,0.0840266727102127,-0.242798769569254,-0.203468720482244,0.13760074319847,-0.140584380329161,-0.0363725872131209,0.150844247730166,-0.189279150534729,0.0296638092803782,0.0530177655023247,-0.17211628205686,-0.217007623219025,0.556515643423758,-0.356293884015525,0.121316854776667,-0.319661656631064,0.487271099179997,-0.210465369520646,-0.743149706813445,0.482884071116718,0.400321056376726,0.654979908290295,-0.614756192614653,0.307871367673532,0.0977692497477852,-0.372255819953696,0.505724790924919,0.053202691196135,-0.396372542789296,0.0502576314697668,0.234555819191783,0.214527044521622,-0.170760683841269,0.0561708020474843,-0.329002711951652,0.187458736226922,-0.458311464528498,-0.253880838076826,-0.178207591002473,0.0115197084095094,0.0845007722955873,-0.160743440240397,-0.0250383446720562,0.0579555326368531,-0.139610229836219,-0.0620167947303997,0.0209816893054257,0.0158880027441132,-0.0582240372148291,0.0293244013341677,-0.106376843007202,-0.0432008125599578,-0.0407596791232447,-0.0520238032239834,0.0511757496585502,0.278778997584401,0.0760117776430028,0.0842262380883883,-0.0862172570512351,-0.0842373371650157,0.0941391315128023,-0.00144730966037483,-0.0331082947609133,0.0124988804112318,-0.0868749352824115,-0.0401159882187069,0.0214915945565777,-0.00511696772831589,-0.031109844186735,0.0186537015147951,-0.0782099363062377,-0.0595962880733844,-0.0152971189907936,-0.0443342654817575,-0.0283467753507251,-0.0453721120624624,-0.0063410882143059,0.259499849933155,-0.127949957717717,0.0858830014939898,-0.117422774095751,0.307927802812291,-0.0515823411306814,-0.013794876632475,0.0255250319913505,0.193199505979717,-0.00137197192643945,-0.709747404448994,0.440898678514509,0.325471733977357,0.0516937080502235,0.997481263165041
0,-0.592941729239711,-0.325650699797235,0.469323281677592,1.55838986135719,-0.188690710103128,-1.26842260943723,-0.563273465423797,1.41474243812483,-0.385364862662207,-0.3942707518041,-0.0690214280655209,0.848954931764163,1.16964512132687,-0.17876758579041,-0.36345108198231,-0.372164226001052,0.205899846163342,1.88656021513426,1.60898199753078,-0.178560121049442,-0.370058198510386,-0.377741395934447,-1.0696648157418,-0.403303601176268,-0.351591448467176,-0.150662345400436,-0.137881893101475,-0.410854752667482,0.711982562118129,0.903969418321257,-0.132053130867325,-0.11578375940243,1.70915035796891,2.03293173809087,-0.173272696819296,-0.289555223122662,-0.306650229859764,2.24118191013093,-0.130781764013622,-0.262904613448501,-0.266943615488728,-0.24109540919036,-0.244547150456313,-0.075079888588345,-0.0822923157224407,-0.33568831340359,-0.592941729239718,-0.4902547149162,0.933140068228888,-0.281068937511717,-0.702028011214909,-0.325650699797225,0.354175001898558,0.299582844567102,-0.401416900494145,0.156338201803136,-0.702807236973186,0.151591105902055,0.311877643760619,-0.618640042108811,0.0274851773315261,-0.0767738756631194,0.0281450673488834,0.685654126037169,-0.307074208529095,0.365275385271113,-1.26842260943721,0.48330439305844,0.774981985168787,-1.10166193377822,0.360017838871383,0.0763063751457684,-0.310952804418192,-0.143047290978884,0.344442113616909,0.69914346263921,-0.340027306627757,-0.29988262358758,-0.0256405197954244,-0.00862184185189803,-0.703190606254307,0.973580850317554,-0.556379181878942,-0.64222757749162,0.857018612483028,-0.299666241895141,0.0707383061583095,0.151314538819653,-0.802433433091192,0.279431610305998,-0.0249102710154092,-0.828124651344145,0.591923990334049,0.533728431673252,0.432403662189826,-0.0176059504977272,0.74664499093175,0.625372651590784,-0.452329544979921,-0.240231542488895,-0.377916039996554,-0.563273465423785,0.107418429941473,0.442251407096456,-0.492391700438465,0.164895864779551,-0.155296646184962,-0.198818888001676,-0.0607161175726464,0.169556331114899,0.251733762823238,-0.112111426711958,-0.11624738986719,-0.0109105222257108,-0.0126512740475225,-0.319354529549231,-0.0555677480922001,-0.260292983955786,-0.146007918194491,0.245239181924548,-0.196086042181156,-0.0197461094253622,0.0973663907617982,-0.284158951215092,-0.00421651968471166,-0.0243856214649982,-0.0944090282086181,0.00976041088433214,0.0971227492009775,-0.0352974325523809,-0.0839880911308559,0.0563333604781946,0.0670515626807238,-0.0315527544385124,0.0705300507275177,-0.0782344216495148,0.0312567893297407,-0.0347084494916726,-0.113258993756644,0.0745216200396493,0.0511849580643236,-0.0730332545930275,0.0228995985840891,-0.0567977271206184,-0.0668384955840085,-0.0429513699791743,-0.00682324188562448,-0.0313939931792533,0.0247539925871774,-0.0800865930506961,-0.057484990570988,-0.0129597508600605,-0.0418885267350036,-0.0299914297565385,-0.0491885685649316,-0.00948497427318256,0.313063718323918,-0.0867587554875135,-0.145864898183371,-0.0366355214687022,0.212801529786128,-0.128570174733907,-0.0656206452961947,0.0512188253659176,0.226867841984636,0.0177481014406097,-0.744431627075295,0.278729264340345,0.136788182478237,0.220938469827919,0.974828656840299
7094.919921875,-1.16437890675246,-0.653137775721146,-2.12993091808961,-0.641448069582378,-0.188690710103128,0.702097339049829,-0.522578204551369,1.41474243812483,-0.385364862662207,-0.3942707518041,-1.76012543922271,0.525364957060667,-0.599109564467246,-0.17876758579041,-0.36345108198231,-0.372164226001052,-1.82446308056466,1.65351710382121,-0.610420556254294,-0.178560121049442,-0.370058198510386,-0.377741395934447,-1.12622394967012,2.75728813200881,-0.459133123814017,-0.150662345400436,-0.137881893101475,-1.09542052868858,0.779241805790756,-0.452454947197622,-0.132053130867325,-0.11578375940243,-0.584867307644152,-0.491716543892917,-0.173272696819296,-0.289555223122662,-0.306650229859764,-0.44602634159486,-0.130781764013622,-0.262904613448501,-0.266943615488728,-0.24109540919036,-0.244547150456313,-0.075079888588345,-0.0822923157224407,-0.33568831340359,-1.16437890675247,0.934769472786523,-0.29210488612993,-0.553134661047583,1.07981072095586,-0.653137775721136,0.881204726847779,-0.426326206637413,0.0549755539295017,0.412114806602166,-0.579477869256204,0.375915709900621,-0.438340233037284,0.0799969636812245,0.577767893095068,-0.606169694575598,0.46786304962623,0.8894275417093,-0.822799360492091,-0.1735776336434,0.702097339049841,-1.02638175684541,0.808204419649661,-0.215105135214196,-0.300733117423962,-0.727932351215147,0.29842453110654,-0.31862834210202,0.154432388625895,-0.476157617583744,0.377627990923878,-0.261167954075264,0.361161996711158,-0.30603214673708,0.515602347343482,-0.614484565836551,0.630246438436033,-0.750126540064427,0.229800973860019,0.419634362238769,-0.488363457480062,0.34426199639744,0.30702004959367,-0.447855031759491,-0.533101912132573,0.199688130050602,-0.108140537129038,0.263901557021304,-0.0428370411550354,0.31081105933415,0.00833517346384373,0.429244599671625,-0.570163554031104,-0.311537633062465,-0.803302311706981,-0.522578204551357,0.374292973043816,-0.301166663328816,0.119229385707572,0.281589756631139,-0.00435465569598563,-0.432493959753865,0.261211827052759,-0.0372904007725998,0.164384550284229,-0.200420259978754,0.227435332018696,-0.279133551761343,0.213534717838568,-0.387361404192177,-0.481520031773352,0.0328753667730166,-0.142956776311935,0.0761891990110575,-0.0200965508366373,-0.150613241616111,0.130292791019335,-0.0121750536404182,-0.169842459664374,-0.127126261864258,0.0479928065343384,-0.0994760678292881,0.105516960509378,-0.141341889804913,-0.00361846758626866,-0.0648468157111513,-0.0170089242031365,0.0255051444396366,0.192620234740396,-0.053844020231222,-0.00908553478995112,-0.00767631606758384,-0.105643967931158,0.0533726177125285,0.0701010954992389,-0.0852511616977467,0.0233828125691165,-0.0262805393768623,-0.0839817453348825,-0.0511859169641034,-0.00153644244687061,-0.0338069120978542,0.0180501145453616,-0.0828349587095276,-0.0568223835957214,-0.0180435743140889,-0.0431660958156385,-0.029417909322509,-0.048055825622024,-0.00844489099396971,0.351934299074562,-0.304608390063059,0.453720191411189,-0.189636897165938,0.435577990933567,-0.110789982245313,0.0427649386308057,-0.0342946974911542,0.0892873851994503,-0.0101118835449573,-0.764924752145794,0.678547791979418,0.356221086297318,-0.13688191078007,0.947439262497336
12359.3095703125,0.930890744127627,-0.980624851645057,0.469323281677592,1.55838986135719,-0.188690710103128,-0.435003159416453,-0.503946235771851,1.41474243812483,-0.385364862662207,-0.3942707518041,0.897323721167157,1.71186153097349,2.18036208463779,-0.17876758579041,-0.36345108198231,-0.372164226001052,-0.163257049605385,1.42047399250815,1.20545426047895,-0.178560121049442,-0.370058198510386,-0.377741395934447,-0.28504438007749,0.933449485760889,1.14028776364485,-0.150662345400436,-0.137881893101475,-0.354682873003792,0.81003586144679,1.01527049252289,-0.132053130867325,-0.11578375940243,1.70915035796891,2.03293173809087,-0.173272696819296,-0.289555223122662,-0.306650229859764,2.24118191013093,-0.130781764013622,-0.262904613448501,-0.266943615488728,-0.24109540919036,-0.244547150456313,-0.075079888588345,-0.0822923157224407,-0.33568831340359,0.930890744127614,-0.570631987745429,-1.25578462345175,-0.413856288586075,0.898239292523557,-0.980624851645047,-0.673069438979358,0.676516333935333,1.01513216193809,0.454372042391565,-0.310102765906546,-0.461713640361128,0.170000112995162,0.266411138507226,1.06566778859668,0.736394198790568,-0.444200877486499,0.682450040812758,0.54703768474767,-0.809472178513938,-0.435003159416436,-0.629565131261665,0.414661441417816,0.465630399981349,0.203462839675733,0.0887738734327088,0.191354314031575,-0.174810837861978,-0.351489510866371,0.0142613654987056,0.128348878780901,-0.0541606410591367,-0.402076411636089,-0.281420424075489,-0.235930813082343,-0.120841236739455,-0.129754171958379,-0.0352096115806943,0.205930885962669,0.136432823170204,0.00446228456300888,-0.0445521533314657,-0.0327597241212182,-0.0493402537830332,-0.231940920648238,0.503169946548142,0.570024991405363,-0.318967793661,-0.474003248924729,-0.333013297076449,-0.0343295344087606,-0.761172703205795,-0.760867643634086,0.642999873014234,0.782331039813448,-0.503946235771839,-0.673405394055786,0.45335484900099,0.552249648823613,0.209741545883413,0.141789498907326,0.261633262231608,-0.21190294319993,-0.435064887870127,0.0268157591175618,0.172738084070575,-0.0406873443982951,-0.499285836402449,-0.348980376666171,-0.282754635086156,-0.250647328879069,-0.0440107674002133,-0.051943477982869,-0.0393650344972471,-0.189492009049515,-0.125846947289467,0.0999429666677705,-0.118949185105421,-0.113870748303181,0.0705284873572064,0.00537605455556505,-0.032191795022103,0.0157472557420005,-0.100374589247429,-0.0724411966204791,-0.0293945450187531,-0.0389834160550952,-0.0257425560590078,0.292762949984941,0.0620446506861361,-0.0271056123437659,-0.0409286658981365,-0.0789333719123658,0.0784078120518721,0.0943393645278206,-0.0553759684904802,0.00540637392473951,-0.0227610476208602,-0.0714929196291617,-0.083049068987808,0.00135105423017938,-0.0332744345362569,0.0178480711955961,-0.0877783852029103,-0.0582193588697043,-0.0195903022925577,-0.0432847335276494,-0.0289434323148793,-0.0479772640314662,-0.00895582968139313,0.368721531338301,0.427229407402143,-0.216607543591368,-0.347188100171933,-0.214093901250571,-0.0117527634552079,-0.0257952485566839,-0.0116728302679407,0.240106418777019,-0.000931210432403091,-0.772340762412566,-0.753945819275972,0.576164843901364,0.0740031260754631,0.932335329117307
0,-1.25961843633792,-0.980624851645057,-2.12993091808961,1.55838986135719,-0.188690710103128,0.995203050722877,-0.395861240251129,1.41474243812483,-0.385364862662207,-0.3942707518041,-1.76012543922271,0.471433294610084,0.727456449878341,-0.17876758579041,-0.36345108198231,-0.372164226001052,-1.82446308056466,1.42047399250815,1.20545426047895,-0.178560121049442,-0.370058198510386,-0.377741395934447,-1.12622394967012,3.22741150730092,3.70045709241106,-0.150662345400436,-0.137881893101475,-1.09542052868858,0.988673739549408,1.21804375830846,-0.132053130867325,-0.11578375940243,-0.584867307644152,-0.491716543892917,-0.173272696819296,-0.289555223122662,-0.306650229859764,2.24118191013093,-0.130781764013622,-0.262904613448501,-0.266943615488728,-0.24109540919036,-0.244547150456313,-0.075079888588345,-0.0822923157224407,-0.33568831340359,-1.25961843633793,1.24624455689412,-0.772650728281754,-0.0905281035533678,0.907385005257735,-0.980624851645047,1.32213617969964,-1.00273400058437,0.578012932249967,0.153724718485505,-0.310102765906546,0.128887577372762,-0.306947473258274,0.139550888696978,1.06566778859668,-1.14617079609082,1.09381591447741,0.682450040812758,-0.678509245152762,-0.809472178513938,0.995203050722888,-1.44580302877046,1.37137942853538,-0.725965773822775,-0.0361549919678086,-1.20528746649368,0.842453516350005,-0.930106776572647,0.622926545602375,-0.387230006516103,0.31677499885467,-0.264101889398526,0.93621880788707,-0.826991389137649,0.560230768628803,-0.554723725762017,0.614869293013066,-0.8800513827726,0.444135623664922,0.562447873819432,-0.674262555634291,0.610123117960826,0.110729723986925,-0.272372990231715,-0.847399233130028,-0.137046954175551,0.283852855153422,-0.175853585968843,0.271709552932385,-0.0274848351283813,0.175751081451351,0.805180774768654,-1.04007631172426,-0.784933546735529,-0.787160633826398,-0.395861240251117,0.267495861792485,-0.305881840132931,0.25739074714287,0.0555705378665536,0.0404597320470159,-0.506607861121663,0.390879108082161,-0.190200749676963,-0.00464816621550144,-0.0520992389237872,0.133738271340456,-0.391431236167927,0.332328082003553,-0.218920754938953,-0.492179595490297,0.0566605386724705,-0.204783554419924,0.135775952928563,0.0345638690977796,-0.215766358547768,0.207400039300037,-0.0465912395800751,-0.141390433544231,-0.219322595438262,0.0313661637666504,-0.0842724021800654,0.0984134552816682,-0.142872765226049,0.00258800394236902,-0.0398295352066103,0.00634783645080531,-0.00170479249447339,0.125290784771614,-0.0718450572469115,-0.126061545139373,0.129943261743603,-0.271313576145579,0.128951202400612,0.208260274679911,-0.225696740519382,0.152263823491753,0.0116269304841715,-0.122563293075576,-0.225207911707119,-0.0204598255459465,-0.0112093386855123,-0.021642081713628,-0.04547857950875,-0.0922918220059551,-0.010637319219777,-0.0398577135369882,-0.0334713745135041,-0.0597980122197974,-0.00761997875723843,0.453844778777035,-0.461940050490603,0.74778970882321,-0.447034994328103,0.750555981753385,-0.0409311229123984,0.0771850155895811,-0.0802613684040537,-0.0439537364830194,-0.0120100412419534,-0.79235091809906,0.774126664132312,0.592907475138669,-0.197633225871485,0.81707509228324
0,-0.592941729239711,-0.325650699797235,-2.12993091808961,1.55838986135719,-0.188690710103128,-0.0538216223913132,-0.322792602890939,1.41474243812483,-0.385364862662207,-0.3942707518041,-1.76012543922271,0.848954931764163,1.16964512132687,-0.17876758579041,-0.36345108198231,-0.372164226001052,-1.82446308056466,1.88656021513426,1.60898199753078,-0.178560121049442,-0.370058198510386,-0.377741395934447,-1.12622394967012,1.54484102010665,1.82262942379514,-0.150662345400436,-0.137881893101475,-1.09542052868858,1.10943820154516,1.35512445255881,-0.132053130867325,-0.11578375940243,-0.584867307644152,-0.491716543892917,-0.173272696819296,-0.289555223122662,-0.306650229859764,2.24118191013093,-0.130781764013622,-0.262904613448501,-0.266943615488728,-0.24109540919036,-0.244547150456313,-0.075079888588345,-0.0822923157224407,-0.33568831340359,-0.592941729239718,-0.4902547149162,0.933140068228888,-0.281068937511717,-0.702028011214909,-0.325650699797225,0.354175001898558,0.299582844567102,-0.401416900494145,0.156338201803136,-0.702807236973186,0.151591105902055,0.311877643760619,-0.618640042108811,0.0274851773315261,-0.0767738756631194,0.0281450673488834,0.685654126037169,-0.307074208529095,0.365275385271113,-0.0538216223912975,-0.209389095043847,0.200719680086656,-0.074797922968298,0.057183838669633,-0.288648318673604,-0.127459325886861,0.00750682763627865,0.0655877882573879,-0.07361144531469,0.0223792451803298,-0.0142849069085682,0.00367270519791567,-0.0205631609528128,-0.0238768377008439,-0.414861426498592,0.199291270983836,0.114174936204362,-0.257710541190859,0.153053850197237,-0.157999835299224,-0.0433346698436607,0.238220323779424,-0.233541879376512,-0.0757064508976912,0.62311207175,-0.240653022104495,-0.341553376923818,-0.128943904269438,0.277581482701067,-0.332619011188794,-0.551383791827629,0.185053289302774,0.116017649401443,0.162287776388293,-0.322792602890928,-0.0312163052338632,0.32762630139119,-0.290037062279286,0.104564728003312,-0.230165515781968,-0.161228684193267,-0.0304948973796609,0.113751316642028,0.0930769959890406,-0.0370309537541092,-0.0565653838245263,-0.00472137961242101,-0.0152403720782801,-0.176662213983385,-0.33015421926212,-0.117873802486566,-0.00324608206925936,0.0487068270617352,-0.111497908761822,-0.0619901409112819,0.064034572549681,-0.0977268084262441,-0.0924506947578046,-0.0328843823524282,0.0173342055529888,-0.0534576599022342,0.00746448057780754,-0.0959756120019685,-0.0537437143772922,-0.0453466918311728,-0.0312616605758218,0.0251834947989562,0.191146342371799,0.0228483609207586,-0.187566426009095,0.0857692958870722,0.00633465955671981,-0.0883594819482705,0.134842312182744,-0.112913043448835,-0.00741786422978379,0.115543342786837,-0.148447058707156,-0.0510591534558524,0.00108154897537616,-0.0358195805015364,0.0183176492502219,-0.0851776117626091,-0.0552155555791597,-0.0203136140945554,-0.0394523179414432,-0.0313873433369994,-0.0519791323581794,-0.013416699201835,0.499824932084495,-0.194381615241615,-0.259653671625045,-0.109383710227095,0.251575371027087,-0.27365766202832,-0.00333478876801056,0.0153398455299262,0.169812688208926,-0.00963600511501672,-0.785177509541653,0.300230487090517,0.148109737795656,0.00305501265320986,0.716965865941816
16900.30078125,-0.497702199654253,-0.980624851645057,-2.12993091808961,-0.641448069582378,5.29769678474325,-0.629320589208248,-0.108787859754688,1.41474243812483,-0.385364862662207,-0.3942707518041,-1.76012543922271,0.902886594214745,-0.599109564467246,4.22933650438475,-0.36345108198231,-0.372164226001052,-1.82446308056466,1.42047399250815,-0.610420556254294,4.24866430146891,-0.370058198510386,-0.377741395934447,-1.12622394967012,0.621776385123028,-0.459133123814017,2.4357967726158,-0.137881893101475,-1.09542052868858,1.46313533622679,-0.452454947197622,4.29933210596669,-0.11578375940243,-0.584867307644152,-0.491716543892917,-0.173272696819296,-0.289555223122662,-0.306650229859764,-0.44602634159486,7.64346754124059,-0.262904613448501,-0.266943615488728,-0.24109540919036,-0.244547150456313,-0.075079888588345,-0.0822923157224407,-0.33568831340359,-0.49770219965426,-0.653787693376182,0.919386075611619,-0.00141483486751773,-0.913890409064484,-0.980624851645047,0.628151616680855,0.753373095012277,-0.952870807673876,0.0708625771840518,-0.310102765906546,-0.0765389331433738,0.191829286364593,-0.304740463609231,1.06566778859668,-0.491365580479905,-0.51459359183192,0.682450040812758,-0.252232052143916,-0.809472178513938,-0.629320589208229,0.0611730142494181,0.57206548039449,-0.553501746831451,0.0445544367785324,0.264593745969078,-0.359635853082459,-0.299075911767324,0.481895783035299,0.0688106821919246,-0.0311059923330703,-0.0887012276075156,-0.583906196401917,0.180266882776946,-0.344102677503215,0.0789303509967486,-0.0625586488859566,-0.169178833681922,0.137802641227813,-0.0597163767190088,-0.0567864845192989,0.0592617675879537,-0.0988262642494709,-0.0694669380643533,0.051433235674393,0.334324963540479,-0.0441675950948739,-0.234638523103765,-0.277335736374164,0.322722508481211,0.0210752166608284,-0.711717036077623,0.209977450631537,0.59791464743689,0.956772049426012,-0.108787859754678,-0.164661256718468,0.242917726301274,-0.108611718714223,0.0237208455116229,-0.228671784102496,-0.153753756478502,-0.0448302472906562,0.113744214737599,-0.0882162448885333,0.0511688235163684,0.00765808625134851,-0.104969784768043,0.0194022585063777,-0.049378186372639,-0.310030137776907,-0.126064875665082,-0.0183857840977489,0.0628259290504295,-0.134405922287145,-0.0525563802516768,0.0763496027199985,-0.101159354737589,-0.0914402929899868,-0.000733922837368206,-0.00600355873960668,-0.0403822467762642,0.0265661357456468,-0.0817670180187337,-0.0606417364970704,-0.0248256472079628,-0.00699757021054181,0.0106842861363294,0.174594168765631,0.00367863687504319,-0.342676099438591,0.140864028538124,0.153578418942795,-0.200055784539928,0.457633167045309,-0.236582281855876,-0.172086361023469,0.0869022206060733,-0.125827302829634,-0.536393643430151,0.0337480013562856,-0.0510264333861382,-0.0175884479399703,-0.150608705785315,-0.0308070906203943,-0.0328886800841444,-0.0448437971203578,-0.0284260889101266,-0.0425996186750859,-0.0133168950051881,0.58341354805044,-0.18854959745431,-0.429151501932725,-0.599015088848087,0.453957772947534,-0.085344420548936,-0.0605827108749257,0.0426011796750671,0.336063950340419,0.00391337504611469,-0.681779915427006,0.187881711055574,0.50039197689461,0.0964890965375694,0.35868460637895
7343.9638671875,-0.878660317996087,-0.980624851645057,0.469323281677592,1.55838986135719,-0.188690710103128,0.473800968141152,-0.065159064443789,1.41474243812483,-0.385364862662207,-0.3942707518041,-0.250211143546648,0.687159944412415,0.980135690706072,-0.17876758579041,-0.36345108198231,-0.372164226001052,-0.163257049605385,1.42047399250815,1.20545426047895,-0.178560121049442,-0.370058198510386,-0.377741395934447,0.57054675171095,2.3911149180994,2.76711083065031,-0.150662345400436,-0.137881893101475,0.0607671712745265,1.53524298984665,1.8384588295011,-0.132053130867325,-0.11578375940243,1.70915035796891,2.03293173809087,-0.173272696819296,-0.289555223122662,-0.306650229859764,2.24118191013093,-0.130781764013622,-0.262904613448501,-0.266943615488728,-0.24109540919036,-0.244547150456313,-0.075079888588345,-0.0822923157224407,-0.33568831340359,-0.878660317996093,0.127151739590268,0.638281770543895,-0.878664970227119,0.345726682405881,-0.980624851645047,0.975143898190246,0.0315888835766523,-0.698539454561128,0.886575273450891,-0.310102765906546,0.0261743221146939,-0.0131748338451101,-0.230928705170963,1.06566778859668,-0.818768188285364,0.146484875471131,0.682450040812758,-0.465370648648339,-0.809472178513938,0.473800968141165,-0.640500772590621,0.233372464338316,0.244698536296876,-0.325533782002345,-0.733518939100425,0.200077490654292,-0.0316894269917828,-0.170824651333931,-0.240860597669303,0.130873339446624,-0.0143787673296482,0.44832418848071,-0.288729773974117,0.269978702994637,-0.607930545836352,0.463806144269303,-0.197732664948923,-0.258491055984684,0.614689913363171,-0.536568383594274,0.0813883809593372,0.128325772320783,-0.227125923726541,-0.922872617108355,0.404305299021252,-0.226892380468627,0.0975071320103969,-0.358847536495777,0.51780657000523,-0.00188811335948149,0.108402851655008,-0.200609185009221,-0.149730512076684,-0.638737470354778,-0.0651590644437789,-0.161638785791003,0.165712170121591,-0.0559241310335824,0.0746864494125193,-0.269573813435531,-0.156221588725707,0.0164656887335253,0.0699900642698424,-0.100916741857795,0.0504465752805035,0.0253951462062035,-0.0614339891259121,0.0215908356776438,-0.0236114712293814,-0.349158216777396,-0.104977740512843,-0.00132793033742614,0.0378552107928033,-0.0981090074952901,-0.0713913676178334,0.0643567597876772,-0.089437411957223,-0.0972047093332704,-0.0476896204140128,0.00189010142187034,-0.0464887984982207,0.026411454437598,-0.0946744727713589,-0.051844417900065,-0.0279949400209442,-0.00552104680398348,0.011407508784167,0.169139288121151,-0.0124281625098443,-0.369719093190004,0.284144373861832,-0.148582931790867,-0.136985621788791,0.488765837663064,-0.37940046954126,0.0585748211045865,0.0962998772270152,-0.168651076425464,-0.575243266557923,-0.0283605612449581,-0.0118260361445138,0.0137451583134972,-0.0301559704100136,-0.0913395305869564,-0.0073942059798795,-0.0318968850919628,-0.0389072135841542,-0.0872571308346835,-0.0148255498320331,0.591507369849878,-0.411464120284568,0.138346974513573,-0.608508887461786,0.69579521625975,-0.088118802976209,0.0483449259359541,-0.0275181430123949,0.0355985972834484,-0.0177759549199986,-0.647654000980913,0.392343685823264,0.471838595793614,-0.0812771890106312,0.278967815727083
5448.80078125,-1.16437890675246,-0.653137775721146,0.469323281677592,-0.641448069582378,-0.188690710103128,0.545895607721619,0.373336920799395,1.41474243812483,-0.385364862662207,-0.3942707518041,-0.431400859027775,0.525364957060667,-0.599109564467246,-0.17876758579041,-0.36345108198231,-0.372164226001052,0.0213213982789787,1.65351710382121,-0.610420556254294,-0.178560121049442,-0.370058198510386,-0.377741395934447,0.638420050702566,2.50675024675463,-0.459133123814017,-0.150662345400436,-0.137881893101475,0.475941516353414,2.25996885936238,-0.452454947197622,-0.132053130867325,-0.11578375940243,1.70915035796891,-0.491716543892917,-0.173272696819296,-0.289555223122662,-0.306650229859764,-0.44602634159486,-0.130781764013622,-0.262904613448501,-0.266943615488728,-0.24109540919036,-0.244547150456313,-0.075079888588345,-0.0822923157224407,-0.33568831340359,-1.16437890675247,0.934769472786523,-0.29210488612993,-0.553134661047583,1.07981072095586,-0.653137775721136,0.881204726847779,-0.426326206637413,0.0549755539295017,0.412114806602166,-0.579477869256204,0.375915709900621,-0.438340233037284,0.0799969636812245,0.577767893095068,-0.606169694575598,0.46786304962623,0.8894275417093,-0.822799360492091,-0.1735776336434,0.545895607721632,-0.851447190696509,0.667390604477898,-0.173766405212344,-0.224089698719396,-0.633798905896736,0.205483401146989,-0.244585959861541,0.131917263258248,-0.3942178712283,0.30216548941925,-0.203426154346641,0.281917214563781,-0.242639090198754,0.402276725610814,-0.615023919903156,0.630822887427471,-0.750686790023933,0.229936526341224,0.419987081100978,-0.488713418615946,0.344551153790047,0.307353363178536,-0.448177676056809,-0.533516705727718,0.345879855702305,-0.272839651020394,0.432019929612325,-0.156251693115991,0.42792740116265,-0.0813070983723571,0.21041494788079,-0.337406816530197,-0.178667839791901,-0.706171097144609,0.373336920799403,-0.6399469901748,0.513066597106787,-0.116759470082355,-0.160739716163893,-0.563777775457531,0.1190703152936,-0.169348362796903,0.0932377975561726,-0.322970619360454,0.252473451985358,-0.12211774672018,0.205564973795089,-0.184638474201104,0.302230911016638,-0.256719395400856,-0.196089685591017,0.079893546426154,0.0258223894225035,-0.158989637428429,-0.0144001472127965,0.0259378699088938,-0.13802117108559,-0.0528822404312659,0.019134850442957,-0.0422013536885723,0.000726934942520204,-0.0324675298519855,-0.0431122586979779,-0.0997657302551532,0.0028227788740128,0.0173747222782159,-0.0134605960250055,0.108014703442254,0.00389395993412996,-0.5553952184042,0.582979723197487,-0.674937668468066,0.180666691666179,0.488993432233804,-0.477384218357286,0.312833033962902,0.32847968256338,-0.413867968152063,-0.476688799397825,-0.0487041195736301,0.0180500812560225,-0.0551776960481844,-0.0219077074615349,-0.11015672696521,0.018136569030681,-0.0258906760161998,-0.0488560602303676,-0.0877437919402225,-0.0166672014367325,0.52033834762199,-0.495177577415345,0.649355841692175,-0.321202031163949,0.57327983902924,-0.218658926792099,0.0489832126109114,-0.0413287047496787,0.077863125168583,-0.0156599333565285,-0.134774320030322,0.025558615812041,0.00504948308489602,-0.0249251264382342,-0.478219512429368
