"y","treat","x001","x002","x003","x004","x005","x006","x007","x008","x009","x010","x011","x012","x013","x014"
9930.0458984375,1,0.264214037029417,-0.325650699797235,0.469323281677592,1.55838986135719,-0.188690710103128,-1.32849940599973,-1.28629343999159,0.113960357987307,-0.455750684220478,-0.614894493628771,-0.573833005358096,2.59397330965399,2.53537997340692,1.41474243812483
3595.89404296875,1,-1.16437890675246,-0.980624851645057,-2.12993091808961,-0.641448069582378,5.29769678474325,-1.32849940599973,-1.28629343999159,-1.04012427538781,-1.02214390138686,-0.614894493628771,-0.573833005358096,2.59397330965399,2.53537997340692,1.41474243812483
24909.44921875,1,-0.402462670068794,0.0018363761266763,-2.12993091808961,1.55838986135719,-0.188690710103128,-1.32849940599973,-1.28629343999159,-0.497639295179847,-0.130074584349808,-0.614894493628771,-0.573833005358096,2.59397330965399,2.53537997340692,-0.706578202000684
7506.14599609375,1,-0.68818125882517,-0.325650699797235,-2.12993091808961,1.55838986135719,-0.188690710103128,-1.32849940599973,-1.28629343999159,-0.720631919255717,-0.455750684220478,-0.614894493628771,-0.573833005358096,2.59397330965399,2.53537997340692,1.41474243812483
289.789886474609,1,-0.116744081312418,-1.30811192756897,-2.12993091808961,1.55838986135719,-0.188690710103128,-1.32849940599973,-1.28629343999159,-0.251173763306516,-1.26286101868257,-0.614894493628771,-0.573833005358096,2.59397330965399,2.53537997340692,1.41474243812483
4056.49389648438,1,-1.16437890675246,-0.980624851645057,-2.12993091808961,1.55838986135719,-0.188690710103128,-1.32849940599973,-1.28629343999159,-1.04012427538781,-1.02214390138686,-0.614894493628771,-0.573833005358096,2.59397330965399,2.53537997340692,1.41474243812483
0,1,-1.069139377167,0.0018363761266763,-2.12993091808961,1.55838986135719,-0.188690710103128,-1.32849940599973,-1.28629343999159,-0.981442005894162,-0.130074584349808,-0.614894493628771,-0.573833005358096,2.59397330965399,2.53537997340692,-0.706578202000684
8472.158203125,1,-0.211983610897877,-0.325650699797235,-2.12993091808961,1.55838986135719,-0.188690710103128,-1.32849940599973,-1.28629343999159,-0.335937041464011,-0.455750684220478,-0.614894493628771,-0.573833005358096,2.59397330965399,2.53537997340692,1.41474243812483
2164.02197265625,1,-1.16437890675246,1.31178467982232,-2.12993091808961,1.55838986135719,-0.188690710103128,-1.32849940599973,-1.28629343999159,-1.04012427538781,1.45582642371606,-0.614894493628771,-0.573833005358096,2.59397330965399,2.53537997340692,-0.706578202000684
12418.0703125,1,-0.116744081312418,0.0018363761266763,0.469323281677592,-0.641448069582378,-0.188690710103128,-1.32849940599973,-1.28629343999159,-0.251173763306516,-0.130074584349808,-0.614894493628771,-0.573833005358096,2.59397330965399,2.53537997340692,-0.706578202000684
8173.908203125,1,-1.45009749550884,-0.980624851645057,-2.12993091808961,1.55838986135719,-0.188690710103128,-1.32849940599973,-1.28629343999159,-1.20052247867046,-1.02214390138686,-0.614894493628771,-0.573833005358096,2.59397330965399,2.53537997340692,1.41474243812483
17094.640625,1,-1.25961843633792,0.329323452050587,-2.12993091808961,1.55838986135719,-0.188690710103128,-1.32849940599973,-1.28629343999159,-1.09619844401508,0.223921176379181,-0.614894493628771,-0.573833005358096,2.59397330965399,2.53537997340692,-0.706578202000684
0,1,-1.5453370250943,-1.30811192756897,-2.12993091808961,1.55838986135719,-0.188690710103128,-1.32849940599973,-1.28629343999159,-1.24877234469857,-1.26286101868257,-0.614894493628771,-0.573833005358096,2.59397330965399,2.53537997340692,1.41474243812483
18739.9296875,1,-0.68818125882517,-0.653137775721146,0.469323281677592,1.55838986135719,-0.188690710103128,-1.32849940599973,-1.28629343999159,-0.720631919255717,-0.75310712323283,-0.614894493628771,-0.573833005358096,2.59397330965399,2.53537997340692,1.41474243812483
3023.87890625,1,-1.64057655467976,-1.63559900349288,-2.12993091808961,1.55838986135719,-0.188690710103128,-1.32849940599973,-1.28629343999159,-1.2944141098603,-1.47525847511997,-0.614894493628771,-0.573833005358096,2.59397330965399,2.53537997340692,1.41474243812483
3228.5029296875,1,-1.45009749550884,-0.653137775721146,-2.12993091808961,1.55838986135719,-0.188690710103128,-1.32849940599973,-1.28629343999159,-1.20052247867046,-0.75310712323283,-0.614894493628771,-0.573833005358096,2.59397330965399,2.53537997340692,1.41474243812483
14581.8603515625,1,-0.68818125882517,0.329323452050587,-2.12993091808961,1.55838986135719,-0.188690710103128,-1.32849940599973,-1.28629343999159,-0.720631919255717,0.223921176379181,-0.614894493628771,-0.573833005358096,2.59397330965399,2.53537997340692,-0.706578202000684
7693.39990234375,1,-1.069139377167,-0.653137775721146,-2.12993091808961,1.55838986135719,-0.188690710103128,-1.32849940599973,-1.28629343999159,-0.981442005894162,-0.75310712323283,-0.614894493628771,-0.573833005358096,2.59397330965399,2.53537997340692,1.41474243812483
10804.3203125,1,0.549932625785793,0.0018363761266763,-2.12993091808961,1.55838986135719,-0.188690710103128,-1.32849940599973,-1.28629343999159,0.415196008054711,-0.130074584349808,-0.614894493628771,-0.573833005358096,2.59397330965399,2.53537997340692,-0.706578202000684
10747.349609375,1,-0.783420788410629,0.0018363761266763,-2.12993091808961,1.55838986135719,-0.188690710103128,-1.32849940599973,-1.28629343999159,-0.789746592214905,-0.130074584349808,-0.614894493628771,-0.573833005358096,2.59397330965399,2.53537997340692,-0.706578202000684
0,1,-1.069139377167,-0.325650699797235,-2.12993091808961,1.55838986135719,-0.188690710103128,-1.32849940599973,-1.28629343999159,-0.981442005894162,-0.455750684220478,-0.614894493628771,-0.573833005358096,2.59397330965399,2.53537997340692,1.41474243812483
5149.5009765625,1,0.645172155371251,0.656810527974498,-2.12993091808961,-0.641448069582378,-0.188690710103128,-1.32849940599973,-1.28629343999159,0.520824093143282,0.606236597966489,-0.614894493628771,-0.573833005358096,2.59397330965399,2.53537997340692,-0.706578202000684
6408.9501953125,1,0.359453566614875,-0.980624851645057,-2.12993091808961,-0.641448069582378,-0.188690710103128,-1.32849940599973,-1.28629343999159,0.211764140476724,-1.02214390138686,-0.614894493628771,-0.573833005358096,2.59397330965399,2.53537997340692,1.41474243812483
1991.40002441406,1,-0.973899847581546,-0.325650699797235,-2.12993091808961,1.55838986135719,-0.188690710103128,-1.32849940599973,-1.28629343999159,-0.920151635534128,-0.455750684220478,-0.614894493628771,-0.573833005358096,2.59397330965399,2.53537997340692,1.41474243812483
11163.169921875,1,-1.5453370250943,-0.653137775721146,-2.12993091808961,1.55838986135719,-0.188690710103128,-1.32849940599973,-1.28629343999159,-1.24877234469857,-0.75310712323283,-0.614894493628771,-0.573833005358096,2.59397330965399,2.53537997340692,1.41474243812483
9642.9990234375,1,-0.497702199654253,-0.325650699797235,0.469323281677592,1.55838986135719,-0.188690710103128,-1.32849940599973,-1.28629343999159,-0.574578270738188,-0.455750684220478,-0.614894493628771,-0.573833005358096,2.59397330965399,2.53537997340692,1.41474243812483
9897.048828125,1,-0.878660317996087,-0.325650699797235,-2.12993091808961,1.55838986135719,-0.188690710103128,-1.32849940599973,-1.28629343999159,-0.856253164307709,-0.455750684220478,-0.614894493628771,-0.573833005358096,2.59397330965399,2.53537997340692,1.41474243812483
11142.8701171875,1,-0.68818125882517,-0.653137775721146,-2.12993091808961,-0.641448069582378,5.29769678474325,-1.32849940599973,-1.28629343999159,-0.720631919255717,-0.75310712323283,-0.614894493628771,-0.573833005358096,2.59397330965399,2.53537997340692,1.41474243812483
16218.0400390625,1,-1.64057655467976,-0.653137775721146,-2.12993091808961,1.55838986135719,-0.188690710103128,-1.32849940599973,-1.28629343999159,-1.2944141098603,-0.75310712323283,-0.614894493628771,-0.573833005358096,2.59397330965399,2.53537997340692,1.41474243812483
995.7001953125,1,-0.973899847581546,-0.325650699797235,-2.12993091808961,1.55838986135719,-0.188690710103128,-1.32849940599973,-1.28629343999159,-0.920151635534128,-0.455750684220478,-0.614894493628771,-0.573833005358096,2.59397330965399,2.53537997340692,1.41474243812483
0,1,-1.64057655467976,-0.653137775721146,-2.12993091808961,1.55838986135719,-0.188690710103128,-1.32849940599973,-1.28629343999159,-1.2944141098603,-0.75310712323283,-0.614894493628771,-0.573833005358096,2.59397330965399,2.53537997340692,1.41474243812483
6551.591796875,1,1.31184886246946,-2.61806023126461,-2.12993091808961,1.55838986135719,-0.188690710103128,-1.32849940599973,-1.28629343999159,1.33324751302204,-1.94253287928223,-0.614894493628771,-0.573833005358096,2.59397330965399,2.53537997340692,1.41474243812483
1574.42395019531,1,-0.878660317996087,-0.325650699797235,0.469323281677592,1.55838986135719,-0.188690710103128,-1.32849940599973,-1.28629343999159,-0.856253164307709,-0.455750684220478,-0.614894493628771,-0.573833005358096,2.59397330965399,2.53537997340692,1.41474243812483
0,1,-1.35485796592338,0.0018363761266763,-2.12993091808961,1.55838986135719,-0.188690710103128,-1.32849940599973,-1.28629343999159,-1.14966451177596,-0.130074584349808,-0.614894493628771,-0.573833005358096,2.59397330965399,2.53537997340692,-0.706578202000684
3191.7529296875,1,-0.878660317996087,0.0018363761266763,-2.12993091808961,1.55838986135719,-0.188690710103128,-1.32849940599973,-1.28629343999159,-0.856253164307709,-0.130074584349808,-0.614894493628771,-0.573833005358096,2.59397330965399,2.53537997340692,-0.706578202000684
20505.9296875,1,0.74041168495671,0.656810527974498,-2.12993091808961,1.55838986135719,-0.188690710103128,-1.32849940599973,-1.28629343999159,0.629060279098236,0.606236597966489,-0.614894493628771,-0.573833005358096,2.59397330965399,2.53537997340692,-0.706578202000684
6181.8798828125,1,-0.878660317996087,-2.2905731553407,-2.12993091808961,1.55838986135719,-0.188690710103128,-1.32849940599973,-1.28629343999159,-0.856253164307709,-1.8150944054198,-0.614894493628771,-0.573833005358096,2.59397330965399,2.53537997340692,1.41474243812483
5911.55078125,1,-1.069139377167,0.0018363761266763,0.469323281677592,1.55838986135719,-0.188690710103128,-1.32849940599973,-1.28629343999159,-0.981442005894162,-0.130074584349808,-0.614894493628771,-0.573833005358096,2.59397330965399,2.53537997340692,-0.706578202000684
3094.15600585938,1,1.12136980329854,-1.30811192756897,0.469323281677592,1.55838986135719,-0.188690710103128,-1.32849940599973,-1.28629343999159,1.0880860315819,-1.26286101868257,-0.614894493628771,-0.573833005358096,2.59397330965399,2.53537997340692,1.41474243812483
0,1,-0.973899847581546,-0.653137775721146,-2.12993091808961,1.55838986135719,-0.188690710103128,-1.32849940599973,-1.28629343999159,-0.920151635534128,-0.75310712323283,-0.614894493628771,-0.573833005358096,2.59397330965399,2.53537997340692,1.41474243812483
1254.58203125,1,-1.25961843633792,0.0018363761266763,-2.12993091808961,1.55838986135719,-0.188690710103128,-1.32849940599973,-1.28629343999159,-1.09619844401508,-0.130074584349808,-0.614894493628771,-0.573833005358096,2.59397330965399,2.53537997340692,-0.706578202000684
13188.830078125,1,-1.45009749550884,-0.980624851645057,-2.12993091808961,-0.641448069582378,-0.188690710103128,-1.32849940599973,-1.28629343999159,-1.20052247867046,-1.02214390138686,-0.614894493628771,-0.573833005358096,2.59397330965399,2.53537997340692,1.41474243812483
8061.48486328125,1,-1.64057655467976,-1.30811192756897,-2.12993091808961,1.55838986135719,-0.188690710103128,-1.32849940599973,-1.28629343999159,-1.2944141098603,-1.26286101868257,-0.614894493628771,-0.573833005358096,2.59397330965399,2.53537997340692,1.41474243812483
2787.9599609375,1,-1.5453370250943,-1.30811192756897,0.469323281677592,-0.641448069582378,5.29769678474325,-1.32849940599973,-1.28629343999159,-1.24877234469857,-1.26286101868257,-0.614894493628771,-0.573833005358096,2.59397330965399,2.53537997340692,1.41474243812483
3972.5400390625,1,-1.35485796592338,-0.325650699797235,-2.12993091808961,1.55838986135719,-0.188690710103128,-1.32849940599973,-1.28629343999159,-1.14966451177596,-0.455750684220478,-0.614894493628771,-0.573833005358096,2.59397330965399,2.53537997340692,1.41474243812483
0,1,-0.878660317996087,-0.325650699797235,0.469323281677592,1.55838986135719,-0.188690710103128,-1.32849940599973,-1.28629343999159,-0.856253164307709,-0.455750684220478,-0.614894493628771,-0.573833005358096,2.59397330965399,2.53537997340692,1.41474243812483
0,1,-1.64057655467976,-1.30811192756897,-2.12993091808961,1.55838986135719,-0.188690710103128,-1.32849940599973,-1.28629343999159,-1.2944141098603,-1.26286101868257,-0.614894493628771,-0.573833005358096,2.59397330965399,2.53537997340692,1.41474243812483
0,1,-1.64057655467976,-0.980624851645057,-2.12993091808961,1.55838986135719,-0.188690710103128,-1.32849940599973,-1.28629343999159,-1.2944141098603,-1.02214390138686,-0.614894493628771,-0.573833005358096,2.59397330965399,2.53537997340692,1.41474243812483
12187.41015625,1,-0.878660317996087,-2.2905731553407,-2.12993091808961,1.55838986135719,-0.188690710103128,-1.32849940599973,-1.28629343999159,-0.856253164307709,-1.8150944054198,-0.614894493628771,-0.573833005358096,2.59397330965399,2.53537997340692,1.41474243812483
4843.17578125,1,-1.069139377167,0.0018363761266763,-2.12993091808961,1.55838986135719,-0.188690710103128,-1.32849940599973,-1.28629343999159,-0.981442005894162,-0.130074584349808,-0.614894493628771,-0.573833005358096,2.59397330965399,2.53537997340692,-0.706578202000684
0,1,-0.592941729239711,-1.30811192756897,-2.12993091808961,1.55838986135719,-0.188690710103128,-1.32849940599973,-1.28629343999159,-0.648909145430145,-1.26286101868257,-0.614894493628771,-0.573833005358096,2.59397330965399,2.53537997340692,1.41474243812483
8087.48681640625,1,-0.307223140483335,-0.325650699797235,0.469323281677592,1.55838986135719,-0.188690710103128,-1.32849940599973,-1.28629343999159,-0.418092218755121,-0.455750684220478,-0.614894493628771,-0.573833005358096,2.59397330965399,2.53537997340692,1.41474243812483
0,1,-1.5453370250943,-0.325650699797235,-2.12993091808961,1.55838986135719,-0.188690710103128,-1.32849940599973,-1.28629343999159,-1.24877234469857,-0.455750684220478,-0.614894493628771,-0.573833005358096,2.59397330965399,2.53537997340692,1.41474243812483
2348.97290039062,1,-0.878660317996087,0.0018363761266763,-2.12993091808961,1.55838986135719,-0.188690710103128,-1.32849940599973,-1.28629343999159,-0.856253164307709,-0.130074584349808,-0.614894493628771,-0.573833005358096,2.59397330965399,2.53537997340692,-0.706578202000684
590.781799316406,1,-0.402462670068794,-0.325650699797235,0.469323281677592,1.55838986135719,-0.188690710103128,-1.32849940599973,-1.28629343999159,-0.497639295179847,-0.455750684220478,-0.614894493628771,-0.573833005358096,2.59397330965399,2.53537997340692,1.41474243812483
0,1,-1.64057655467976,-0.653137775721146,-2.12993091808961,1.55838986135719,-0.188690710103128,-1.32849940599973,-1.28629343999159,-1.2944141098603,-0.75310712323283,-0.614894493628771,-0.573833005358096,2.59397330965399,2.53537997340692,1.41474243812483
1067.50598144531,1,0.264214037029417,-0.980624851645057,-2.12993091808961,1.55838986135719,-0.188690710103128,-1.32849940599973,-1.28629343999159,0.113960357987307,-1.02214390138686,-0.614894493628771,-0.573833005358096,2.59397330965399,2.53537997340692,1.41474243812483
7284.98583984375,1,0.645172155371251,-2.61806023126461,0.469323281677592,1.55838986135719,-0.188690710103128,-1.32849940599973,-1.28629343999159,0.520824093143282,-1.94253287928223,-0.614894493628771,-0.573833005358096,2.59397330965399,2.53537997340692,1.41474243812483
13167.51953125,1,0.74041168495671,0.656810527974498,0.469323281677592,1.55838986135719,-0.188690710103128,-1.32849940599973,-1.28629343999159,0.629060279098236,0.606236597966489,-0.614894493628771,-0.573833005358096,2.59397330965399,2.53537997340692,-0.706578202000684
1048.43200683594,1,-1.16437890675246,-0.325650699797235,-2.12993091808961,-0.641448069582378,-0.188690710103128,-1.32849940599973,-1.28629343999159,-1.04012427538781,-0.455750684220478,-0.614894493628771,-0.573833005358096,2.59397330965399,2.53537997340692,1.41474243812483
0,1,-1.64057655467976,-1.30811192756897,-2.12993091808961,1.55838986135719,-0.188690710103128,-1.32849940599973,-1.28629343999159,-1.2944141098603,-1.26286101868257,-0.614894493628771,-0.573833005358096,2.59397330965399,2.53537997340692,1.41474243812483
1923.93798828125,1,-0.497702199654253,-1.30811192756897,-2.12993091808961,1.55838986135719,-0.188690710103128,-1.32849940599973,-1.28629343999159,-0.574578270738188,-1.26286101868257,-0.614894493628771,-0.573833005358096,2.59397330965399,2.53537997340692,1.41474243812483
4666.23583984375,1,0.0737349778584993,-0.653137775721146,-2.12993091808961,1.55838986135719,-0.188690710103128,-1.32849940599973,-1.28629343999159,-0.0738229043923733,-0.75310712323283,-0.614894493628771,-0.573833005358096,2.59397330965399,2.53537997340692,1.41474243812483
549.298400878906,1,-0.68818125882517,-0.325650699797235,-2.12993091808961,1.55838986135719,-0.188690710103128,-1.32849940599973,-1.28629343999159,-0.720631919255717,-0.455750684220478,-0.614894493628771,-0.573833005358096,2.59397330965399,2.53537997340692,1.41474243812483
762.914611816406,1,-0.497702199654253,-2.61806023126461,-2.12993091808961,1.55838986135719,-0.188690710103128,-1.32849940599973,-1.28629343999159,-0.574578270738188,-1.94253287928223,-0.614894493628771,-0.573833005358096,2.59397330965399,2.53537997340692,1.41474243812483
10694.2900390625,1,-0.592941729239711,-0.980624851645057,-2.12993091808961,1.55838986135719,-0.188690710103128,-1.32849940599973,-1.28629343999159,-0.648909145430145,-1.02214390138686,-0.614894493628771,-0.573833005358096,2.59397330965399,2.53537997340692,1.41474243812483
0,1,-0.68818125882517,-0.325650699797235,-2.12993091808961,1.55838986135719,-0.188690710103128,-1.32849940599973,-1.28629343999159,-0.720631919255717,-0.455750684220478,-0.614894493628771,-0.573833005358096,2.59397330965399,2.53537997340692,1.41474243812483
0,1,-1.069139377167,-1.63559900349288,-2.12993091808961,-0.641448069582378,-0.188690710103128,-1.32849940599973,-1.28629343999159,-0.981442005894162,-1.47525847511997,-0.614894493628771,-0.573833005358096,2.59397330965399,2.53537997340692,1.41474243812483
8546.71484375,1,1.02613027371309,-2.2905731553407,0.469323281677592,1.55838986135719,-0.188690710103128,-1.32849940599973,-1.28629343999159,0.969417442161407,-1.8150944054198,-0.614894493628771,-0.573833005358096,2.59397330965399,2.53537997340692,1.41474243812483
7479.65576171875,1,-0.497702199654253,0.329323452050587,-2.12993091808961,1.55838986135719,-0.188690710103128,-1.32849940599973,-1.28629343999159,-0.574578270738188,0.223921176379181,-0.614894493628771,-0.573833005358096,2.59397330965399,2.53537997340692,-0.706578202000684
0,1,-0.68818125882517,-0.980624851645057,-2.12993091808961,1.55838986135719,-0.188690710103128,-1.32849940599973,-1.28629343999159,-0.720631919255717,-1.02214390138686,-0.614894493628771,-0.573833005358096,2.59397330965399,2.53537997340692,1.41474243812483
647.20458984375,1,1.12136980329854,0.329323452050587,-2.12993091808961,1.55838986135719,-0.188690710103128,-1.32849940599973,-1.28629343999159,1.0880860315819,0.223921176379181,-0.614894493628771,-0.573833005358096,2.59397330965399,2.53537997340692,-0.706578202000684
0,1,-1.5453370250943,-1.96308607941679,-2.12993091808961,1.55838986135719,-0.188690710103128,-1.32849940599973,-1.28629343999159,-1.24877234469857,-1.65933627069904,-0.614894493628771,-0.573833005358096,2.59397330965399,2.53537997340692,1.41474243812483
11965.8095703125,1,-0.878660317996087,0.0018363761266763,-2.12993091808961,1.55838986135719,-0.188690710103128,-1.32849940599973,-1.28629343999159,-0.856253164307709,-0.130074584349808,-0.614894493628771,-0.573833005358096,2.59397330965399,2.53537997340692,-0.706578202000684
9598.541015625,1,-0.592941729239711,0.984297603898409,-2.12993091808961,1.55838986135719,-0.188690710103128,-1.32849940599973,-1.28629343999159,-0.648909145430145,1.01687168041212,-0.614894493628771,-0.573833005358096,2.59397330965399,2.53537997340692,-0.706578202000684
18783.349609375,1,-0.878660317996087,-0.325650699797235,-2.12993091808961,-0.641448069582378,-0.188690710103128,-1.32849940599973,-1.28629343999159,-0.856253164307709,-0.455750684220478,-0.614894493628771,-0.573833005358096,2.59397330965399,2.53537997340692,1.41474243812483
18678.080078125,1,-1.16437890675246,0.0018363761266763,-2.12993091808961,1.55838986135719,-0.188690710103128,-1.32849940599973,-1.28629343999159,-1.04012427538781,-0.130074584349808,-0.614894493628771,-0.573833005358096,2.59397330965399,2.53537997340692,-0.706578202000684
0,1,-1.25961843633792,-0.980624851645057,-2.12993091808961,1.55838986135719,-0.188690710103128,-1.32849940599973,-1.28629343999159,-1.09619844401508,-1.02214390138686,-0.614894493628771,-0.573833005358096,2.59397330965399,2.53537997340692,1.41474243812483
23005.599609375,1,0.549932625785793,-0.325650699797235,-2.12993091808961,1.55838986135719,-0.188690710103128,-1.32849940599973,-1.28629343999159,0.415196008054711,-0.455750684220478,-0.614894493628771,-0.573833005358096,2.59397330965399,2.53537997340692,1.41474243812483
6456.69677734375,1,-1.16437890675246,-0.325650699797235,-2.12993091808961,1.55838986135719,-0.188690710103128,-1.32849940599973,-1.28629343999159,-1.04012427538781,-0.455750684220478,-0.614894493628771,-0.573833005358096,2.59397330965399,2.53537997340692,1.41474243812483
0,1,-0.878660317996087,0.0018363761266763,-2.12993091808961,1.55838986135719,-0.188690710103128,-1.32849940599973,-1.28629343999159,-0.856253164307709,-0.130074584349808,-0.614894493628771,-0.573833005358096,2.59397330965399,2.53537997340692,-0.706578202000684
2321.10693359375,1,-1.5453370250943,0.0018363761266763,-2.12993091808961,1.55838986135719,-0.188690710103128,-1.32849940599973,-1.28629343999159,-1.24877234469857,-0.130074584349808,-0.614894493628771,-0.573833005358096,2.59397330965399,2.53537997340692,-0.706578202000684
4941.84912109375,1,0.359453566614875,0.0018363761266763,-2.12993091808961,-0.641448069582378,-0.188690710103128,-1.32849940599973,-1.28629343999159,0.211764140476724,-0.130074584349808,-0.614894493628771,-0.573833005358096,2.59397330965399,2.53537997340692,-0.706578202000684
0,1,-0.68818125882517,0.329323452050587,-2.12993091808961,1.55838986135719,-0.188690710103128,-1.32849940599973,-1.28629343999159,-0.720631919255717,0.223921176379181,-0.614894493628771,-0.573833005358096,2.59397330965399,2.53537997340692,-0.706578202000684
0,1,-0.68818125882517,-1.30811192756897,-2.12993091808961,1.55838986135719,-0.188690710103128,-1.32849940599973,-1.28629343999159,-0.720631919255717,-1.26286101868257,-0.614894493628771,-0.573833005358096,2.59397330965399,2.53537997340692,1.41474243812483
0,1,0.359453566614875,-0.325650699797235,-2.12993091808961,1.55838986135719,-0.188690710103128,-1.32849940599973,-1.28629343999159,0.211764140476724,-0.455750684220478,-0.614894493628771,-0.573833005358096,2.59397330965399,2.53537997340692,1.41474243812483
3881.28393554688,1,-1.069139377167,-1.30811192756897,-2.12993091808961,-0.641448069582378,5.29769678474325,-1.32849940599973,-1.28629343999159,-0.981442005894162,-1.26286101868257,-0.614894493628771,-0.573833005358096,2.59397330965399,2.53537997340692,1.41474243812483
17230.9609375,1,-0.783420788410629,-0.325650699797235,-2.12993091808961,1.55838986135719,-0.188690710103128,-1.32849940599973,-1.28629343999159,-0.789746592214905,-0.455750684220478,-0.614894493628771,-0.573833005358096,2.59397330965399,2.53537997340692,1.41474243812483
8048.60302734375,1,-1.25961843633792,0.0018363761266763,-2.12993091808961,-0.641448069582378,-0.188690710103128,-1.32849940599973,-1.28629343999159,-1.09619844401508,-0.130074584349808,-0.614894493628771,-0.573833005358096,2.59397330965399,2.53537997340692,-0.706578202000684
0,1,-0.878660317996087,-1.30811192756897,-2.12993091808961,1.55838986135719,-0.188690710103128,-1.32849940599973,-1.28629343999159,-0.856253164307709,-1.26286101868257,-0.614894493628771,-0.573833005358096,2.59397330965399,2.53537997340692,1.41474243812483
14509.9296875,1,-0.307223140483335,-0.325650699797235,0.469323281677592,1.55838986135719,-0.188690710103128,-1.32849940599973,-1.28629343999159,-0.418092218755121,-0.455750684220478,-0.614894493628771,-0.573833005358096,2.59397330965399,2.53537997340692,1.41474243812483
0,1,-1.64057655467976,-0.653137775721146,-2.12993091808961,1.55838986135719,-0.188690710103128,-1.32849940599973,-1.28629343999159,-1.2944141098603,-0.75310712323283,-0.614894493628771,-0.573833005358096,2.59397330965399,2.53537997340692,1.41474243812483
0,1,-0.878660317996087,-0.325650699797235,-2.12993091808961,1.55838986135719,-0.188690710103128,-1.32849940599973,-1.28629343999159,-0.856253164307709,-0.455750684220478,-0.614894493628771,-0.573833005358096,2.59397330965399,2.53537997340692,1.41474243812483
9983.7841796875,1,-1.25961843633792,0.0018363761266763,-2.12993091808961,1.55838986135719,-0.188690710103128,-1.32849940599973,-1.28629343999159,-1.09619844401508,-0.130074584349808,-0.614894493628771,-0.573833005358096,2.59397330965399,2.53537997340692,-0.706578202000684
0,1,0.930890744127627,-0.325650699797235,-2.12993091808961,1.55838986135719,-0.188690710103128,-1.32849940599973,-1.28629343999159,0.853356953607299,-0.455750684220478,-0.614894493628771,-0.573833005358096,2.59397330965399,2.53537997340692,1.41474243812483
5587.5029296875,1,-0.878660317996087,0.0018363761266763,-2.12993091808961,-0.641448069582378,-0.188690710103128,-1.32849940599973,-1.28629343999159,-0.856253164307709,-0.130074584349808,-0.614894493628771,-0.573833005358096,2.59397330965399,2.53537997340692,-0.706578202000684
4482.84521484375,1,-1.5453370250943,-0.980624851645057,-2.12993091808961,1.55838986135719,-0.188690710103128,-1.32849940599973,-1.28629343999159,-1.24877234469857,-1.02214390138686,-0.614894493628771,-0.573833005358096,2.59397330965399,2.53537997340692,1.41474243812483
2456.15307617188,1,0.74041168495671,0.0018363761266763,-2.12993091808961,1.55838986135719,-0.188690710103128,-1.32849940599973,-1.28629343999159,0.629060279098236,-0.130074584349808,-0.614894493628771,-0.573833005358096,2.59397330965399,2.53537997340692,-0.706578202000684
0,1,-0.878660317996087,-0.653137775721146,-2.12993091808961,1.55838986135719,-0.188690710103128,-1.32849940599973,-1.28629343999159,-0.856253164307709,-0.75310712323283,-0.614894493628771,-0.573833005358096,2.59397330965399,2.53537997340692,1.41474243812483
26817.599609375,1,-0.307223140483335,-0.980624851645057,-2.12993091808961,-0.641448069582378,5.29769678474325,-1.32849940599973,-1.28629343999159,-0.418092218755121,-1.02214390138686,-0.614894493628771,-0.573833005358096,2.59397330965399,2.53537997340692,1.41474243812483
0,1,-0.973899847581546,-0.653137775721146,-2.12993091808961,1.55838986135719,-0.188690710103128,-1.32849940599973,-1.28629343999159,-0.920151635534128,-0.75310712323283,-0.614894493628771,-0.573833005358096,2.59397330965399,2.53537997340692,1.41474243812483
9265.7880859375,1,-0.783420788410629,-0.653137775721146,-2.12993091808961,1.55838986135719,-0.188690710103128,-1.32849940599973,-1.28629343999159,-0.789746592214905,-0.75310712323283,-0.614894493628771,-0.573833005358096,2.59397330965399,2.53537997340692,1.41474243812483
485.229797363281,1,-0.878660317996087,-0.325650699797235,-2.12993091808961,1.55838986135719,-0.188690710103128,-1.32849940599973,-1.28629343999159,-0.856253164307709,-0.455750684220478,-0.614894493628771,-0.573833005358096,2.59397330965399,2.53537997340692,1.41474243812483
4814.626953125,1,-1.5453370250943,-0.325650699797235,-2.12993091808961,1.55838986135719,-0.188690710103128,-1.32849940599973,-1.28629343999159,-1.24877234469857,-0.455750684220478,-0.614894493628771,-0.573833005358096,2.59397330965399,2.53537997340692,1.41474243812483
7458.10498046875,1,-1.45009749550884,-0.325650699797235,-2.12993091808961,1.55838986135719,-0.188690710103128,-1.32849940599973,-1.28629343999159,-1.20052247867046,-0.455750684220478,-0.614894493628771,-0.573833005358096,2.59397330965399,2.53537997340692,1.41474243812483
0,1,0.835651214542169,-0.980624851645057,-2.12993091808961,1.55838986135719,-0.188690710103128,-1.32849940599973,-1.28629343999159,0.739904565919575,-1.02214390138686,-0.614894493628771,-0.573833005358096,2.59397330965399,2.53537997340692,1.41474243812483
34099.28125,1,-0.68818125882517,0.329323452050587,-2.12993091808961,1.55838986135719,-0.188690710103128,-1.32849940599973,-1.28629343999159,-0.720631919255717,0.223921176379181,-0.614894493628771,-0.573833005358096,2.59397330965399,2.53537997340692,-0.706578202000684
1953.26794433594,1,-1.64057655467976,-0.980624851645057,-2.12993091808961,1.55838986135719,-0.188690710103128,-1.32849940599973,-1.28629343999159,-1.2944141098603,-1.02214390138686,-0.614894493628771,-0.573833005358096,2.59397330965399,2.53537997340692,1.41474243812483
0,1,-0.402462670068794,-0.325650699797235,-2.12993091808961,1.55838986135719,-0.188690710103128,-1.32849940599973,-1.28629343999159,-0.497639295179847,-0.455750684220478,-0.614894493628771,-0.573833005358096,2.59397330965399,2.53537997340692,1.41474243812483
0,1,-0.783420788410629,-0.653137775721146,0.469323281677592,1.55838986135719,-0.188690710103128,-1.1807103195709,-1.28629343999159,-0.789746592214905,-0.75310712323283,-0.610036432767402,-0.573833005358096,-0.385364862662207,2.53537997340692,1.41474243812483
8881.6650390625,1,-1.35485796592338,-0.980624851645057,-2.12993091808961,1.55838986135719,-0.188690710103128,-0.885132360212275,-1.28629343999159,-1.14966451177596,-1.02214390138686,-0.571171987984745,-0.573833005358096,-0.385364862662207,2.53537997340692,1.41474243812483
6210.669921875,1,-1.64057655467976,-0.980624851645057,-2.12993091808961,-0.641448069582378,5.29769678474325,-1.29605790703361,-1.28093642560086,-1.2944141098603,-1.02214390138686,-0.614660405145556,-0.573826800936917,-0.385364862662207,-0.3942707518041,1.41474243812483
0,1,-1.35485796592338,0.0018363761266763,-2.12993091808961,1.55838986135719,-0.188690710103128,-1.25640716828343,-1.27438896136873,-1.14966451177596,-0.130074584349808,-0.613738500548496,-0.573802366229841,-0.385364862662207,-0.3942707518041,-0.706578202000684
929.883911132812,1,-1.5453370250943,-0.325650699797235,-2.12993091808961,1.55838986135719,-0.188690710103128,-1.26595469400295,-1.27083249154668,-1.24877234469857,-0.455750684220478,-0.614024413167076,-0.573781324714955,-0.385364862662207,-0.3942707518041,1.41474243812483
0,1,-0.68818125882517,0.0018363761266763,0.469323281677592,1.55838986135719,-0.188690710103128,-1.06098703375557,-1.26222263385255,-0.720631919255717,-0.130074584349808,-0.59897731949422,-0.57370773828908,-0.385364862662207,-0.3942707518041,-0.706578202000684
12558.01953125,1,-1.25961843633792,0.0018363761266763,-2.12993091808961,-0.641448069582378,-0.188690710103128,-1.06098703375557,-1.26222262505645,-1.09619844401508,-0.130074584349808,-0.59897731949422,-0.573707738197529,-0.385364862662207,-0.3942707518041,-0.706578202000684
22163.25,1,-0.68818125882517,0.0018363761266763,-2.12993091808961,1.55838986135719,-0.188690710103128,-1.17229959616286,-1.2605004125045,-0.720631919255717,-0.130074584349808,-0.609467751013785,-0.573689171778956,-0.385364862662207,-0.3942707518041,-0.706578202000684
1652.63696289062,1,-1.35485796592338,0.0018363761266763,-2.12993091808961,1.55838986135719,-0.188690710103128,-1.32849940599973,-1.25908673414507,-1.14966451177596,-0.130074584349808,-0.614894493628771,-0.573672973087252,2.59397330965399,-0.3942707518041,-0.706578202000684
8124.71484375,1,-1.45009749550884,-0.653137775721146,-2.12993091808961,1.55838986135719,-0.188690710103128,-1.32849940599973,-1.25853149354488,-1.20052247867046,-0.75310712323283,-0.614894493628771,-0.573666374485017,2.59397330965399,-0.3942707518041,1.41474243812483
671.331787109375,1,-1.069139377167,0.0018363761266763,-2.12993091808961,1.55838986135719,-0.188690710103128,-0.927230847633497,-1.2501872186884,-0.981442005894162,-0.130074584349808,-0.579080851826032,-0.573551154263986,-0.385364862662207,-0.3942707518041,-0.706578202000684
17814.98046875,1,-0.497702199654253,0.656810527974498,-2.12993091808961,1.55838986135719,-0.188690710103128,-1.32849940599973,-1.23731777274269,-0.574578270738188,0.606236597966489,-0.614894493628771,-0.573314424635234,2.59397330965399,-0.3942707518041,-0.706578202000684
9737.154296875,1,-1.5453370250943,-0.653137775721146,-2.12993091808961,1.55838986135719,-0.188690710103128,-1.32849940599973,-1.22872601522275,-1.24877234469857,-0.75310712323283,-0.614894493628771,-0.573116516815805,2.59397330965399,-0.3942707518041,1.41474243812483
17685.1796875,1,-1.45009749550884,-0.980624851645057,-2.12993091808961,1.55838986135719,-0.188690710103128,-1.32849940599973,-1.22872601522275,-1.20052247867046,-1.02214390138686,-0.614894493628771,-0.573116516815805,2.59397330965399,-0.3942707518041,1.41474243812483
0,1,-0.68818125882517,0.329323452050587,0.469323281677592,-0.641448069582378,-0.188690710103128,-0.644823964134397,-1.22477620581181,-0.720631919255717,0.223921176379181,-0.510931642267033,-0.57301482462514,-0.385364862662207,-0.3942707518041,-0.706578202000684
4321.705078125,1,-1.5453370250943,-0.325650699797235,-2.12993091808961,-0.641448069582378,-0.188690710103128,-1.06045075975705,-1.22003225813054,-1.24877234469857,-0.455750684220478,-0.598913438168327,-0.57288376979357,-0.385364862662207,-0.3942707518041,1.41474243812483
1773.42297363281,1,-0.68818125882517,-0.980624851645057,0.469323281677592,1.55838986135719,-0.188690710103128,-1.32849940599973,-1.21895950340182,-0.720631919255717,-1.02214390138686,-0.614894493628771,-0.572852785138019,2.59397330965399,-0.3942707518041,1.41474243812483
0,1,-1.16437890675246,0.0018363761266763,-2.12993091808961,1.55838986135719,-0.188690710103128,-0.919976648510502,-1.2188347043391,-1.04012427538781,-0.130074584349808,-0.577774257373663,-0.57284914822217,-0.385364862662207,-0.3942707518041,-0.706578202000684
11233.259765625,1,-1.069139377167,-0.653137775721146,0.469323281677592,1.55838986135719,-0.188690710103128,-1.32849940599973,-1.21881587628767,-0.981442005894162,-0.75310712323283,-0.614894493628771,-0.57284859894719,2.59397330965399,-0.3942707518041,1.41474243812483
559.443176269531,1,-1.069139377167,0.0018363761266763,-2.12993091808961,-0.641448069582378,5.29769678474325,-0.644519799172592,-1.20577341545867,-0.981442005894162,-0.130074584349808,-0.510839116226146,-0.572431278345498,-0.385364862662207,-0.3942707518041,-0.706578202000684
1085.43994140625,1,-1.35485796592338,-0.325650699797235,-2.12993091808961,1.55838986135719,-0.188690710103128,-1.06341914362214,-1.19832286391541,-1.14966451177596,-0.455750684220478,-0.599265428323702,-0.57215987215607,-0.385364862662207,-0.3942707518041,1.41474243812483
5445.2001953125,1,-1.64057655467976,-0.980624851645057,-2.12993091808961,1.55838986135719,-0.188690710103128,-1.203409946423,-1.19597357521593,-1.2944141098603,-1.02214390138686,-0.611414169801955,-0.572069315559033,-0.385364862662207,-0.3942707518041,1.41474243812483
60307.9296875,1,-0.592941729239711,-0.325650699797235,-2.12993091808961,1.55838986135719,-0.188690710103128,-1.32849940599973,-1.19376572779983,-0.648909145430145,-0.455750684220478,-0.614894493628771,-0.571982035725092,2.59397330965399,-0.3942707518041,1.41474243812483
1460.35998535156,1,-0.783420788410629,-0.325650699797235,0.469323281677592,1.55838986135719,-0.188690710103128,-1.32849940599973,-1.18592772565644,-0.789746592214905,-0.455750684220478,-0.614894493628771,-0.571655163174835,2.59397330965399,-0.3942707518041,1.41474243812483
6943.341796875,1,-1.35485796592338,-0.325650699797235,-2.12993091808961,1.55838986135719,-0.188690710103128,-0.139290766830677,-1.17928826246766,-1.14966451177596,-0.455750684220478,-0.30034113018586,-0.571357492255687,-0.385364862662207,-0.3942707518041,1.41474243812483
4032.7080078125,1,-0.973899847581546,-0.325650699797235,0.469323281677592,1.55838986135719,-0.188690710103128,-1.26842263167671,-1.16623725182974,-0.920151635534128,-0.455750684220478,-0.614091723073368,-0.570716809499959,-0.385364862662207,-0.3942707518041,1.41474243812483
10363.26953125,1,-0.307223140483335,-0.980624851645057,-2.12993091808961,1.55838986135719,-0.188690710103128,-1.32849940599973,-1.1638958092512,-0.418092218755121,-1.02214390138686,-0.614894493628771,-0.570594074567958,2.59397330965399,-0.3942707518041,1.41474243812483
4232.30908203125,1,-1.069139377167,-1.30811192756897,0.469323281677592,-0.641448069582378,-0.188690710103128,-1.32849940599973,-1.16284787711587,-0.981442005894162,-1.26286101868257,-0.614894493628771,-0.570538375619911,2.59397330965399,-0.3942707518041,1.41474243812483
11141.3896484375,1,-1.5453370250943,-0.653137775721146,-2.12993091808961,1.55838986135719,-0.188690710103128,-1.17229975628713,-1.15772284721066,-1.24877234469857,-0.75310712323283,-0.609467762139955,-0.570259133817924,-0.385364862662207,-0.3942707518041,1.41474243812483
0,1,-0.497702199654253,0.0018363761266763,-2.12993091808961,1.55838986135719,-0.188690710103128,-0.535485200326945,-1.15534422351865,-0.574578270738188,-0.130074584349808,-0.475019475270575,-0.570125673578618,-0.385364862662207,-0.3942707518041,-0.706578202000684
13385.8603515625,1,-0.783420788410629,-0.325650699797235,-2.12993091808961,-0.641448069582378,-0.188690710103128,-1.32849940599973,-1.12587393816825,-0.789746592214905,-0.455750684220478,-0.614894493628771,-0.568269225060483,2.59397330965399,-0.3942707518041,1.41474243812483
4849.55908203125,1,-0.973899847581546,-0.980624851645057,-2.12993091808961,1.55838986135719,-0.188690710103128,-0.66135668908571,-1.12137689700591,-0.920151635534128,-1.02214390138686,-0.515898932694125,-0.567952913772237,-0.385364862662207,-0.3942707518041,1.41474243812483
0,1,-0.878660317996087,0.0018363761266763,-2.12993091808961,1.55838986135719,-0.188690710103128,-0.277156631504893,-1.11268682547948,-0.856253164307709,-0.130074584349808,-0.369046374033466,-0.567316898740962,-0.385364862662207,-0.3942707518041,-0.706578202000684
1660.50805664062,1,-0.973899847581546,-0.653137775721146,-2.12993091808961,1.55838986135719,-0.188690710103128,-1.01875418427355,-1.11177363199955,-0.920151635534128,-0.75310712323283,-0.593554835712434,-0.567248167302258,-0.385364862662207,-0.3942707518041,1.41474243812483
0,1,1.12136980329854,-1.30811192756897,-2.12993091808961,1.55838986135719,-0.188690710103128,-1.09780417769955,-1.09932380838867,1.0880860315819,-1.26286101868257,-0.60305711754859,-0.56627516367671,-0.385364862662207,-0.3942707518041,1.41474243812483
2484.54907226562,1,-0.307223140483335,0.0018363761266763,-2.12993091808961,-0.641448069582378,-0.188690710103128,-1.32849940599973,-1.09813520902673,-0.418092218755121,-0.130074584349808,-0.614894493628771,-0.566178765135703,2.59397330965399,-0.3942707518041,-0.706578202000684
4146.60302734375,1,-1.45009749550884,-0.325650699797235,-2.12993091808961,1.55838986135719,-0.188690710103128,-1.16052217085247,-1.0978428090801,-1.20052247867046,-0.455750684220478,-0.608618549342602,-0.566154957105232,-0.385364862662207,-0.3942707518041,1.41474243812483
9970.6806640625,1,-1.45009749550884,-1.30811192756897,-2.12993091808961,1.55838986135719,-0.188690710103128,-1.32849940599973,-1.09483216803155,-1.20052247867046,-1.26286101868257,-0.614894493628771,-0.565907672246779,2.59397330965399,-0.3942707518041,1.41474243812483
0,1,-0.68818125882517,-0.325650699797235,-2.12993091808961,1.55838986135719,-0.188690710103128,-1.16767011862124,-1.09416800972667,-0.720631919255717,-0.455750684220478,-0.609141306534876,-0.565852592644414,-0.385364862662207,-0.3942707518041,1.41474243812483
26372.279296875,1,-0.783420788410629,-0.325650699797235,0.469323281677592,1.55838986135719,-0.188690710103128,-1.32849940599973,-1.0878001261165,-0.789746592214905,-0.455750684220478,-0.614894493628771,-0.565314813641064,2.59397330965399,-0.3942707518041,1.41474243812483
5615.18896484375,1,-1.35485796592338,-0.653137775721146,-2.12993091808961,1.55838986135719,-0.188690710103128,-0.963710075976187,-1.08616377009481,-1.14966451177596,-0.75310712323283,-0.585296486121427,-0.565173788747637,-0.385364862662207,-0.3942707518041,1.41474243812483
3196.57104492188,1,-0.592941729239711,-0.653137775721146,-2.12993091808961,1.55838986135719,-0.188690710103128,-1.32849940599973,-1.08190147924159,-0.648909145430145,-0.75310712323283,-0.614894493628771,-0.564801019156855,2.59397330965399,-0.3942707518041,1.41474243812483
6167.68115234375,1,-0.973899847581546,0.0018363761266763,-2.12993091808961,1.55838986135719,-0.188690710103128,-0.325329486785825,-1.08145055598594,-0.920151635534128,-0.130074584349808,-0.391059891347076,-0.564761123016355,-0.385364862662207,-0.3942707518041,-0.706578202000684
7535.94189453125,1,-1.45009749550884,-1.30811192756897,-2.12993091808961,1.55838986135719,-0.188690710103128,-1.13637692422723,-1.07464110817021,-1.20052247867046,-1.26286101868257,-0.60668465542273,-0.564147957731463,-0.385364862662207,-0.3942707518041,1.41474243812483
8484.2392578125,1,-1.069139377167,0.0018363761266763,-2.12993091808961,1.55838986135719,-0.188690710103128,-0.871625343617561,-1.0672410726276,-0.981442005894162,-0.130074584349808,-0.568467428759554,-0.563458878657487,-0.385364862662207,-0.3942707518041,-0.706578202000684
1294.40905761719,1,0.74041168495671,-0.980624851645057,0.469323281677592,1.55838986135719,-0.188690710103128,-1.32849940599973,-1.06590288679396,0.629060279098236,-1.02214390138686,-0.614894493628771,-0.563331740900259,2.59397330965399,-0.3942707518041,1.41474243812483
0,1,-0.878660317996087,0.329323452050587,-2.12993091808961,1.55838986135719,-0.188690710103128,-0.427559088482953,-1.06358256365084,-0.856253164307709,0.223921176379181,-0.434355811985689,-0.563109457378714,-0.385364862662207,-0.3942707518041,-0.706578202000684
5010.341796875,1,-1.5453370250943,-0.980624851645057,-2.12993091808961,1.55838986135719,-0.188690710103128,-1.32849940599973,-1.0494129266242,-1.24877234469857,-1.02214390138686,-0.614894493628771,-0.56170151054744,2.59397330965399,-0.3942707518041,1.41474243812483
9371.037109375,1,-1.25961843633792,0.0018363761266763,-2.12993091808961,1.55838986135719,-0.188690710103128,-0.856734034848175,-1.04616788711051,-1.09619844401508,-0.130074584349808,-0.565391627910055,-0.561366853837464,-0.385364862662207,-0.3942707518041,-0.706578202000684
0,1,-0.68818125882517,-0.653137775721146,-2.12993091808961,1.55838986135719,-0.188690710103128,-1.25554155422829,-1.03048338579141,-0.720631919255717,-0.75310712323283,-0.613710573790416,-0.559685141727714,-0.385364862662207,-0.3942707518041,1.41474243812483
4279.61279296875,1,-1.25961843633792,-1.30811192756897,-2.12993091808961,1.55838986135719,-0.188690710103128,-1.25640716828343,-1.01997579377362,-1.09619844401508,-1.26286101868257,-0.613738500548496,-0.558499002737786,-0.385364862662207,-0.3942707518041,1.41474243812483
3462.56396484375,1,-1.16437890675246,-0.980624851645057,-2.12993091808961,1.55838986135719,-0.188690710103128,-1.16869494958345,-1.00980924413387,-1.04012427538781,-1.02214390138686,-0.609214393459201,-0.557305920049956,-0.385364862662207,-0.3942707518041,1.41474243812483
7382.548828125,1,-0.307223140483335,-2.61806023126461,-2.12993091808961,1.55838986135719,-0.188690710103128,-0.70778575539633,-0.996390319033284,-0.418092218755121,-1.94253287928223,-0.529198441518069,-0.555662733414496,-0.385364862662207,-0.3942707518041,1.41474243812483
0,1,-0.973899847581546,-0.653137775721146,0.469323281677592,1.55838986135719,-0.188690710103128,-0.475636438527867,-0.992431388066945,-0.920151635534128,-0.75310712323283,-0.45311005863694,-0.555163076667604,-0.385364862662207,-0.3942707518041,1.41474243812483
0,1,-0.497702199654253,-0.653137775721146,-2.12993091808961,1.55838986135719,-0.188690710103128,-1.32849940599973,-0.969315431537058,-0.574578270738188,-0.75310712323283,-0.614894493628771,-0.552110300053487,2.59397330965399,-0.3942707518041,1.41474243812483
10976.509765625,1,-0.497702199654253,0.0018363761266763,-2.12993091808961,1.55838986135719,-0.188690710103128,-0.61809217667228,-0.934728710070875,-0.574578270738188,-0.130074584349808,-0.502642783293627,-0.547111172499995,-0.385364862662207,-0.3942707518041,-0.706578202000684
13829.6201171875,1,-1.45009749550884,-0.653137775721146,-2.12993091808961,-0.641448069582378,-0.188690710103128,-1.32849940599973,-0.902650671427056,-1.20052247867046,-0.75310712323283,-0.614894493628771,-0.542012309071478,2.59397330965399,-0.3942707518041,1.41474243812483
6788.462890625,1,-1.45009749550884,-0.325650699797235,0.469323281677592,-0.641448069582378,5.29769678474325,-0.933193662246218,-0.892584626022624,-1.20052247867046,-0.455750684220478,-0.580137318546822,-0.540320575305444,-0.385364862662207,-0.3942707518041,1.41474243812483
9558.5009765625,1,-0.307223140483335,-0.980624851645057,-2.12993091808961,1.55838986135719,-0.188690710103128,-0.547502918803807,-0.888690803786356,-0.418092218755121,-1.02214390138686,-0.479226818346701,-0.539654414285695,-0.385364862662207,-0.3942707518041,1.41474243812483
13228.2802734375,1,-1.16437890675246,-0.653137775721146,0.469323281677592,1.55838986135719,-0.188690710103128,-1.2214945158143,-0.88358744747084,-1.04012427538781,-0.75310712323283,-0.612347748561977,-0.538771397342684,-0.385364862662207,-0.3942707518041,1.41474243812483
743.666625976562,1,-1.25961843633792,-0.980624851645057,-2.12993091808961,1.55838986135719,-0.188690710103128,-0.860903386381239,-0.872010161767028,-1.09619844401508,-1.02214390138686,-0.566262750832777,-0.536726465914118,-0.385364862662207,-0.3942707518041,1.41474243812483
5522.7880859375,1,-1.64057655467976,-0.653137775721146,-2.12993091808961,1.55838986135719,-0.188690710103128,-1.23438452908702,-0.868802083464335,-1.2944141098603,-0.75310712323283,-0.612924364104147,-0.536149558290715,-0.385364862662207,-0.3942707518041,1.41474243812483
1424.94396972656,1,-0.783420788410629,0.0018363761266763,0.469323281677592,1.55838986135719,-0.188690710103128,-0.71571646180218,-0.868731538744642,-0.789746592214905,-0.130074584349808,-0.531374286995985,-0.536136822253118,-0.385364862662207,-0.3942707518041,-0.706578202000684
1358.64294433594,1,-1.35485796592338,-0.980624851645057,-2.12993091808961,-0.641448069582378,5.29769678474325,-0.435003159416453,-0.862951234595263,-1.14966451177596,-1.02214390138686,-0.437326909014909,-0.535085943019986,-0.385364862662207,-0.3942707518041,1.41474243812483
0,1,-1.45009749550884,-0.653137775721146,-2.12993091808961,1.55838986135719,-0.188690710103128,-1.02811508514709,-0.849857993882624,-1.20052247867046,-0.75310712323283,-0.594825169714685,-0.532652120249352,-0.385364862662207,-0.3942707518041,1.41474243812483
672.877319335938,1,-0.783420788410629,-0.653137775721146,-2.12993091808961,1.55838986135719,-0.188690710103128,0.561108837456079,-0.797097087850353,-0.789746592214905,-0.75310712323283,0.179290674432854,-0.522093524661979,-0.385364862662207,-0.3942707518041,1.41474243812483
0,1,-0.592941729239711,-0.325650699797235,-2.12993091808961,1.55838986135719,-0.188690710103128,-1.18792269067417,-0.79112365653569,-0.648909145430145,-0.455750684220478,-0.610499026816546,-0.520822259386214,-0.385364862662207,-0.3942707518041,1.41474243812483
10092.830078125,1,-1.16437890675246,0.0018363761266763,0.469323281677592,-0.641448069582378,5.29769678474325,-1.29262843419036,-0.777876132234096,-1.04012427538781,-0.130074584349808,-0.614608297004037,-0.517947871082611,-0.385364862662207,-0.3942707518041,-0.706578202000684
6281.43310546875,1,-0.116744081312418,-0.325650699797235,-2.12993091808961,1.55838986135719,-0.188690710103128,-1.32849940599973,-0.719349910606356,-0.251173763306516,-0.455750684220478,-0.614894493628771,-0.50434093485627,2.59397330965399,-0.3942707518041,1.41474243812483
12590.7099609375,1,-1.16437890675246,0.0018363761266763,-2.12993091808961,-0.641448069582378,-0.188690710103128,-0.835869307680549,-0.677009708718919,-1.04012427538781,-0.130074584349808,-0.560916081202002,-0.493573808476136,-0.385364862662207,-0.3942707518041,-0.706578202000684
5112.01416015625,1,-0.497702199654253,-0.653137775721146,-2.12993091808961,-0.641448069582378,5.29769678474325,-1.32849940599973,-0.648318520308347,-0.574578270738188,-0.75310712323283,-0.614894493628771,-0.485837020276056,2.59397330965399,-0.3942707518041,1.41474243812483
15952.599609375,1,-0.116744081312418,0.0018363761266763,0.469323281677592,1.55838986135719,-0.188690710103128,0.149388469302054,-0.497885511963643,-0.251173763306516,-0.130074584349808,-0.129090372544118,-0.439445896392614,-0.385364862662207,-0.3942707518041,-0.706578202000684
36646.94921875,1,-0.878660317996087,0.656810527974498,0.469323281677592,1.55838986135719,-0.188690710103128,1.22502252376364,-0.454995307553391,-0.856253164307709,0.606236597966489,0.835404034362361,-0.424426586821888,-0.385364862662207,-0.3942707518041,-0.706578202000684
12803.9697265625,1,0.0737349778584993,-0.980624851645057,0.469323281677592,1.55838986135719,-0.188690710103128,-0.337231346451779,-0.289690064921422,-0.0738229043923733,-1.02214390138686,-0.396339644072644,-0.359099233424748,-0.385364862662207,-0.3942707518041,1.41474243812483
3786.6279296875,1,0.0737349778584993,-1.30811192756897,0.469323281677592,1.55838986135719,-0.188690710103128,-0.327783871718612,0.0090256924167023,-0.0738229043923733,-1.26286101868257,-0.3921538320738,-0.211081514352622,-0.385364862662207,-0.3942707518041,1.41474243812483
4181.94189453125,1,-0.116744081312418,-0.325650699797235,0.469323281677592,1.55838986135719,-0.188690710103128,-0.26010987203811,0.525397277959684,-0.251173763306516,-0.455750684220478,-0.361009242521436,0.135783591008342,-0.385364862662207,-0.3942707518041,1.41474243812483
0,0,1.216609332884,0.0018363761266763,-2.12993091808961,-0.641448069582378,-0.188690710103128,-1.32849940599973,-1.28629343999159,1.20936272186878,-0.130074584349808,-0.614894493628771,-0.573833005358096,2.59397330965399,2.53537997340692,-0.706578202000684
0,0,1.50232792164038,0.0018363761266763,0.469323281677592,1.55838986135719,-0.188690710103128,-1.32849940599973,-1.28629343999159,1.58884139792771,-0.130074584349808,-0.614894493628771,-0.573833005358096,2.59397330965399,2.53537997340692,-0.706578202000684
0,0,0.930890744127627,0.0018363761266763,-2.12993091808961,-0.641448069582378,-0.188690710103128,-1.32849940599973,-1.28629343999159,0.853356953607299,-0.130074584349808,-0.614894493628771,-0.573833005358096,2.59397330965399,2.53537997340692,-0.706578202000684
0,0,-0.592941729239711,0.0018363761266763,0.469323281677592,1.55838986135719,-0.188690710103128,-1.32849940599973,-1.28629343999159,-0.648909145430145,-0.130074584349808,-0.614894493628771,-0.573833005358096,2.59397330965399,2.53537997340692,-0.706578202000684
0,0,1.97852556956767,0.0018363761266763,0.469323281677592,-0.641448069582378,5.29769678474325,-1.32849940599973,-1.28629343999159,2.27346787535363,-0.130074584349808,-0.614894493628771,-0.573833005358096,2.59397330965399,2.53537997340692,-0.706578202000684
0,0,-0.878660317996087,0.0018363761266763,-2.12993091808961,1.55838986135719,-0.188690710103128,-1.32849940599973,-1.28629343999159,-0.856253164307709,-0.130074584349808,-0.614894493628771,-0.573833005358096,2.59397330965399,2.53537997340692,-0.706578202000684
0,0,1.50232792164038,0.0018363761266763,0.469323281677592,1.55838986135719,-0.188690710103128,-1.32849940599973,-1.28629343999159,1.58884139792771,-0.130074584349808,-0.614894493628771,-0.573833005358096,2.59397330965399,2.53537997340692,-0.706578202000684
4728.72509765625,0,-1.069139377167,0.0018363761266763,-2.12993091808961,1.55838986135719,-0.188690710103128,-1.32849940599973,-1.28629343999159,-0.981442005894162,-0.130074584349808,-0.614894493628771,-0.573833005358096,2.59397330965399,2.53537997340692,-0.706578202000684
0,0,1.40708839205492,0.656810527974498,0.469323281677592,-0.641448069582378,-0.188690710103128,-1.32849940599973,-1.28629343999159,1.45974040504168,0.606236597966489,-0.614894493628771,-0.573833005358096,2.59397330965399,2.53537997340692,-0.706578202000684
0,0,-0.0215045517269594,0.656810527974498,0.469323281677592,1.55838986135719,-0.188690710103128,-1.32849940599973,-1.28629343999159,-0.163802384282637,0.606236597966489,-0.614894493628771,-0.573833005358096,2.59397330965399,2.53537997340692,-0.706578202000684
11821.8134765625,0,-0.0215045517269594,1.31178467982232,0.469323281677592,-0.641448069582378,-0.188690710103128,-1.32849940599973,-1.28629343999159,-0.163802384282637,1.45582642371606,-0.614894493628771,-0.573833005358096,2.59397330965399,2.53537997340692,-0.706578202000684
0,0,1.97852556956767,0.329323452050587,0.469323281677592,-0.641448069582378,5.29769678474325,-1.32849940599973,-1.28629343999159,2.27346787535363,0.223921176379181,-0.614894493628771,-0.573833005358096,2.59397330965399,2.53537997340692,-0.706578202000684
0,0,-0.402462670068794,1.31178467982232,0.469323281677592,-0.641448069582378,-0.188690710103128,-1.32849940599973,-1.28629343999159,-0.497639295179847,1.45582642371606,-0.614894493628771,-0.573833005358096,2.59397330965399,2.53537997340692,-0.706578202000684
0,0,-1.25961843633792,0.0018363761266763,-2.12993091808961,-0.641448069582378,-0.188690710103128,-1.32849940599973,-1.28629343999159,-1.09619844401508,-0.130074584349808,-0.614894493628771,-0.573833005358096,2.59397330965399,2.53537997340692,-0.706578202000684
0,0,-0.402462670068794,1.63927175574623,-2.12993091808961,-0.641448069582378,-0.188690710103128,-1.32849940599973,-1.28629343999159,-0.497639295179847,1.92310082787833,-0.614894493628771,-0.573833005358096,2.59397330965399,2.53537997340692,-0.706578202000684
0,0,1.12136980329854,0.0018363761266763,-2.12993091808961,-0.641448069582378,-0.188690710103128,-1.32849940599973,-1.28629343999159,1.0880860315819,-0.130074584349808,-0.614894493628771,-0.573833005358096,2.59397330965399,2.53537997340692,-0.706578202000684
9014.1318359375,0,-0.783420788410629,1.31178467982232,-2.12993091808961,-0.641448069582378,-0.188690710103128,-1.32849940599973,-1.28629343999159,-0.789746592214905,1.45582642371606,-0.614894493628771,-0.573833005358096,2.59397330965399,2.53537997340692,-0.706578202000684
1921.04455566406,0,0.454693096200334,0.984297603898409,0.469323281677592,-0.641448069582378,-0.188690710103128,-1.32849940599973,-1.28629343999159,0.312176023832525,1.01687168041212,-0.614894493628771,-0.573833005358096,2.59397330965399,2.53537997340692,-0.706578202000684
0,0,-0.211983610897877,1.31178467982232,0.469323281677592,-0.641448069582378,-0.188690710103128,-1.32849940599973,-1.28629343999159,-0.335937041464011,1.45582642371606,-0.614894493628771,-0.573833005358096,2.59397330965399,2.53537997340692,-0.706578202000684
0,0,-0.307223140483335,0.656810527974498,0.469323281677592,-0.641448069582378,-0.188690710103128,-1.32849940599973,-1.28629343999159,-0.418092218755121,0.606236597966489,-0.614894493628771,-0.573833005358096,2.59397330965399,2.53537997340692,-0.706578202000684
8866.359375,0,0.454693096200334,1.63927175574623,0.469323281677592,-0.641448069582378,5.29769678474325,-1.32849940599973,-1.28629343999159,0.312176023832525,1.92310082787833,-0.614894493628771,-0.573833005358096,2.59397330965399,2.53537997340692,-0.706578202000684
0,0,-0.307223140483335,0.0018363761266763,0.469323281677592,-0.641448069582378,-0.188690710103128,-1.32849940599973,-1.28629343999159,-0.418092218755121,-0.130074584349808,-0.614894493628771,-0.573833005358096,2.59397330965399,2.53537997340692,-0.706578202000684
28076.8046875,0,-0.68818125882517,0.329323452050587,0.469323281677592,-0.641448069582378,-0.188690710103128,-1.32849940599973,-1.28629343999159,-0.720631919255717,0.223921176379181,-0.614894493628771,-0.573833005358096,2.59397330965399,2.53537997340692,-0.706578202000684
0,0,0.645172155371251,0.329323452050587,0.469323281677592,-0.641448069582378,-0.188690710103128,-1.32849940599973,-1.28629343999159,0.520824093143282,0.223921176379181,-0.614894493628771,-0.573833005358096,2.59397330965399,2.53537997340692,-0.706578202000684
0,0,-0.783420788410629,0.656810527974498,-2.12993091808961,-0.641448069582378,-0.188690710103128,-1.32849940599973,-1.28629343999159,-0.789746592214905,0.606236597966489,-0.614894493628771,-0.573833005358096,2.59397330965399,2.53537997340692,-0.706578202000684
0,0,1.50232792164038,1.63927175574623,-2.12993091808961,-0.641448069582378,-0.188690710103128,-1.32849940599973,-1.28629343999159,1.58884139792771,1.92310082787833,-0.614894493628771,-0.573833005358096,2.59397330965399,2.53537997340692,-0.706578202000684
0,0,0.264214037029417,0.329323452050587,0.469323281677592,-0.641448069582378,-0.188690710103128,-1.32849940599973,-1.28629343999159,0.113960357987307,0.223921176379181,-0.614894493628771,-0.573833005358096,2.59397330965399,2.53537997340692,-0.706578202000684
0,0,-0.116744081312418,0.0018363761266763,0.469323281677592,-0.641448069582378,-0.188690710103128,-1.32849940599973,-1.28629343999159,-0.251173763306516,-0.130074584349808,-0.614894493628771,-0.573833005358096,2.59397330965399,2.53537997340692,-0.706578202000684
0,0,-0.307223140483335,0.0018363761266763,0.469323281677592,-0.641448069582378,-0.188690710103128,-1.32849940599973,-1.28629343999159,-0.418092218755121,-0.130074584349808,-0.614894493628771,-0.573833005358096,2.59397330965399,2.53537997340692,-0.706578202000684
17732.71875,0,0.168974507443958,0.0018363761266763,0.469323281677592,1.55838986135719,-0.188690710103128,-1.32849940599973,-1.28629343999159,0.0187646763642747,-0.130074584349808,-0.614894493628771,-0.573833005358096,2.59397330965399,2.53537997340692,-0.706578202000684
0,0,-0.402462670068794,0.0018363761266763,0.469323281677592,-0.641448069582378,-0.188690710103128,-1.32849940599973,-1.28629343999159,-0.497639295179847,-0.130074584349808,-0.614894493628771,-0.573833005358096,2.59397330965399,2.53537997340692,-0.706578202000684
0,0,0.0737349778584993,1.31178467982232,0.469323281677592,-0.641448069582378,-0.188690710103128,-1.32849940599973,-1.28629343999159,-0.0738229043923733,1.45582642371606,-0.614894493628771,-0.573833005358096,2.59397330965399,2.53537997340692,-0.706578202000684
0,0,1.216609332884,0.656810527974498,0.469323281677592,-0.641448069582378,-0.188690710103128,-1.32849940599973,-1.28629343999159,1.20936272186878,0.606236597966489,-0.614894493628771,-0.573833005358096,2.59397330965399,2.53537997340692,-0.706578202000684
0,0,0.454693096200334,0.329323452050587,0.469323281677592,-0.641448069582378,-0.188690710103128,-1.32849940599973,-1.28629343999159,0.312176023832525,0.223921176379181,-0.614894493628771,-0.573833005358096,2.59397330965399,2.53537997340692,-0.706578202000684
0,0,-0.211983610897877,0.0018363761266763,0.469323281677592,-0.641448069582378,-0.188690710103128,-1.32849940599973,-1.28629343999159,-0.335937041464011,-0.130074584349808,-0.614894493628771,-0.573833005358096,2.59397330965399,2.53537997340692,-0.706578202000684
0,0,0.645172155371251,0.329323452050587,0.469323281677592,-0.641448069582378,-0.188690710103128,-1.32849940599973,-1.28629343999159,0.520824093143282,0.223921176379181,-0.614894493628771,-0.573833005358096,2.59397330965399,2.53537997340692,-0.706578202000684
0,0,0.74041168495671,0.329323452050587,0.469323281677592,-0.641448069582378,-0.188690710103128,-1.32849940599973,-1.28629343999159,0.629060279098236,0.223921176379181,-0.614894493628771,-0.573833005358096,2.59397330965399,2.53537997340692,-0.706578202000684
0,0,0.74041168495671,0.329323452050587,0.469323281677592,-0.641448069582378,-0.188690710103128,-1.32849940599973,-1.28629343999159,0.629060279098236,0.223921176379181,-0.614894493628771,-0.573833005358096,2.59397330965399,2.53537997340692,-0.706578202000684
0,0,0.74041168495671,0.329323452050587,0.469323281677592,-0.641448069582378,-0.188690710103128,-1.32849940599973,-1.28629343999159,0.629060279098236,0.223921176379181,-0.614894493628771,-0.573833005358096,2.59397330965399,2.53537997340692,-0.706578202000684
0,0,1.88328603998221,0.329323452050587,0.469323281677592,-0.641448069582378,-0.188690710103128,-1.32849940599973,-1.28629343999159,2.13132637813568,0.223921176379181,-0.614894493628771,-0.573833005358096,2.59397330965399,2.53537997340692,-0.706578202000684
0,0,-0.497702199654253,0.656810527974498,0.469323281677592,-0.641448069582378,-0.188690710103128,-1.32849940599973,-1.28629343999159,-0.574578270738188,0.606236597966489,-0.614894493628771,-0.573833005358096,2.59397330965399,2.53537997340692,-0.706578202000684
0,0,0.264214037029417,0.329323452050587,0.469323281677592,-0.641448069582378,-0.188690710103128,-1.32849940599973,-1.28629343999159,0.113960357987307,0.223921176379181,-0.614894493628771,-0.573833005358096,2.59397330965399,2.53537997340692,-0.706578202000684
0,0,1.88328603998221,0.329323452050587,0.469323281677592,-0.641448069582378,-0.188690710103128,-1.32849940599973,-1.28629343999159,2.13132637813568,0.223921176379181,-0.614894493628771,-0.573833005358096,2.59397330965399,2.53537997340692,-0.706578202000684
0,0,1.88328603998221,0.329323452050587,0.469323281677592,-0.641448069582378,-0.188690710103128,-1.32849940599973,-1.28629343999159,2.13132637813568,0.223921176379181,-0.614894493628771,-0.573833005358096,2.59397330965399,2.53537997340692,-0.706578202000684
0,0,1.50232792164038,0.656810527974498,0.469323281677592,-0.641448069582378,-0.188690710103128,-1.32849940599973,-1.28629343999159,1.58884139792771,0.606236597966489,-0.614894493628771,-0.573833005358096,2.59397330965399,2.53537997340692,-0.706578202000684
3657.37329101562,0,-1.25961843633792,0.656810527974498,-2.12993091808961,-0.641448069582378,5.29769678474325,-1.32849940599973,-1.28113318280655,-1.09619844401508,0.606236597966489,-0.614894493628771,-0.573827248330118,2.59397330965399,-0.3942707518041,-0.706578202000684
0,0,-0.783420788410629,0.0018363761266763,0.469323281677592,-0.641448069582378,-0.188690710103128,-1.32849940599973,-1.28113318280655,-0.789746592214905,-0.130074584349808,-0.614894493628771,-0.573827248330118,2.59397330965399,-0.3942707518041,-0.706578202000684
2659.90771484375,0,-1.25961843633792,0.329323452050587,-2.12993091808961,-0.641448069582378,-0.188690710103128,-1.32849940599973,-1.2363679479055,-1.09619844401508,0.223921176379181,-0.614894493628771,-0.573294115073583,2.59397330965399,-0.3942707518041,-0.706578202000684
14777.265625,0,-1.25961843633792,0.984297603898409,-2.12993091808961,-0.641448069582378,-0.188690710103128,-1.32849940599973,-1.05408186116712,-1.09619844401508,1.01687168041212,-0.614894493628771,-0.56217502315049,2.59397330965399,-0.3942707518041,-0.706578202000684
5319.81591796875,0,-1.069139377167,0.656810527974498,-2.12993091808961,-0.641448069582378,-0.188690710103128,-1.32849940599973,-1.04118121985378,-0.981442005894162,0.606236597966489,-0.614894493628771,-0.560843710574693,2.59397330965399,-0.3942707518041,-0.706578202000684
7388.6328125,0,-0.68818125882517,1.63927175574623,-2.12993091808961,-0.641448069582378,-0.188690710103128,-1.32849940599973,-0.847671564969322,-0.720631919255717,1.92310082787833,-0.614894493628771,-0.532238475505555,2.59397330965399,-0.3942707518041,-0.706578202000684
11821.8134765625,0,0.168974507443958,0.0018363761266763,0.469323281677592,1.55838986135719,-0.188690710103128,-1.32849940599973,-0.641261233587127,0.0187646763642747,-0.130074584349808,-0.614894493628771,-0.483879426947293,2.59397330965399,-0.3942707518041,-0.706578202000684
20688.171875,0,-0.116744081312418,0.329323452050587,0.469323281677592,1.55838986135719,-0.188690710103128,-1.32849940599973,-0.512254890822551,-0.251173763306516,0.223921176379181,-0.614894493628771,-0.444299885419385,2.59397330965399,-0.3942707518041,-0.706578202000684
1220.60217285156,0,-0.878660317996087,0.0018363761266763,0.469323281677592,1.55838986135719,-0.188690710103128,-1.32849940599973,0.261783799084084,-0.856253164307709,-0.130074584349808,-0.614894493628771,-0.0557004313951246,2.59397330965399,-0.3942707518041,-0.706578202000684
22313.671875,0,-0.497702199654253,0.984297603898409,-2.12993091808961,-0.641448069582378,-0.188690710103128,-1.32849940599973,0.261783799084084,-0.574578270738188,1.01687168041212,-0.614894493628771,-0.0557004313951246,2.59397330965399,-0.3942707518041,-0.706578202000684
32509.984375,0,-1.16437890675246,1.31178467982232,-2.12993091808961,-0.641448069582378,-0.188690710103128,-1.32849940599973,0.339187646964108,-1.04012427538781,1.45582642371606,-0.614894493628771,-0.00259185245577389,2.59397330965399,-0.3942707518041,-0.706578202000684
10344.0859375,0,-0.973899847581546,0.0018363761266763,-2.12993091808961,1.55838986135719,-0.188690710103128,-1.27138729710023,-1.28629343999159,-0.920151635534128,-0.130074584349808,-0.614168998306886,-0.573833005358096,-0.385364862662207,2.53537997340692,-0.706578202000684
2305.25341796875,0,-1.16437890675246,0.329323452050587,-2.12993091808961,-0.641448069582378,-0.188690710103128,-1.27138729710023,-1.28629343999159,-1.04012427538781,0.223921176379181,-0.614168998306886,-0.573833005358096,-0.385364862662207,2.53537997340692,-0.706578202000684
3250.99853515625,0,-0.783420788410629,0.984297603898409,-2.12993091808961,-0.641448069582378,-0.188690710103128,-1.25710926876338,-1.15083667981325,-0.789746592214905,1.01687168041212,-0.613760907153013,-0.569866052735652,-0.385364862662207,-0.3942707518041,-0.706578202000684
5910.90625,0,-1.069139377167,0.0018363761266763,-2.12993091808961,1.55838986135719,-0.188690710103128,-1.2499702612668,-1.05408186116712,-0.981442005894162,-0.130074584349808,-0.613522854210635,-0.56217502315049,-0.385364862662207,-0.3942707518041,-0.706578202000684
2955.453125,0,-1.35485796592338,0.0018363761266763,-2.12993091808961,1.55838986135719,-0.188690710103128,-1.22883877594787,-0.38324840732038,-1.14966451177596,-0.130074584349808,-0.612685342235264,-0.39752401365482,-0.385364862662207,-0.3942707518041,-0.706578202000684
11082.94921875,0,-1.25961843633792,0.656810527974498,-2.12993091808961,-0.641448069582378,-0.188690710103128,-1.21870137907567,-1.09278378510713,-1.09619844401508,0.606236597966489,-0.612213058503685,-0.565737183889925,-0.385364862662207,-0.3942707518041,-0.706578202000684
1152.62670898438,0,-1.25961843633792,0.0018363761266763,-2.12993091808961,1.55838986135719,-0.188690710103128,-1.18571913152704,-0.892823809566003,-1.09619844401508,-0.130074584349808,-0.61036014772574,-0.540361281465339,-0.385364862662207,-0.3942707518041,-0.706578202000684
5024.2705078125,0,-1.16437890675246,0.984297603898409,-2.12993091808961,-0.641448069582378,-0.188690710103128,-1.18514801270647,-1.07988314379379,-1.04012427538781,1.01687168041212,-0.610323800554205,-0.564621759808106,-0.385364862662207,-0.3942707518041,-0.706578202000684
0,0,-1.16437890675246,0.0018363761266763,0.469323281677592,1.55838986135719,-0.188690710103128,-1.18229240970784,-1.1082645511647,-1.04012427538781,-0.130074584349808,-0.610139887649272,-0.566980701579909,-0.385364862662207,-0.3942707518041,-0.706578202000684
14777.265625,0,-0.973899847581546,0.329323452050587,-2.12993091808961,-0.641448069582378,-0.188690710103128,-1.15716308374913,-1.06091919261893,-0.920151635534128,0.223921176379181,-0.608365036070823,-0.562851440662793,-0.385364862662207,-0.3942707518041,-0.706578202000684
17732.71875,0,-1.35485796592338,0.0018363761266763,-2.12993091808961,1.55838986135719,-0.188690710103128,-1.15716308374913,-0.963777336789358,-1.14966451177596,-0.130074584349808,-0.608365036070823,-0.551344610755395,-0.385364862662207,-0.3942707518041,-0.706578202000684
25860.21484375,0,-1.16437890675246,1.31178467982232,-2.12993091808961,-0.641448069582378,-0.188690710103128,-1.15716308374913,0.390790212217457,-1.04012427538781,1.45582642371606,-0.608365036070823,0.0342531234636453,-0.385364862662207,-0.3942707518041,-0.706578202000684
0,0,-0.592941729239711,0.0018363761266763,-2.12993091808961,1.55838986135719,-0.188690710103128,-1.11432900318648,-1.07988314379379,-0.648909145430145,-0.130074584349808,-0.604692216194477,-0.564621759808106,-0.385364862662207,-0.3942707518041,-0.706578202000684
11821.8134765625,0,-0.973899847581546,0.0018363761266763,-2.12993091808961,1.55838986135719,-0.188690710103128,-1.08577293761699,-0.950876695476021,-0.920151635534128,-0.130074584349808,-0.601790233776908,-0.54950955816405,-0.385364862662207,-0.3942707518041,-0.706578202000684
11821.8134765625,0,-1.16437890675246,0.0018363761266763,-2.12993091808961,1.55838986135719,-0.188690710103128,-1.06763985946526,-0.0517018763094512,-1.04012427538781,-0.130074584349808,-0.599759170675189,-0.24429746839615,-0.385364862662207,-0.3942707518041,-0.706578202000684
13299.5390625,0,-1.35485796592338,0.0018363761266763,-2.12993091808961,1.55838986135719,-0.188690710103128,-1.05664576212273,-0.641261233587127,-1.14966451177596,-0.130074584349808,-0.598456510156657,-0.483879426947293,-0.385364862662207,-0.3942707518041,-0.706578202000684
17732.71875,0,-0.68818125882517,0.0018363761266763,0.469323281677592,1.55838986135719,-0.188690710103128,-1.04293885705434,-1.14258026479874,-0.720631919255717,-0.130074584349808,-0.59675711001665,-0.569367724142844,-0.385364862662207,-0.3942707518041,-0.706578202000684
8866.359375,0,-1.069139377167,0.0018363761266763,0.469323281677592,1.55838986135719,-0.188690710103128,-1.04293885705434,-1.07988314379379,-0.981442005894162,-0.130074584349808,-0.59675711001665,-0.564621759808106,-0.385364862662207,-0.3942707518041,-0.706578202000684
9752.9951171875,0,-1.069139377167,0.0018363761266763,0.469323281677592,1.55838986135719,-0.188690710103128,-1.04293885705434,-0.447751613887066,-0.981442005894162,-0.130074584349808,-0.59675711001665,-0.421811473152661,-0.385364862662207,-0.3942707518041,-0.706578202000684
9457.4501953125,0,-0.783420788410629,1.63927175574623,-2.12993091808961,-0.641448069582378,-0.188690710103128,-1.02437742866744,-0.447751613887066,-0.789746592214905,1.92310082787833,-0.59432262068817,-0.421811473152661,-0.385364862662207,-0.3942707518041,-0.706578202000684
16254.9921875,0,0.74041168495671,1.31178467982232,-2.12993091808961,-0.641448069582378,-0.188690710103128,-1.00795768029003,0.00377097281733639,0.629060279098236,1.45582642371606,-0.592041275561596,-0.214018691714884,-0.385364862662207,-0.3942707518041,-0.706578202000684
0,0,-1.35485796592338,0.0018363761266763,-2.12993091808961,-0.641448069582378,-0.188690710103128,-0.977831044635826,-1.23469086594214,-1.14966451177596,-0.130074584349808,-0.587543608207483,-0.573257302511222,-0.385364862662207,-0.3942707518041,-0.706578202000684
17732.71875,0,-0.973899847581546,1.31178467982232,-2.12993091808961,-0.641448069582378,-0.188690710103128,-0.971548728713788,-0.641261233587127,-0.920151635534128,1.45582642371606,-0.586554833147373,-0.483879426947293,-0.385364862662207,-0.3942707518041,-0.706578202000684
5030.18115234375,0,-0.878660317996087,1.63927175574623,-2.12993091808961,-0.641448069582378,-0.188690710103128,-0.964409712321415,-0.031447766005379,-0.856253164307709,1.92310082787833,-0.585409910402871,-0.233396376569638,-0.385364862662207,-0.3942707518041,-0.706578202000684
7388.6328125,0,-1.25961843633792,0.0018363761266763,0.469323281677592,-0.641448069582378,-0.188690710103128,-0.957270695929042,-0.796068999715973,-1.09619844401508,-0.130074584349808,-0.584242315911903,-0.521875826224486,-0.385364862662207,-0.3942707518041,-0.706578202000684
15244.2265625,0,-1.35485796592338,0.0018363761266763,0.469323281677592,-0.641448069582378,-0.188690710103128,-0.950845584734224,-0.834770923655985,-1.14966451177596,-0.130074584349808,-0.583172097124592,-0.529755757432277,-0.385364862662207,-0.3942707518041,-0.706578202000684
5319.81591796875,0,0.168974507443958,1.31178467982232,-2.12993091808961,-0.641448069582378,-0.188690710103128,-0.942992663144297,-0.937976054162684,0.0187646763642747,1.45582642371606,-0.581839111690571,-0.547602542741379,-0.385364862662207,-0.3942707518041,-0.706578202000684
12117.3583984375,0,-1.45009749550884,0.0018363761266763,-2.12993091808961,1.55838986135719,-0.188690710103128,-0.935853646751924,-0.705764475338212,-1.20052247867046,-0.130074584349808,-0.580603501960206,-0.500970612144553,-0.385364862662207,-0.3942707518041,-0.706578202000684
10048.541015625,0,-1.25961843633792,0.0018363761266763,0.469323281677592,1.55838986135719,-0.188690710103128,-0.900872505570788,-1.06698250248046,-1.09619844401508,-0.130074584349808,-0.574221301632046,-0.563434372894961,-0.385364862662207,-0.3942707518041,-0.706578202000684
17732.71875,0,-0.973899847581546,0.0018363761266763,0.469323281677592,1.55838986135719,-0.188690710103128,-0.900158600373234,-0.641261233587127,-0.920151635534128,-0.130074584349808,-0.574085383891597,-0.483879426947293,-0.385364862662207,-0.3942707518041,-0.706578202000684
15959.447265625,0,-0.307223140483335,0.0018363761266763,0.469323281677592,1.55838986135719,-0.188690710103128,-0.900158600373234,-0.489033609794708,-0.418092218755121,-0.130074584349808,-0.574085383891597,-0.436411275477407,-0.385364862662207,-0.3942707518041,-0.706578202000684
5763.1337890625,0,-1.16437890675246,0.0018363761266763,-2.12993091808961,1.55838986135719,-0.188690710103128,-0.899159140213292,-0.539217188242459,-1.04012427538781,-0.130074584349808,-0.573894719525033,-0.453166840999998,-0.385364862662207,-0.3942707518041,-0.706578202000684
14777.265625,0,-1.35485796592338,0.329323452050587,-2.12993091808961,1.55838986135719,-0.188690710103128,-0.898730789978125,-0.38324840732038,-1.14966451177596,0.223921176379181,-0.573812868251523,-0.39752401365482,-0.385364862662207,-0.3942707518041,-0.706578202000684
27337.94140625,0,-1.35485796592338,0.329323452050587,0.469323281677592,-0.641448069582378,5.29769678474325,-0.885880567588489,-0.5638574560759,-1.14966451177596,0.223921176379181,-0.571319431952821,-0.460995263857137,-0.385364862662207,-0.3942707518041,-0.706578202000684
10344.0859375,0,-0.783420788410629,0.0018363761266763,-2.12993091808961,-0.641448069582378,-0.188690710103128,-0.871602534803743,-0.447751613887066,-0.789746592214905,-0.130074584349808,-0.568462793028183,-0.421811473152661,-0.385364862662207,-0.3942707518041,-0.706578202000684
14186.1748046875,0,-1.069139377167,0.0018363761266763,-2.12993091808961,1.55838986135719,-0.188690710103128,-0.855182822009507,-0.38324840732038,-0.981442005894162,-0.130074584349808,-0.565065551723059,-0.39752401365482,-0.385364862662207,-0.3942707518041,-0.706578202000684
0,0,-1.16437890675246,0.0018363761266763,-2.12993091808961,1.55838986135719,-0.188690710103128,-0.848757675231516,-0.963777336789358,-1.04012427538781,-0.130074584349808,-0.563703540299403,-0.551344610755395,-0.385364862662207,-0.3942707518041,-0.706578202000684
11208.5556640625,0,-1.25961843633792,0.0018363761266763,-2.12993091808961,1.55838986135719,-0.188690710103128,-0.843046469234253,-0.460652184831606,-1.09619844401508,-0.130074584349808,-0.562477454221318,-0.426453051436082,-0.385364862662207,-0.3942707518041,-0.706578202000684
8275.2685546875,0,-0.68818125882517,0.0018363761266763,0.469323281677592,1.55838986135719,-0.188690710103128,-0.828911231722287,-1.28629343999159,-0.720631919255717,-0.130074584349808,-0.559380493559842,-0.573833005358096,-0.385364862662207,2.53537997340692,-0.706578202000684
0,0,-0.878660317996087,0.656810527974498,-2.12993091808961,-0.641448069582378,-0.188690710103128,-0.82876847203268,-1.15728700046992,-0.856253164307709,0.606236597966489,-0.559348762249323,-0.570234862319797,-0.385364862662207,-0.3942707518041,-0.706578202000684
24514.005859375,0,-0.68818125882517,0.329323452050587,0.469323281677592,1.55838986135719,-0.188690710103128,-0.82876847203268,-0.99112669778101,-0.720631919255717,0.223921176379181,-0.559348762249323,-0.554996926952909,-0.385364862662207,-0.3942707518041,-0.706578202000684
17363.287109375,0,-1.16437890675246,0.329323452050587,-2.12993091808961,-0.641448069582378,-0.188690710103128,-0.82876847203268,-0.834770923655985,-1.04012427538781,0.223921176379181,-0.559348762249323,-0.529755757432277,-0.385364862662207,-0.3942707518041,-0.706578202000684
26599.078125,0,-0.973899847581546,0.0018363761266763,0.469323281677592,1.55838986135719,-0.188690710103128,-0.82876847203268,-0.254241923818208,-0.920151635534128,-0.130074584349808,-0.559348762249323,-0.343551850906983,-0.385364862662207,-0.3942707518041,-0.706578202000684
17732.71875,0,-1.45009749550884,0.329323452050587,-2.12993091808961,-0.641448069582378,-0.188690710103128,-0.82876847203268,-0.189738717251522,-1.20052247867046,0.223921176379181,-0.559348762249323,-0.313867177097028,-0.385364862662207,-0.3942707518041,-0.706578202000684
12708.44921875,0,-0.592941729239711,0.984297603898409,-2.12993091808961,1.55838986135719,-0.188690710103128,-0.785934373678444,-1.28629343999159,-0.648909145430145,1.01687168041212,-0.549418541365489,-0.573833005358096,-0.385364862662207,2.53537997340692,-0.706578202000684
9605.22265625,0,-0.783420788410629,0.329323452050587,-2.12993091808961,-0.641448069582378,-0.188690710103128,-0.785648818716057,-0.873472847595997,-0.789746592214905,0.223921176379181,-0.5493496025208,-0.536988023158135,-0.385364862662207,-0.3942707518041,-0.706578202000684
0,0,-1.25961843633792,0.0018363761266763,0.469323281677592,-0.641448069582378,-0.188690710103128,-0.780223167681181,-0.714536931134545,-1.09619844401508,-0.130074584349808,-0.548032846499655,-0.503156042248097,-0.385364862662207,-0.3942707518041,-0.706578202000684
16254.9921875,0,-1.16437890675246,0.329323452050587,-2.12993091808961,-0.641448069582378,-0.188690710103128,-0.764517324501326,-1.01537991963491,-1.04012427538781,0.223921176379181,-0.544147362346285,-0.557965194868319,-0.385364862662207,-0.3942707518041,-0.706578202000684
0,0,-0.68818125882517,1.31178467982232,-2.12993091808961,-0.641448069582378,-0.188690710103128,-0.757378308108954,-1.28629343999159,-0.720631919255717,1.45582642371606,-0.542344959180286,-0.573833005358096,-0.385364862662207,2.53537997340692,-0.706578202000684
16254.9921875,0,-0.116744081312418,0.329323452050587,-2.12993091808961,-0.641448069582378,-0.188690710103128,-0.757378308108954,-1.02828056094824,-0.251173763306516,0.223921176379181,-0.542344959180286,-0.559440433204901,-0.385364862662207,-0.3942707518041,-0.706578202000684
3694.31640625,0,-1.45009749550884,0.0018363761266763,-2.12993091808961,1.55838986135719,-0.188690710103128,-0.757378308108954,-1.01537991963491,-1.20052247867046,-0.130074584349808,-0.542344959180286,-0.557965194868319,-0.385364862662207,-0.3942707518041,-0.706578202000684
8866.359375,0,-0.211983610897877,0.0018363761266763,0.469323281677592,1.55838986135719,-0.188690710103128,-0.757378308108954,-0.899274130222672,-0.335937041464011,-0.130074584349808,-0.542344959180286,-0.54144971948541,-0.385364862662207,-0.3942707518041,-0.706578202000684
5910.90625,0,-0.973899847581546,0.0018363761266763,-2.12993091808961,-0.641448069582378,-0.188690710103128,-0.757378308108954,-0.899274130222672,-0.920151635534128,-0.130074584349808,-0.542344959180286,-0.54144971948541,-0.385364862662207,-0.3942707518041,-0.706578202000684
17732.71875,0,-1.16437890675246,0.0018363761266763,-2.12993091808961,-0.641448069582378,-0.188690710103128,-0.757378308108954,-0.746014477643201,-1.04012427538781,-0.130074584349808,-0.542344959180286,-0.510723938335929,-0.385364862662207,-0.3942707518041,-0.706578202000684
20688.171875,0,-1.35485796592338,0.0018363761266763,0.469323281677592,1.55838986135719,-0.188690710103128,-0.757378308108954,-0.641261233587127,-1.14966451177596,-0.130074584349808,-0.542344959180286,-0.483879426947293,-0.385364862662207,-0.3942707518041,-0.706578202000684
2210.67895507812,0,-0.68818125882517,0.0018363761266763,0.469323281677592,1.55838986135719,-0.188690710103128,-0.757378308108954,-0.641261233587127,-0.720631919255717,-0.130074584349808,-0.542344959180286,-0.483879426947293,-0.385364862662207,-0.3942707518041,-0.706578202000684
21870.353515625,0,-1.069139377167,0.0018363761266763,0.469323281677592,1.55838986135719,-0.188690710103128,-0.757378308108954,-0.38324840732038,-0.981442005894162,-0.130074584349808,-0.542344959180286,-0.39752401365482,-0.385364862662207,-0.3942707518041,-0.706578202000684
13299.5390625,0,-1.45009749550884,0.0018363761266763,0.469323281677592,-0.641448069582378,5.29769678474325,-0.757378308108954,-0.38324840732038,-1.20052247867046,-0.130074584349808,-0.542344959180286,-0.39752401365482,-0.385364862662207,-0.3942707518041,-0.706578202000684
16254.9921875,0,-0.68818125882517,0.656810527974498,-2.12993091808961,-0.641448069582378,-0.188690710103128,-0.757378308108954,-0.254241923818208,-0.720631919255717,0.606236597966489,-0.542344959180286,-0.343551850906983,-0.385364862662207,-0.3942707518041,-0.706578202000684
2216.58984375,0,-1.35485796592338,0.329323452050587,-2.12993091808961,-0.641448069582378,-0.188690710103128,-0.757378308108954,-0.0259005936827765,-1.14966451177596,0.223921176379181,-0.542344959180286,-0.230379854698032,-0.385364862662207,-0.3942707518041,-0.706578202000684
0,0,-0.497702199654253,0.329323452050587,-2.12993091808961,-0.641448069582378,-0.188690710103128,-0.748525926359085,-1.28629343999159,-0.574578270738188,0.223921176379181,-0.54007849236574,-0.573833005358096,-0.385364862662207,2.53537997340692,-0.706578202000684
4433.1796875,0,-1.069139377167,0.0018363761266763,0.469323281677592,1.55838986135719,-0.188690710103128,-0.745955896114427,-0.318745200753693,-0.981442005894162,-0.130074584349808,-0.539413960570467,-0.371437483373831,-0.385364862662207,-0.3942707518041,-0.706578202000684
11963.673828125,0,-1.45009749550884,0.0018363761266763,0.469323281677592,-0.641448069582378,-0.188690710103128,-0.741529705239492,-0.615459950960452,-1.20052247867046,-0.130074584349808,-0.53826259432618,-0.476539216581913,-0.385364862662207,-0.3942707518041,-0.706578202000684
10583.4775390625,0,-1.25961843633792,0.0018363761266763,0.469323281677592,1.55838986135719,-0.188690710103128,-0.7345334841199,-0.34286938382481,-1.09619844401508,-0.130074584349808,-0.536424922434339,-0.381404441920557,-0.385364862662207,-0.3942707518041,-0.706578202000684
27337.94140625,0,-1.25961843633792,1.31178467982232,-2.12993091808961,-0.641448069582378,-0.188690710103128,-0.728822242539463,0.326286935281973,-1.09619844401508,1.45582642371606,-0.534908629051633,-0.0116232384240479,-0.385364862662207,-0.3942707518041,-0.706578202000684
8335.85546875,0,-0.973899847581546,0.0018363761266763,0.469323281677592,1.55838986135719,-0.188690710103128,-0.72539551182447,-0.175419018763789,-0.920151635534128,-0.130074584349808,-0.533991892010674,-0.307033156374258,-0.385364862662207,-0.3942707518041,-0.706578202000684
10344.0859375,0,-0.783420788410629,0.0018363761266763,0.469323281677592,1.55838986135719,-0.188690710103128,-0.700551767515532,-0.667062516213801,-0.789746592214905,-0.130074584349808,-0.527189345711978,-0.49093178598737,-0.385364862662207,-0.3942707518041,-0.706578202000684
13003.994140625,0,-1.069139377167,0.656810527974498,0.469323281677592,1.55838986135719,-0.188690710103128,-0.696268336330205,-0.537024003924578,-0.981442005894162,0.606236597966489,-0.525988735165366,-0.45245732414984,-0.385364862662207,-0.3942707518041,-0.706578202000684
15811.673828125,0,-0.878660317996087,0.0018363761266763,-2.12993091808961,-0.641448069582378,-0.188690710103128,-0.695697226405431,-0.628360592273789,-0.856253164307709,-0.130074584349808,-0.525828041088145,-0.480245303180266,-0.385364862662207,-0.3942707518041,-0.706578202000684
18096.240234375,0,-1.25961843633792,0.0018363761266763,0.469323281677592,-0.641448069582378,-0.188690710103128,-0.685988215351573,-0.873472847595997,-1.09619844401508,-0.130074584349808,-0.523074001805278,-0.536988023158135,-0.385364862662207,-0.3942707518041,-0.706578202000684
10344.0859375,0,-0.878660317996087,0.0018363761266763,-2.12993091808961,1.55838986135719,-0.188690710103128,-0.685988215351573,-0.834770923655985,-0.856253164307709,-0.130074584349808,-0.523074001805278,-0.529755757432277,-0.385364862662207,-0.3942707518041,-0.706578202000684
18471.58203125,0,-1.069139377167,0.0018363761266763,0.469323281677592,1.55838986135719,-0.188690710103128,-0.685988215351573,-0.409049619578257,-0.981442005894162,-0.130074584349808,-0.523074001805278,-0.407454859255629,-0.385364862662207,-0.3942707518041,-0.706578202000684
22165.8984375,0,-1.5453370250943,0.0018363761266763,-2.12993091808961,-0.641448069582378,-0.188690710103128,-0.685988215351573,-0.254241923818208,-1.24877234469857,-0.130074584349808,-0.523074001805278,-0.343551850906983,-0.385364862662207,-0.3942707518041,-0.706578202000684
19210.4453125,0,-0.68818125882517,0.0018363761266763,-2.12993091808961,1.55838986135719,-0.188690710103128,-0.685988215351573,-0.254241923818208,-0.720631919255717,-0.130074584349808,-0.523074001805278,-0.343551850906983,-0.385364862662207,-0.3942707518041,-0.706578202000684
5578.41796875,0,-1.25961843633792,0.0018363761266763,-2.12993091808961,1.55838986135719,-0.188690710103128,-0.685988215351573,-0.215540070246994,-1.09619844401508,-0.130074584349808,-0.523074001805278,-0.325956967695299,-0.385364862662207,-0.3942707518041,-0.706578202000684
8866.359375,0,-1.069139377167,0.656810527974498,0.469323281677592,1.55838986135719,-0.188690710103128,-0.677421352980918,-0.38324840732038,-0.981442005894162,0.606236597966489,-0.520609118247284,-0.39752401365482,-0.385364862662207,-0.3942707518041,-0.706578202000684
19210.4453125,0,-1.069139377167,1.31178467982232,-2.12993091808961,1.55838986135719,-0.188690710103128,-0.671710182566828,-0.0980152412525623,-0.981442005894162,1.45582642371606,-0.518947745756583,-0.268557538515708,-0.385364862662207,-0.3942707518041,-0.706578202000684
6649.76953125,0,-0.68818125882517,0.0018363761266763,0.469323281677592,1.55838986135719,-0.188690710103128,-0.66771234192706,-0.899274130222672,-0.720631919255717,-0.130074584349808,-0.517776145465382,-0.54144971948541,-0.385364862662207,-0.3942707518041,-0.706578202000684
7388.6328125,0,-1.25961843633792,0.0018363761266763,0.469323281677592,1.55838986135719,-0.188690710103128,-0.6602877705723,-0.770267681904899,-1.09619844401508,-0.130074584349808,-0.515581450518649,-0.516262716745318,-0.385364862662207,-0.3942707518041,-0.706578202000684
10403.1953125,0,-1.069139377167,0.0018363761266763,0.469323281677592,1.55838986135719,-0.188690710103128,-0.6602877705723,-0.690283726872847,-0.981442005894162,-0.130074584349808,-0.515581450518649,-0.497032810748357,-0.385364862662207,-0.3942707518041,-0.706578202000684
11526.2666015625,0,-1.45009749550884,0.0018363761266763,0.469323281677592,-0.641448069582378,-0.188690710103128,-0.657432149782082,-0.886373488909334,-1.20052247867046,-0.130074584349808,-0.514730802722026,-0.539254852737435,-0.385364862662207,-0.3942707518041,-0.706578202000684
2216.58984375,0,-0.973899847581546,0.0018363761266763,0.469323281677592,-0.641448069582378,-0.188690710103128,-0.645581387552388,-1.07988314379379,-0.920151635534128,-0.130074584349808,-0.511161869285315,-0.564621759808106,-0.385364862662207,-0.3942707518041,-0.706578202000684
8275.2685546875,0,-1.35485796592338,0.329323452050587,-2.12993091808961,-0.641448069582378,5.29769678474325,-0.643154116997337,-1.28629343999159,-1.14966451177596,0.223921176379181,-0.510423172701606,-0.573833005358096,-0.385364862662207,2.53537997340692,-0.706578202000684
16846.08203125,0,-1.069139377167,0.0018363761266763,-2.12993091808961,-0.641448069582378,-0.188690710103128,-0.643154116997337,-0.433560901405516,-0.981442005894162,-0.130074584349808,-0.510423172701606,-0.416622589741681,-0.385364862662207,-0.3942707518041,-0.706578202000684
9900.767578125,0,-1.25961843633792,0.656810527974498,-2.12993091808961,1.55838986135719,-0.188690710103128,-0.642011825981442,-0.899274130222672,-1.09619844401508,0.606236597966489,-0.510074629843883,-0.54144971948541,-0.385364862662207,-0.3942707518041,-0.706578202000684
10512.546875,0,-1.25961843633792,0.0018363761266763,0.469323281677592,-0.641448069582378,5.29769678474325,-0.636443415256959,-0.654161874900464,-1.09619844401508,-0.130074584349808,-0.508367250666383,-0.487441587882994,-0.385364862662207,-0.3942707518041,-0.706578202000684
14038.40234375,0,-0.68818125882517,0.0018363761266763,0.469323281677592,-0.641448069582378,5.29769678474325,-0.621737032237046,-0.473552896513741,-0.720631919255717,-0.130074584349808,-0.503791678385157,-0.431022717132515,-0.385364862662207,-0.3942707518041,-0.706578202000684
11821.8134765625,0,-0.68818125882517,0.0018363761266763,0.469323281677592,1.55838986135719,-0.188690710103128,-0.614598051427846,-1.28629343999159,-0.720631919255717,-0.130074584349808,-0.501535851703178,-0.573833005358096,-0.385364862662207,2.53537997340692,-0.706578202000684
25121.3515625,0,-0.878660317996087,0.0018363761266763,0.469323281677592,-0.641448069582378,-0.188690710103128,-0.614598051427846,-1.09278378510713,-0.856253164307709,-0.130074584349808,-0.501535851703178,-0.565737183889925,-0.385364862662207,-0.3942707518041,-0.706578202000684
14777.265625,0,-1.25961843633792,0.0018363761266763,0.469323281677592,1.55838986135719,-0.188690710103128,-0.614598051427846,-0.976677978102696,-1.09619844401508,-0.130074584349808,-0.501535851703178,-0.553107700515414,-0.385364862662207,-0.3942707518041,-0.706578202000684
0,0,-0.116744081312418,0.0018363761266763,-2.12993091808961,1.55838986135719,-0.188690710103128,-0.614598051427846,-0.641261233587127,-0.251173763306516,-0.130074584349808,-0.501535851703178,-0.483879426947293,-0.385364862662207,-0.3942707518041,-0.706578202000684
11162.7470703125,0,-1.16437890675246,0.0018363761266763,0.469323281677592,1.55838986135719,-0.188690710103128,-0.614598051427846,-0.512254890822551,-1.04012427538781,-0.130074584349808,-0.501535851703178,-0.444299885419385,-0.385364862662207,-0.3942707518041,-0.706578202000684
19210.4453125,0,-0.497702199654253,0.0018363761266763,0.469323281677592,1.55838986135719,-0.188690710103128,-0.614598051427846,-0.38324840732038,-0.574578270738188,-0.130074584349808,-0.501535851703178,-0.39752401365482,-0.385364862662207,-0.3942707518041,-0.706578202000684
11821.8134765625,0,-1.069139377167,0.0018363761266763,0.469323281677592,1.55838986135719,-0.188690710103128,-0.614598051427846,-0.38324840732038,-0.981442005894162,-0.130074584349808,-0.501535851703178,-0.39752401365482,-0.385364862662207,-0.3942707518041,-0.706578202000684
11821.8134765625,0,-0.68818125882517,0.0018363761266763,0.469323281677592,1.55838986135719,-0.188690710103128,-0.614598051427846,-0.254241923818208,-0.720631919255717,-0.130074584349808,-0.501535851703178,-0.343551850906983,-0.385364862662207,-0.3942707518041,-0.706578202000684
33987.7109375,0,-0.973899847581546,0.0018363761266763,0.469323281677592,1.55838986135719,-0.188690710103128,-0.614598051427846,-0.254241923818208,-0.920151635534128,-0.130074584349808,-0.501535851703178,-0.343551850906983,-0.385364862662207,-0.3942707518041,-0.706578202000684
36943.1640625,0,-0.973899847581546,1.63927175574623,-2.12993091808961,-0.641448069582378,-0.188690710103128,-0.614598051427846,-0.125235510684835,-0.920151635534128,1.92310082787833,-0.501535851703178,-0.282383432503925,-0.385364862662207,-0.3942707518041,-0.706578202000684
20688.171875,0,-1.25961843633792,0.329323452050587,-2.12993091808961,-0.641448069582378,-0.188690710103128,-0.614598051427846,-0.125235510684835,-1.09619844401508,0.223921176379181,-0.501535851703178,-0.282383432503925,-0.385364862662207,-0.3942707518041,-0.706578202000684
6649.76953125,0,-0.878660317996087,0.0018363761266763,0.469323281677592,1.55838986135719,-0.188690710103128,-0.614598051427846,0.261783799084084,-0.856253164307709,-0.130074584349808,-0.501535851703178,-0.0557004313951246,-0.385364862662207,-0.3942707518041,-0.706578202000684
29554.53125,0,-0.402462670068794,0.0018363761266763,0.469323281677592,1.55838986135719,-0.188690710103128,-0.614598051427846,0.519796625350831,-0.497639295179847,-0.130074584349808,-0.501535851703178,0.131402961455009,-0.385364862662207,-0.3942707518041,-0.706578202000684
15619.5703125,0,-0.783420788410629,0.0018363761266763,-2.12993091808961,1.55838986135719,-0.188690710103128,-0.606031260223537,-0.512254890822551,-0.789746592214905,-0.130074584349808,-0.498798928703424,-0.444299885419385,-0.385364862662207,-0.3942707518041,-0.706578202000684
14777.265625,0,-1.16437890675246,0.0018363761266763,-2.12993091808961,-0.641448069582378,-0.188690710103128,-0.603318399122926,-0.254241923818208,-1.04012427538781,-0.130074584349808,-0.497925416249832,-0.343551850906983,-0.385364862662207,-0.3942707518041,-0.706578202000684
19949.30859375,0,-1.16437890675246,0.0018363761266763,-2.12993091808961,-0.641448069582378,-0.188690710103128,-0.600320018643101,-0.15103679331151,-1.04012427538781,-0.130074584349808,-0.496956160725171,-0.295192818835144,-0.385364862662207,-0.3942707518041,-0.706578202000684
9605.22265625,0,-0.307223140483335,0.0018363761266763,0.469323281677592,1.55838986135719,-0.188690710103128,-0.586042057024701,-0.641261233587127,-0.418092218755121,-0.130074584349808,-0.492285806265984,-0.483879426947293,-0.385364862662207,-0.3942707518041,-0.706578202000684
12486.7900390625,0,-0.878660317996087,0.329323452050587,-2.12993091808961,1.55838986135719,-0.188690710103128,-0.581758625839374,-0.176838075938184,-0.856253164307709,0.223921176379181,-0.490867001958098,-0.307714353841059,-0.385364862662207,-0.3942707518041,-0.706578202000684
5910.90625,0,-0.0215045517269594,1.63927175574623,-2.12993091808961,-0.641448069582378,-0.188690710103128,-0.557485920288865,-0.770267681904899,-0.163802384282637,1.92310082787833,-0.482672965875972,-0.516262716745318,-0.385364862662207,-0.3942707518041,-0.706578202000684
8866.359375,0,-0.68818125882517,0.0018363761266763,-2.12993091808961,1.55838986135719,-0.188690710103128,-0.554344780119432,-1.05408186116712,-0.720631919255717,-0.130074584349808,-0.481593419569737,-0.56217502315049,-0.385364862662207,-0.3942707518041,-0.706578202000684
0,0,-0.211983610897877,1.63927175574623,-2.12993091808961,-0.641448069582378,-0.188690710103128,-0.543207958670465,-0.770267681904899,-0.335937041464011,1.92310082787833,-0.477730551815238,-0.516262716745318,-0.385364862662207,-0.3942707518041,-0.706578202000684
7536.4052734375,0,-0.68818125882517,0.0018363761266763,0.469323281677592,1.55838986135719,-0.188690710103128,-0.543207958670465,-0.641261233587127,-0.720631919255717,-0.130074584349808,-0.477730551815238,-0.483879426947293,-0.385364862662207,-0.3942707518041,-0.706578202000684
8275.2685546875,0,-0.973899847581546,0.0018363761266763,-2.12993091808961,1.55838986135719,-0.188690710103128,-0.543207958670465,-0.615459950960452,-0.920151635534128,-0.130074584349808,-0.477730551815238,-0.476539216581913,-0.385364862662207,-0.3942707518041,-0.706578202000684
21427.03515625,0,-1.5453370250943,0.0018363761266763,-2.12993091808961,-0.641448069582378,-0.188690710103128,-0.543207958670465,-0.254241923818208,-1.24877234469857,-0.130074584349808,-0.477730551815238,-0.343551850906983,-0.385364862662207,-0.3942707518041,-0.706578202000684
29554.53125,0,-1.35485796592338,0.0018363761266763,-2.12993091808961,1.55838986135719,-0.188690710103128,-0.543207958670465,-0.106529584298936,-1.14966451177596,-0.130074584349808,-0.477730551815238,-0.272916632176798,-0.385364862662207,-0.3942707518041,-0.706578202000684
29391.982421875,0,-1.069139377167,0.0018363761266763,0.469323281677592,1.55838986135719,-0.188690710103128,-0.543207958670465,0.189540095139318,-0.981442005894162,-0.130074584349808,-0.477730551815238,-0.102931157493119,-0.385364862662207,-0.3942707518041,-0.706578202000684
20132.546875,0,-0.973899847581546,0.0018363761266763,-2.12993091808961,-0.641448069582378,-0.188690710103128,-0.53606890669492,-0.15103679331151,-0.920151635534128,-0.130074584349808,-0.475225312417452,-0.295192818835144,-0.385364862662207,-0.3942707518041,-0.706578202000684
20924.607421875,0,-1.069139377167,1.31178467982232,-2.12993091808961,-0.641448069582378,-0.188690710103128,-0.52892992588572,0.0682741090152255,-0.981442005894162,1.45582642371606,-0.472697426359931,-0.177137774025725,-0.385364862662207,-0.3942707518041,-0.706578202000684
8866.359375,0,-0.783420788410629,0.0018363761266763,0.469323281677592,1.55838986135719,-0.188690710103128,-0.514651821934629,-1.20888958331547,-0.789746592214905,-0.130074584349808,-0.46757358815401,-0.572537674099829,-0.385364862662207,-0.3942707518041,-0.706578202000684
14777.265625,0,-1.069139377167,0.0018363761266763,0.469323281677592,1.55838986135719,-0.188690710103128,-0.514651821934629,-0.723309351746479,-0.981442005894162,-0.130074584349808,-0.46757358815401,-0.50530818802387,-0.385364862662207,-0.3942707518041,-0.706578202000684
10344.0859375,0,-0.973899847581546,0.0018363761266763,-2.12993091808961,1.55838986135719,-0.188690710103128,-0.50608503073032,-0.34454641301157,-0.920151635534128,-0.130074584349808,-0.46445578107927,-0.38208795532523,-0.385364862662207,-0.3942707518041,-0.706578202000684
29216.1328125,0,-1.069139377167,0.0018363761266763,-2.12993091808961,1.55838986135719,-0.188690710103128,-0.502943819394542,-1.09278378510713,-0.981442005894162,-0.130074584349808,-0.46330438520296,-0.565737183889925,-0.385364862662207,-0.3942707518041,-0.706578202000684
13299.5390625,0,-1.25961843633792,0.0018363761266763,-2.12993091808961,-0.641448069582378,-0.188690710103128,-0.500373860316229,-0.589658668333777,-1.09619844401508,-0.130074584349808,-0.462359114491728,-0.468911154891228,-0.385364862662207,-0.3942707518041,-0.706578202000684
0,0,1.40708839205492,0.0018363761266763,-2.12993091808961,-0.641448069582378,-0.188690710103128,-0.471817794746739,-1.28629343999159,1.45974040504168,-0.130074584349808,-0.451658054680076,-0.573833005358096,-0.385364862662207,2.53537997340692,-0.706578202000684
17732.71875,0,-1.069139377167,0.0018363761266763,0.469323281677592,-0.641448069582378,-0.188690710103128,-0.471817794746739,-1.28629343999159,-0.981442005894162,-0.130074584349808,-0.451658054680076,-0.573833005358096,-0.385364862662207,2.53537997340692,-0.706578202000684
25874.9921875,0,-0.592941729239711,0.656810527974498,0.469323281677592,1.55838986135719,-0.188690710103128,-0.471817794746739,-1.28629343999159,-0.648909145430145,0.606236597966489,-0.451658054680076,-0.573833005358096,-0.385364862662207,2.53537997340692,-0.706578202000684
0,0,-0.592941729239711,1.31178467982232,-2.12993091808961,-0.641448069582378,-0.188690710103128,-0.471817794746739,-0.821870282342647,-0.648909145430145,1.45582642371606,-0.451658054680076,-0.527201076527672,-0.385364862662207,-0.3942707518041,-0.706578202000684
20688.171875,0,-0.497702199654253,0.0018363761266763,0.469323281677592,1.55838986135719,-0.188690710103128,-0.471817794746739,-0.57675802702044,-0.574578270738188,-0.130074584349808,-0.451658054680076,-0.464989179798897,-0.385364862662207,-0.3942707518041,-0.706578202000684
31097.27734375,0,-0.973899847581546,0.329323452050587,0.469323281677592,1.55838986135719,-0.188690710103128,-0.471817794746739,-0.512254890822551,-0.920151635534128,0.223921176379181,-0.451658054680076,-0.444299885419385,-0.385364862662207,-0.3942707518041,-0.706578202000684
10048.541015625,0,-1.25961843633792,0.0018363761266763,-2.12993091808961,-0.641448069582378,-0.188690710103128,-0.471817794746739,-0.447751613887066,-1.09619844401508,-0.130074584349808,-0.451658054680076,-0.421811473152661,-0.385364862662207,-0.3942707518041,-0.706578202000684
16254.9921875,0,-1.25961843633792,0.0018363761266763,0.469323281677592,1.55838986135719,-0.188690710103128,-0.471817794746739,-0.254241923818208,-1.09619844401508,-0.130074584349808,-0.451658054680076,-0.343551850906983,-0.385364862662207,-0.3942707518041,-0.706578202000684
21427.03515625,0,-0.878660317996087,0.0018363761266763,0.469323281677592,1.55838986135719,-0.188690710103128,-0.471817794746739,-0.254241923818208,-0.856253164307709,-0.130074584349808,-0.451658054680076,-0.343551850906983,-0.385364862662207,-0.3942707518041,-0.706578202000684
0,0,-1.16437890675246,0.329323452050587,0.469323281677592,1.55838986135719,-0.188690710103128,-0.471817794746739,-0.189738717251522,-1.04012427538781,0.223921176379181,-0.451658054680076,-0.313867177097028,-0.385364862662207,-0.3942707518041,-0.706578202000684
18442.02734375,0,-0.68818125882517,0.984297603898409,-2.12993091808961,1.55838986135719,-0.188690710103128,-0.471817794746739,-0.0796962728852091,-0.720631919255717,1.01687168041212,-0.451658054680076,-0.259072489596374,-0.385364862662207,-0.3942707518041,-0.706578202000684
16254.9921875,0,-1.45009749550884,0.0018363761266763,-2.12993091808961,-0.641448069582378,-0.188690710103128,-0.471817794746739,0.106976103324035,-1.20052247867046,-0.130074584349808,-0.451658054680076,-0.154145603490625,-0.385364862662207,-0.3942707518041,-0.706578202000684
7388.6328125,0,0.359453566614875,0.656810527974498,-2.12993091808961,-0.641448069582378,-0.188690710103128,-0.471817794746739,0.261783799084084,0.211764140476724,0.606236597966489,-0.451658054680076,-0.0557004313951246,-0.385364862662207,-0.3942707518041,-0.706578202000684
16342.177734375,0,-0.783420788410629,0.0018363761266763,0.469323281677592,1.55838986135719,-0.188690710103128,-0.47038998435163,-0.26662655073802,-0.789746592214905,-0.130074584349808,-0.451113476839378,-0.349045441974777,-0.385364862662207,-0.3942707518041,-0.706578202000684
12656.7275390625,0,-0.878660317996087,0.329323452050587,0.469323281677592,1.55838986135719,-0.188690710103128,-0.458967572357103,-0.290105733409429,-0.856253164307709,0.223921176379181,-0.446724234001041,-0.35927832061315,-0.385364862662207,-0.3942707518041,-0.706578202000684
18962.1875,0,-0.402462670068794,0.0018363761266763,0.469323281677592,1.55838986135719,-0.188690710103128,-0.437550487596812,-0.512254890822551,-0.497639295179847,-0.130074584349808,-0.438337944338489,-0.444299885419385,-0.385364862662207,-0.3942707518041,-0.706578202000684
19210.4453125,0,-0.973899847581546,0.0018363761266763,0.469323281677592,1.55838986135719,-0.188690710103128,-0.405996041547496,0.13277738595071,-0.920151635534128,-0.130074584349808,-0.425610391309847,-0.138457703121301,-0.385364862662207,-0.3942707518041,-0.706578202000684
4236.64208984375,0,0.264214037029417,1.63927175574623,0.469323281677592,1.55838986135719,-0.188690710103128,-0.400427630823012,-1.19211873729359,0.113960357987307,1.92310082787833,-0.423318382898348,-0.571915554857767,-0.385364862662207,-0.3942707518041,-0.706578202000684
17732.71875,0,-1.16437890675246,0.329323452050587,-2.12993091808961,-0.641448069582378,-0.188690710103128,-0.400427630823012,-0.38324840732038,-1.04012427538781,0.223921176379181,-0.423318382898348,-0.39752401365482,-0.385364862662207,-0.3942707518041,-0.706578202000684
28076.8046875,0,-1.069139377167,1.63927175574623,-2.12993091808961,-0.641448069582378,-0.188690710103128,-0.400427630823012,-0.254241923818208,-0.981442005894162,1.92310082787833,-0.423318382898348,-0.343551850906983,-0.385364862662207,-0.3942707518041,-0.706578202000684
20688.171875,0,-1.069139377167,0.0018363761266763,-2.12993091808961,1.55838986135719,-0.188690710103128,-0.400427630823012,-0.254241923818208,-0.981442005894162,-0.130074584349808,-0.423318382898348,-0.343551850906983,-0.385364862662207,-0.3942707518041,-0.706578202000684
21131.490234375,0,-1.16437890675246,0.0018363761266763,-2.12993091808961,-0.641448069582378,-0.188690710103128,-0.400427630823012,-0.125235510684835,-1.04012427538781,-0.130074584349808,-0.423318382898348,-0.282383432503925,-0.385364862662207,-0.3942707518041,-0.706578202000684
10521.4130859375,0,-0.878660317996087,1.31178467982232,0.469323281677592,1.55838986135719,-0.188690710103128,-0.400427630823012,0.0295721147064157,-0.856253164307709,1.45582642371606,-0.423318382898348,-0.199482276723686,-0.385364862662207,-0.3942707518041,-0.706578202000684
17732.71875,0,-0.592941729239711,0.0018363761266763,0.469323281677592,1.55838986135719,-0.188690710103128,-0.400427630823012,0.13277738595071,-0.648909145430145,-0.130074584349808,-0.423318382898348,-0.138457703121301,-0.385364862662207,-0.3942707518041,-0.706578202000684
14777.265625,0,-1.35485796592338,0.0018363761266763,0.469323281677592,-0.641448069582378,-0.188690710103128,-0.386149598038267,-1.11600494298958,-1.14966451177596,-0.130074584349808,-0.417378387584415,-0.56756360116133,-0.385364862662207,-0.3942707518041,-0.706578202000684
11526.2666015625,0,-0.68818125882517,0.0018363761266763,0.469323281677592,1.55838986135719,-0.188690710103128,-0.371871565253522,-0.396149048633717,-0.720631919255717,-0.130074584349808,-0.411347705284619,-0.40252543121704,-0.385364862662207,-0.3942707518041,-0.706578202000684
14777.265625,0,-1.069139377167,0.656810527974498,-2.12993091808961,-0.641448069582378,-0.188690710103128,-0.357593603635122,-0.409049619578257,-0.981442005894162,0.606236597966489,-0.405226366735856,-0.407454859255629,-0.385364862662207,-0.3942707518041,-0.706578202000684
19934.53125,0,-0.783420788410629,1.31178467982232,0.469323281677592,1.55838986135719,-0.188690710103128,-0.357593603635122,0.13277738595071,-0.789746592214905,1.45582642371606,-0.405226366735856,-0.138457703121301,-0.385364862662207,-0.3942707518041,-0.706578202000684
21035.4375,0,-0.973899847581546,0.0018363761266763,0.469323281677592,-0.641448069582378,5.29769678474325,-0.345171731480653,-0.0994341576893625,-0.920151635534128,-0.130074584349808,-0.399827013681868,-0.269286158734283,-0.385364862662207,-0.3942707518041,-0.706578202000684
12560.67578125,0,-1.16437890675246,0.0018363761266763,0.469323281677592,1.55838986135719,-0.188690710103128,-0.343315499684031,-0.318745200753693,-1.04012427538781,-0.130074584349808,-0.39901427972744,-0.371437483373831,-0.385364862662207,-0.3942707518041,-0.706578202000684
13299.5390625,0,-1.16437890675246,0.0018363761266763,0.469323281677592,1.55838986135719,-0.188690710103128,-0.332607028470231,0.00377097281733639,-1.04012427538781,-0.130074584349808,-0.394295747835266,-0.214018691714884,-0.385364862662207,-0.3942707518041,-0.706578202000684
664.976989746094,0,-1.16437890675246,0.0018363761266763,0.469323281677592,1.55838986135719,-0.188690710103128,-0.329037466899286,-1.28629343999159,-1.04012427538781,-0.130074584349808,-0.392711536470056,-0.573833005358096,-0.385364862662207,2.53537997340692,-0.706578202000684
0,0,-0.878660317996087,1.31178467982232,-2.12993091808961,-0.641448069582378,-0.188690710103128,-0.329037466899286,-0.850896707705457,-0.856253164307709,1.45582642371606,-0.392711536470056,-0.532847907519476,-0.385364862662207,-0.3942707518041,-0.706578202000684
17732.71875,0,-0.878660317996087,0.0018363761266763,0.469323281677592,1.55838986135719,-0.188690710103128,-0.329037466899286,-0.692863798840476,-0.856253164307709,-0.130074584349808,-0.392711536470056,-0.497696293702143,-0.385364862662207,-0.3942707518041,-0.706578202000684
15959.447265625,0,-1.069139377167,0.0018363761266763,-2.12993091808961,-0.641448069582378,-0.188690710103128,-0.329037466899286,-0.512254890822551,-0.981442005894162,-0.130074584349808,-0.392711536470056,-0.444299885419385,-0.385364862662207,-0.3942707518041,-0.706578202000684
9605.22265625,0,-0.116744081312418,0.0018363761266763,-2.12993091808961,1.55838986135719,-0.188690710103128,-0.329037466899286,-0.486453537827079,-0.251173763306516,-0.130074584349808,-0.392711536470056,-0.435520394875454,-0.385364862662207,-0.3942707518041,-0.706578202000684
8866.359375,0,-1.35485796592338,0.0018363761266763,0.469323281677592,1.55838986135719,-0.188690710103128,-0.329037466899286,-0.38324840732038,-1.14966451177596,-0.130074584349808,-0.392711536470056,-0.39752401365482,-0.385364862662207,-0.3942707518041,-0.706578202000684
11821.8134765625,0,-0.783420788410629,0.0018363761266763,0.469323281677592,1.55838986135719,-0.188690710103128,-0.329037466899286,-0.38324840732038,-0.789746592214905,-0.130074584349808,-0.392711536470056,-0.39752401365482,-0.385364862662207,-0.3942707518041,-0.706578202000684
11651.8740234375,0,-1.25961843633792,0.0018363761266763,-2.12993091808961,1.55838986135719,-0.188690710103128,-0.329037466899286,-0.325066429850983,-1.09619844401508,-0.130074584349808,-0.392711536470056,-0.374073443282124,-0.385364862662207,-0.3942707518041,-0.706578202000684
22165.8984375,0,-1.069139377167,0.0018363761266763,-2.12993091808961,-0.641448069582378,-0.188690710103128,-0.329037466899286,-0.254241923818208,-0.981442005894162,-0.130074584349808,-0.392711536470056,-0.343551850906983,-0.385364862662207,-0.3942707518041,-0.706578202000684
26599.078125,0,0.0737349778584993,0.0018363761266763,-2.12993091808961,-0.641448069582378,-0.188690710103128,-0.329037466899286,-0.202639358564859,-0.0738229043923733,-0.130074584349808,-0.392711536470056,-0.319948037521671,-0.385364862662207,-0.3942707518041,-0.706578202000684
16254.9921875,0,-0.973899847581546,0.0018363761266763,0.469323281677592,1.55838986135719,-0.188690710103128,-0.329037466899286,-0.125235510684835,-0.920151635534128,-0.130074584349808,-0.392711536470056,-0.282383432503925,-0.385364862662207,-0.3942707518041,-0.706578202000684
14629.4931640625,0,0.454693096200334,0.0018363761266763,0.469323281677592,1.55838986135719,-0.188690710103128,-0.329037466899286,-0.0607323041181481,0.312176023832525,-0.130074584349808,-0.392711536470056,-0.249100617127673,-0.385364862662207,-0.3942707518041,-0.706578202000684
25860.21484375,0,-0.68818125882517,0.0018363761266763,0.469323281677592,1.55838986135719,-0.188690710103128,-0.329037466899286,0.113426388796305,-0.720631919255717,-0.130074584349808,-0.392711536470056,-0.150250635755005,-0.385364862662207,-0.3942707518041,-0.706578202000684
31623.349609375,0,-1.069139377167,1.31178467982232,-2.12993091808961,-0.641448069582378,-0.188690710103128,-0.329037466899286,0.55849861965964,-0.981442005894162,1.45582642371606,-0.392711536470056,0.161951244195618,-0.385364862662207,-0.3942707518041,-0.706578202000684
20688.171875,0,-0.68818125882517,0.656810527974498,-2.12993091808961,1.55838986135719,-0.188690710103128,-0.321898486090086,-0.0586681058064492,-0.720631919255717,0.606236597966489,-0.38952617315513,-0.248005809978067,-0.385364862662207,-0.3942707518041,-0.706578202000684
16218.048828125,0,-1.16437890675246,0.0018363761266763,0.469323281677592,-0.641448069582378,5.29769678474325,-0.314759505280886,-0.665772515414386,-1.04012427538781,-0.130074584349808,-0.386318138319745,-0.490586021497134,-0.385364862662207,-0.3942707518041,-0.706578202000684
19210.4453125,0,-0.973899847581546,0.0018363761266763,-2.12993091808961,-0.641448069582378,-0.188690710103128,-0.314759505280886,-0.318745200753693,-0.920151635534128,-0.130074584349808,-0.386318138319745,-0.371437483373831,-0.385364862662207,-0.3942707518041,-0.706578202000684
2955.453125,0,-1.069139377167,1.31178467982232,-2.12993091808961,-0.641448069582378,-0.188690710103128,-0.300481472496141,-0.834770923655985,-0.981442005894162,1.45582642371606,-0.37983402154265,-0.529755757432277,-0.385364862662207,-0.3942707518041,-0.706578202000684
22165.8984375,0,-1.25961843633792,0.0018363761266763,-2.12993091808961,-0.641448069582378,-0.188690710103128,-0.300481472496141,0.00377097281733639,-1.09619844401508,-0.130074584349808,-0.37983402154265,-0.214018691714884,-0.385364862662207,-0.3942707518041,-0.706578202000684
14777.265625,0,-1.35485796592338,0.0018363761266763,0.469323281677592,1.55838986135719,-0.188690710103128,-0.284775629316286,0.00377097281733639,-1.14966451177596,-0.130074584349808,-0.372596746314957,-0.214018691714884,-0.385364862662207,-0.3942707518041,-0.706578202000684
14777.265625,0,-0.497702199654253,0.0018363761266763,0.469323281677592,1.55838986135719,-0.188690710103128,-0.279635497660624,-0.176838075938184,-0.574578270738188,-0.130074584349808,-0.370204333443652,-0.307714353841059,-0.385364862662207,-0.3942707518041,-0.706578202000684
21678.248046875,0,-0.783420788410629,0.656810527974498,0.469323281677592,1.55838986135719,-0.188690710103128,-0.271354297001876,-0.047831592436013,-0.789746592214905,0.606236597966489,-0.366325226466341,-0.242228127875191,-0.385364862662207,-0.3942707518041,-0.706578202000684
11821.8134765625,0,-0.973899847581546,0.0018363761266763,0.469323281677592,1.55838986135719,-0.188690710103128,-0.257647374141905,-0.434850972573729,-0.920151635534128,-0.130074584349808,-0.359837549296188,-0.417097906915744,-0.385364862662207,-0.3942707518041,-0.706578202000684
21397.48046875,0,-1.16437890675246,0.656810527974498,0.469323281677592,1.55838986135719,-0.188690710103128,-0.257647374141905,-0.38324840732038,-1.04012427538781,0.606236597966489,-0.359837549296188,-0.39752401365482,-0.385364862662207,-0.3942707518041,-0.706578202000684
14079.779296875,0,-0.68818125882517,0.0018363761266763,0.469323281677592,1.55838986135719,-0.188690710103128,-0.257647374141905,-0.318745200753693,-0.720631919255717,-0.130074584349808,-0.359837549296188,-0.371437483373831,-0.385364862662207,-0.3942707518041,-0.706578202000684
19210.4453125,0,-0.592941729239711,0.0018363761266763,0.469323281677592,1.55838986135719,-0.188690710103128,-0.257647374141905,-0.215540070246994,-0.648909145430145,-0.130074584349808,-0.359837549296188,-0.325956967695299,-0.385364862662207,-0.3942707518041,-0.706578202000684
37829.80078125,0,-0.68818125882517,0.0018363761266763,0.469323281677592,-0.641448069582378,5.29769678474325,-0.257647374141905,-0.0736330158002831,-0.720631919255717,-0.130074584349808,-0.359837549296188,-0.255901142763759,-0.385364862662207,-0.3942707518041,-0.706578202000684
21279.263671875,0,0.0737349778584993,0.0018363761266763,0.469323281677592,1.55838986135719,-0.188690710103128,-0.257647374141905,-0.047831592436013,-0.0738229043923733,-0.130074584349808,-0.359837549296188,-0.242228127875191,-0.385364862662207,-0.3942707518041,-0.706578202000684
14038.40234375,0,-1.16437890675246,0.0018363761266763,0.469323281677592,1.55838986135719,-0.188690710103128,-0.250651153022312,-0.228440711560331,-1.04012427538781,-0.130074584349808,-0.356493924087723,-0.331893902064757,-0.385364862662207,-0.3942707518041,-0.706578202000684
0,0,0.74041168495671,0.0018363761266763,0.469323281677592,1.55838986135719,-0.188690710103128,-0.23623036054796,-0.48026129473597,0.629060279098236,-0.130074584349808,-0.349533261885174,-0.433370513083668,-0.385364862662207,-0.3942707518041,-0.706578202000684
14777.265625,0,-0.307223140483335,0.0018363761266763,-2.12993091808961,1.55838986135719,-0.188690710103128,-0.214813275787669,0.00377097281733639,-0.418092218755121,-0.130074584349808,-0.339024894176962,-0.214018691714884,-0.385364862662207,-0.3942707518041,-0.706578202000684
18660.73046875,0,-1.16437890675246,0.329323452050587,0.469323281677592,1.55838986135719,-0.188690710103128,-0.2059608940378,-0.254370980193188,-1.04012427538781,0.223921176379181,-0.334621842472709,-0.343609439878816,-0.385364862662207,-0.3942707518041,-0.706578202000684
11082.94921875,0,-0.783420788410629,0.0018363761266763,0.469323281677592,1.55838986135719,-0.188690710103128,-0.205389784113025,-0.641261233587127,-0.789746592214905,-0.130074584349808,-0.334336583286958,-0.483879426947293,-0.385364862662207,-0.3942707518041,-0.706578202000684
12615.3515625,0,-0.497702199654253,0.0018363761266763,-2.12993091808961,-0.641448069582378,-0.188690710103128,-0.200535243002924,-0.250758809069709,-0.574578270738188,-0.130074584349808,-0.331905968498829,-0.341994856539405,-0.385364862662207,-0.3942707518041,-0.706578202000684
19949.30859375,0,-0.783420788410629,0.0018363761266763,0.469323281677592,1.55838986135719,-0.188690710103128,-0.200535243002924,0.0233799419841054,-0.789746592214905,-0.130074584349808,-0.331905968498829,-0.202997210691992,-0.385364862662207,-0.3942707518041,-0.706578202000684
19210.4453125,0,-0.973899847581546,1.31178467982232,-2.12993091808961,-0.641448069582378,-0.188690710103128,-0.192539561723389,0.119231673868867,-0.920151635534128,1.45582642371606,-0.32787976667457,-0.146729765798932,-0.385364862662207,-0.3942707518041,-0.706578202000684
41376.34375,0,-0.68818125882517,1.63927175574623,-2.12993091808961,-0.641448069582378,-0.188690710103128,-0.186257281384524,-1.28629343999159,-0.720631919255717,1.92310082787833,-0.324696391995886,-0.573833005358096,-0.385364862662207,2.53537997340692,-0.706578202000684
10512.546875,0,-0.878660317996087,0.0018363761266763,0.469323281677592,1.55838986135719,-0.188690710103128,-0.186257281384524,-1.01692799799988,-0.856253164307709,-0.130074584349808,-0.324696391995886,-0.558146023270125,-0.385364862662207,-0.3942707518041,-0.706578202000684
1733.37329101562,0,-1.25961843633792,0.329323452050587,-2.12993091808961,-0.641448069582378,-0.188690710103128,-0.186257281384524,-0.929848669134856,-1.09619844401508,0.223921176379181,-0.324696391995886,-0.546364176637694,-0.385364862662207,-0.3942707518041,-0.706578202000684
31032.2578125,0,-0.592941729239711,0.984297603898409,0.469323281677592,1.55838986135719,-0.188690710103128,-0.186257281384524,-0.605139451983542,-0.648909145430145,1.01687168041212,-0.324696391995886,-0.473522538209833,-0.385364862662207,-0.3942707518041,-0.706578202000684
28963.44140625,0,-1.16437890675246,0.0018363761266763,-2.12993091808961,-0.641448069582378,-0.188690710103128,-0.186257281384524,-0.512254890822551,-1.04012427538781,-0.130074584349808,-0.324696391995886,-0.444299885419385,-0.385364862662207,-0.3942707518041,-0.706578202000684
20688.171875,0,-1.16437890675246,0.0018363761266763,-2.12993091808961,-0.641448069582378,-0.188690710103128,-0.186257281384524,-0.447751613887066,-1.04012427538781,-0.130074584349808,-0.324696391995886,-0.421811473152661,-0.385364862662207,-0.3942707518041,-0.706578202000684
25121.3515625,0,-1.25961843633792,0.329323452050587,0.469323281677592,1.55838986135719,-0.188690710103128,-0.186257281384524,-0.38324840732038,-1.09619844401508,0.223921176379181,-0.324696391995886,-0.39752401365482,-0.385364862662207,-0.3942707518041,-0.706578202000684
20702.94921875,0,-0.878660317996087,0.656810527974498,0.469323281677592,-0.641448069582378,5.29769678474325,-0.186257281384524,-0.254241923818208,-0.856253164307709,0.606236597966489,-0.324696391995886,-0.343551850906983,-0.385364862662207,-0.3942707518041,-0.706578202000684
15516.12890625,0,-0.783420788410629,0.0018363761266763,0.469323281677592,1.55838986135719,-0.188690710103128,-0.186257281384524,-0.189738717251522,-0.789746592214905,-0.130074584349808,-0.324696391995886,-0.313867177097028,-0.385364862662207,-0.3942707518041,-0.706578202000684
17732.71875,0,-0.0215045517269594,0.0018363761266763,0.469323281677592,1.55838986135719,-0.188690710103128,-0.186257281384524,-0.15103679331151,-0.163802384282637,-0.130074584349808,-0.324696391995886,-0.295192818835144,-0.385364862662207,-0.3942707518041,-0.706578202000684
11821.8134765625,0,-1.25961843633792,0.0018363761266763,0.469323281677592,1.55838986135719,-0.188690710103128,-0.186257281384524,-0.125235510684835,-1.09619844401508,-0.130074584349808,-0.324696391995886,-0.282383432503925,-0.385364862662207,-0.3942707518041,-0.706578202000684
19210.4453125,0,-1.069139377167,0.0018363761266763,0.469323281677592,1.55838986135719,-0.188690710103128,-0.186257281384524,-0.118785225212565,-0.981442005894162,-0.130074584349808,-0.324696391995886,-0.279136126913699,-0.385364862662207,-0.3942707518041,-0.706578202000684
26599.078125,0,-1.35485796592338,0.656810527974498,-2.12993091808961,-0.641448069582378,-0.188690710103128,-0.186257281384524,-0.0607323041181481,-1.14966451177596,0.606236597966489,-0.324696391995886,-0.249100617127673,-0.385364862662207,-0.3942707518041,-0.706578202000684
20688.171875,0,-0.783420788410629,0.0018363761266763,0.469323281677592,1.55838986135719,-0.188690710103128,-0.186257281384524,0.00957611715230292,-0.789746592214905,-0.130074584349808,-0.324696391995886,-0.210773158193542,-0.385364862662207,-0.3942707518041,-0.706578202000684
19210.4453125,0,-1.25961843633792,0.0018363761266763,0.469323281677592,1.55838986135719,-0.188690710103128,-0.186257281384524,0.13277738595071,-1.09619844401508,-0.130074584349808,-0.324696391995886,-0.138457703121301,-0.385364862662207,-0.3942707518041,-0.706578202000684
26599.078125,0,-1.069139377167,1.31178467982232,-2.12993091808961,-0.641448069582378,-0.188690710103128,-0.186257281384524,0.261783799084084,-0.981442005894162,1.45582642371606,-0.324696391995886,-0.0557004313951246,-0.385364862662207,-0.3942707518041,-0.706578202000684
27337.94140625,0,-0.68818125882517,0.656810527974498,-2.12993091808961,-0.641448069582378,5.29769678474325,-0.186257281384524,0.390790212217457,-0.720631919255717,0.606236597966489,-0.324696391995886,0.0342531234636453,-0.385364862662207,-0.3942707518041,-0.706578202000684
20688.171875,0,1.88328603998221,0.0018363761266763,-2.12993091808961,1.55838986135719,-0.188690710103128,-0.186257281384524,0.519796625350831,2.13132637813568,-0.130074584349808,-0.324696391995886,0.131402961455009,-0.385364862662207,-0.3942707518041,-0.706578202000684
29258.986328125,0,0.264214037029417,1.31178467982232,-2.12993091808961,-0.641448069582378,-0.188690710103128,-0.186257281384524,0.6488031792218,0.113960357987307,1.45582642371606,-0.324696391995886,0.23574920033913,-0.385364862662207,-0.3942707518041,-0.706578202000684
27781.259765625,0,-1.069139377167,0.0018363761266763,0.469323281677592,1.55838986135719,-0.188690710103128,-0.171979248599779,0.906816005488547,-0.981442005894162,-0.130074584349808,-0.31739609279804,0.466030307686176,-0.385364862662207,-0.3942707518041,-0.706578202000684
19505.990234375,0,-0.783420788410629,0.0018363761266763,0.469323281677592,1.55838986135719,-0.188690710103128,-0.163412386229124,0.00377097281733639,-0.789746592214905,-0.130074584349808,-0.312972361395554,-0.214018691714884,-0.385364862662207,-0.3942707518041,-0.706578202000684
13299.5390625,0,-0.592941729239711,0.0018363761266763,0.469323281677592,1.55838986135719,-0.188690710103128,-0.163412386229124,0.13277738595071,-0.648909145430145,-0.130074584349808,-0.312972361395554,-0.138457703121301,-0.385364862662207,-0.3942707518041,-0.706578202000684
20460.6015625,0,-0.68818125882517,0.0018363761266763,0.469323281677592,1.55838986135719,-0.188690710103128,-0.161699056454801,-0.125235510684835,-0.720631919255717,-0.130074584349808,-0.312083719561324,-0.282383432503925,-0.385364862662207,-0.3942707518041,-0.706578202000684
29584.0859375,0,0.168974507443958,1.63927175574623,-2.12993091808961,-0.641448069582378,-0.188690710103128,-0.16141346590924,0.932617288115221,0.0187646763642747,1.92310082787833,-0.311935467158456,0.490641600710052,-0.385364862662207,-0.3942707518041,-0.706578202000684
19210.4453125,0,0.0737349778584993,0.0018363761266763,0.469323281677592,1.55838986135719,-0.188690710103128,-0.157701144648688,-0.127170652621554,-0.0738229043923733,-0.130074584349808,-0.310005069549252,-0.283354144246572,-0.385364862662207,-0.3942707518041,-0.706578202000684
2955.453125,0,-1.16437890675246,0.0018363761266763,-2.12993091808961,-0.641448069582378,-0.188690710103128,-0.145707622729386,-0.57675802702044,-1.04012427538781,-0.130074584349808,-0.30372657135269,-0.464989179798897,-0.385364862662207,-0.3942707518041,-0.706578202000684
21870.353515625,0,-0.973899847581546,0.0018363761266763,0.469323281677592,-0.641448069582378,5.29769678474325,-0.129145079079197,-0.641261233587127,-0.920151635534128,-0.130074584349808,-0.294951035320222,-0.483879426947293,-0.385364862662207,-0.3942707518041,-0.706578202000684
15146.697265625,0,-0.402462670068794,0.0018363761266763,-2.12993091808961,-0.641448069582378,-0.188690710103128,-0.129145079079197,-0.228440711560331,-0.497639295179847,-0.130074584349808,-0.294951035320222,-0.331893902064757,-0.385364862662207,-0.3942707518041,-0.706578202000684
19653.763671875,0,-1.35485796592338,0.0018363761266763,-2.12993091808961,-0.641448069582378,-0.188690710103128,-0.12628960062167,0.126326959740845,-1.14966451177596,-0.130074584349808,-0.293425749267544,-0.142406728749069,-0.385364862662207,-0.3942707518041,-0.706578202000684
8866.359375,0,-0.783420788410629,0.329323452050587,-2.12993091808961,-0.641448069582378,-0.188690710103128,-0.114867117460797,-1.02828056094824,-0.789746592214905,0.223921176379181,-0.287288026148032,-0.559440433204901,-0.385364862662207,-0.3942707518041,-0.706578202000684
7388.6328125,0,-1.25961843633792,0.0018363761266763,0.469323281677592,1.55838986135719,-0.188690710103128,-0.114867117460797,-0.57675802702044,-1.09619844401508,-0.130074584349808,-0.287288026148032,-0.464989179798897,-0.385364862662207,-0.3942707518041,-0.706578202000684
22904.76171875,0,-0.878660317996087,0.0018363761266763,-2.12993091808961,1.55838986135719,-0.188690710103128,-0.114867117460797,-0.215540070246994,-0.856253164307709,-0.130074584349808,-0.287288026148032,-0.325956967695299,-0.385364862662207,-0.3942707518041,-0.706578202000684
21870.353515625,0,-0.878660317996087,1.31178467982232,0.469323281677592,1.55838986135719,-0.188690710103128,-0.114867117460797,-0.0607323041181481,-0.856253164307709,1.45582642371606,-0.287288026148032,-0.249100617127673,-0.385364862662207,-0.3942707518041,-0.706578202000684
19210.4453125,0,-1.25961843633792,0.0018363761266763,-2.12993091808961,-0.641448069582378,-0.188690710103128,-0.114867117460797,0.00377097281733639,-1.09619844401508,-0.130074584349808,-0.287288026148032,-0.214018691714884,-0.385364862662207,-0.3942707518041,-0.706578202000684
37682.02734375,0,-1.16437890675246,1.31178467982232,-2.12993091808961,-0.641448069582378,-0.188690710103128,-0.114867117460797,0.352088358646243,-1.04012427538781,1.45582642371606,-0.287288026148032,0.00651149712889583,-0.385364862662207,-0.3942707518041,-0.706578202000684
23643.625,0,-0.68818125882517,0.984297603898409,-2.12993091808961,-0.641448069582378,-0.188690710103128,-0.114867117460797,0.390790212217457,-0.720631919255717,1.01687168041212,-0.287288026148032,0.0342531234636453,-0.385364862662207,-0.3942707518041,-0.706578202000684
2955.453125,0,-0.783420788410629,0.0018363761266763,-2.12993091808961,-0.641448069582378,-0.188690710103128,-0.114867117460797,0.390790212217457,-0.789746592214905,-0.130074584349808,-0.287288026148032,0.0342531234636453,-0.385364862662207,-0.3942707518041,-0.706578202000684
28815.66796875,0,-0.783420788410629,0.656810527974498,-2.12993091808961,1.55838986135719,-0.188690710103128,-0.113867657300856,0.261783799084084,-0.789746592214905,0.606236597966489,-0.286748217774104,-0.0557004313951246,-0.385364862662207,-0.3942707518041,-0.706578202000684
7565.9599609375,0,-1.069139377167,0.0018363761266763,0.469323281677592,1.55838986135719,-0.188690710103128,-0.11086927682103,-0.530315746439945,-0.981442005894162,-0.130074584349808,-0.285126126466325,-0.450274226424121,-0.385364862662207,-0.3942707518041,-0.706578202000684
1921.04455566406,0,-0.592941729239711,0.656810527974498,-2.12993091808961,-0.641448069582378,-0.188690710103128,-0.100589013509706,-0.409049619578257,-0.648909145430145,0.606236597966489,-0.279534253147741,-0.407454859255629,-0.385364862662207,-0.3942707518041,-0.706578202000684
35465.4375,0,-1.25961843633792,0.656810527974498,-2.12993091808961,-0.641448069582378,-0.188690710103128,-0.100589013509706,0.13277738595071,-1.09619844401508,0.606236597966489,-0.279534253147741,-0.138457703121301,-0.385364862662207,-0.3942707518041,-0.706578202000684
24086.943359375,0,-1.16437890675246,0.656810527974498,0.469323281677592,1.55838986135719,-0.188690710103128,-0.100589013509706,0.235982516457409,-1.04012427538781,0.606236597966489,-0.279534253147741,-0.0728275883909674,-0.385364862662207,-0.3942707518041,-0.706578202000684
22165.8984375,0,-0.973899847581546,0.0018363761266763,0.469323281677592,-0.641448069582378,5.29769678474325,-0.0434770247034166,-0.936944025375632,-0.920151635534128,-0.130074584349808,-0.247612526334799,-0.547446876114794,-0.385364862662207,-0.3942707518041,-0.706578202000684
21858.53125,0,0.835651214542169,0.0018363761266763,0.469323281677592,1.55838986135719,-0.188690710103128,-0.0434770247034166,-0.512254890822551,0.739904565919575,-0.130074584349808,-0.247612526334799,-0.444299885419385,-0.385364862662207,-0.3942707518041,-0.706578202000684
16254.9921875,0,-0.592941729239711,0.656810527974498,0.469323281677592,1.55838986135719,-0.188690710103128,-0.0434770247034166,-0.38324840732038,-0.648909145430145,0.606236597966489,-0.247612526334799,-0.39752401365482,-0.385364862662207,-0.3942707518041,-0.706578202000684
15516.12890625,0,-1.069139377167,0.0018363761266763,0.469323281677592,1.55838986135719,-0.188690710103128,-0.0434770247034166,-0.189738717251522,-0.981442005894162,-0.130074584349808,-0.247612526334799,-0.313867177097028,-0.385364862662207,-0.3942707518041,-0.706578202000684
26599.078125,0,-0.68818125882517,0.656810527974498,0.469323281677592,1.55838986135719,-0.188690710103128,-0.0434770247034166,-0.125235510684835,-0.720631919255717,0.606236597966489,-0.247612526334799,-0.282383432503925,-0.385364862662207,-0.3942707518041,-0.706578202000684
23643.625,0,-0.783420788410629,0.0018363761266763,0.469323281677592,1.55838986135719,-0.188690710103128,-0.0434770247034166,-0.0313188503679946,-0.789746592214905,-0.130074584349808,-0.247612526334799,-0.233326423968646,-0.385364862662207,-0.3942707518041,-0.706578202000684
14777.265625,0,-1.16437890675246,0.0018363761266763,0.469323281677592,-0.641448069582378,5.29769678474325,-0.0434770247034166,0.00377097281733639,-1.04012427538781,-0.130074584349808,-0.247612526334799,-0.214018691714884,-0.385364862662207,-0.3942707518041,-0.706578202000684
18471.58203125,0,-0.783420788410629,0.0018363761266763,0.469323281677592,1.55838986135719,-0.188690710103128,-0.0434770247034166,0.0682741090152255,-0.789746592214905,-0.130074584349808,-0.247612526334799,-0.177137774025725,-0.385364862662207,-0.3942707518041,-0.706578202000684
22165.8984375,0,-0.973899847581546,0.329323452050587,-2.12993091808961,1.55838986135719,-0.188690710103128,-0.0434770247034166,0.519796625350831,-0.920151635534128,0.223921176379181,-0.247612526334799,0.131402961455009,-0.385364862662207,-0.3942707518041,-0.706578202000684
12294.6845703125,0,-1.069139377167,0.0018363761266763,0.469323281677592,1.55838986135719,-0.188690710103128,-0.0406212615805069,-0.254241923818208,-0.981442005894162,-0.130074584349808,-0.245978257875282,-0.343551850906983,-0.385364862662207,-0.3942707518041,-0.706578202000684
19210.4453125,0,-0.402462670068794,0.0018363761266763,0.469323281677592,1.55838986135719,-0.188690710103128,-0.0341962215520345,-0.0349310214914734,-0.497639295179847,-0.130074584349808,-0.2422881352653,-0.235283751157891,-0.385364862662207,-0.3942707518041,-0.706578202000684
16240.21484375,0,-0.592941729239711,0.0018363761266763,-2.12993091808961,-0.641448069582378,-0.188690710103128,-0.0291989207523255,-0.925075412849346,-0.648909145430145,-0.130074584349808,-0.239405316597143,-0.545623564487382,-0.385364862662207,-0.3942707518041,-0.706578202000684
26599.078125,0,-1.25961843633792,0.0018363761266763,-2.12993091808961,-0.641448069582378,-0.188690710103128,-0.0291989207523255,-0.353447854814085,-1.09619844401508,-0.130074584349808,-0.239405316597143,-0.385695592915824,-0.385364862662207,-0.3942707518041,-0.706578202000684
21870.353515625,0,-1.25961843633792,0.329323452050587,-2.12993091808961,1.55838986135719,-0.188690710103128,-0.000642855182834901,0.235982516457409,-1.09619844401508,0.223921176379181,-0.222718917526612,-0.0728275883909674,-0.385364862662207,-0.3942707518041,-0.706578202000684
13299.5390625,0,-0.68818125882517,0.656810527974498,0.469323281677592,1.55838986135719,-0.188690710103128,0.0279132103866557,-1.28629343999159,-0.720631919255717,0.606236597966489,-0.205669770512631,-0.573833005358096,-0.385364862662207,2.53537997340692,-0.706578202000684
17732.71875,0,-0.211983610897877,0.0018363761266763,0.469323281677592,1.55838986135719,-0.188690710103128,0.0279132103866557,-0.125235510684835,-0.335937041464011,-0.130074584349808,-0.205669770512631,-0.282383432503925,-0.385364862662207,-0.3942707518041,-0.706578202000684
19949.30859375,0,-0.592941729239711,0.0018363761266763,-2.12993091808961,1.55838986135719,-0.188690710103128,0.0279132103866557,-0.0607323041181481,-0.648909145430145,-0.130074584349808,-0.205669770512631,-0.249100617127673,-0.385364862662207,-0.3942707518041,-0.706578202000684
32953.3046875,0,-1.069139377167,0.0018363761266763,-2.12993091808961,-0.641448069582378,-0.188690710103128,0.0279132103866557,0.390790212217457,-0.981442005894162,-0.130074584349808,-0.205669770512631,0.0342531234636453,-0.385364862662207,-0.3942707518041,-0.706578202000684
26599.078125,0,-0.211983610897877,0.329323452050587,0.469323281677592,1.55838986135719,-0.188690710103128,0.0421911720050553,-0.267142635500343,-0.335937041464011,0.223921176379181,-0.197009209920111,-0.349272928185173,-0.385364862662207,-0.3942707518041,-0.706578202000684
17502.193359375,0,-0.116744081312418,0.0018363761266763,-2.12993091808961,-0.641448069582378,-0.188690710103128,0.0421911720050553,-0.131298838138559,-0.251173763306516,-0.130074584349808,-0.197009209920111,-0.285419525530881,-0.385364862662207,-0.3942707518041,-0.706578202000684
12560.67578125,0,-0.0215045517269594,0.0018363761266763,-2.12993091808961,1.55838986135719,-0.188690710103128,0.0450467927952735,0.906816005488547,-0.163802384282637,-0.130074584349808,-0.19526619807832,0.466030307686176,-0.385364862662207,-0.3942707518041,-0.706578202000684
12560.67578125,0,-0.973899847581546,0.329323452050587,0.469323281677592,1.55838986135719,-0.188690710103128,0.0474739921839786,-0.125235510684835,-0.920151635534128,0.223921176379181,-0.193781833795219,-0.282383432503925,-0.385364862662207,-0.3942707518041,-0.706578202000684
13299.5390625,0,-1.069139377167,0.0018363761266763,0.469323281677592,1.55838986135719,-0.188690710103128,0.0564692759561464,-0.318745200753693,-0.981442005894162,-0.130074584349808,-0.1882578755552,-0.371437483373831,-0.385364862662207,-0.3942707518041,-0.706578202000684
19210.4453125,0,-0.68818125882517,0.0018363761266763,0.469323281677592,1.55838986135719,-0.188690710103128,0.0564692759561464,0.13277738595071,-0.720631919255717,-0.130074584349808,-0.1882578755552,-0.138457703121301,-0.385364862662207,-0.3942707518041,-0.706578202000684
13299.5390625,0,-0.783420788410629,0.0018363761266763,0.469323281677592,-0.641448069582378,5.29769678474325,0.0601814548840077,-1.28629343999159,-0.789746592214905,-0.130074584349808,-0.185967753077,-0.573833005358096,-0.385364862662207,2.53537997340692,-0.706578202000684
23643.625,0,-0.68818125882517,0.0018363761266763,-2.12993091808961,-0.641448069582378,-0.188690710103128,0.0707472375745459,0.119876674268575,-0.720631919255717,-0.130074584349808,-0.179415941894981,-0.146337677507819,-0.385364862662207,-0.3942707518041,-0.706578202000684
1539.79113769531,0,-0.116744081312418,1.63927175574623,-2.12993091808961,-0.641448069582378,-0.188690710103128,0.0850251991929455,-1.28629343999159,-0.251173763306516,1.92310082787833,-0.170483322152925,-0.573833005358096,-0.385364862662207,2.53537997340692,-0.706578202000684
23643.625,0,-0.973899847581546,1.31178467982232,-2.12993091808961,1.55838986135719,-0.188690710103128,0.0921643223348368,-0.189738717251522,-0.920151635534128,1.45582642371606,-0.165982915050589,-0.313867177097028,-0.385364862662207,-0.3942707518041,-0.706578202000684
14777.265625,0,0.264214037029417,0.0018363761266763,0.469323281677592,1.55838986135719,-0.188690710103128,0.0988748817425235,-0.419370188923965,0.113960357987307,-0.130074584349808,-0.161731997028525,-0.411346631218439,-0.385364862662207,-0.3942707518041,-0.706578202000684
23643.625,0,1.50232792164038,1.31178467982232,-2.12993091808961,-0.641448069582378,-0.188690710103128,0.0993033031440366,-1.28629343999159,1.58884139792771,1.45582642371606,-0.161459925926401,-0.573833005358096,-0.385364862662207,2.53537997340692,-0.706578202000684
22165.8984375,0,-1.25961843633792,0.0018363761266763,-2.12993091808961,1.55838986135719,-0.188690710103128,0.0993033031440366,-1.23469086594214,-1.09619844401508,-0.130074584349808,-0.161459925926401,-0.573257302511222,-0.385364862662207,-0.3942707518041,-0.706578202000684
24642.568359375,0,-0.878660317996087,0.0018363761266763,0.469323281677592,1.55838986135719,-0.188690710103128,0.0993033031440366,-0.899274130222672,-0.856253164307709,-0.130074584349808,-0.161459925926401,-0.54144971948541,-0.385364862662207,-0.3942707518041,-0.706578202000684
18442.02734375,0,-0.973899847581546,0.329323452050587,0.469323281677592,1.55838986135719,-0.188690710103128,0.0993033031440366,-0.447751613887066,-0.920151635534128,0.223921176379181,-0.161459925926401,-0.421811473152661,-0.385364862662207,-0.3942707518041,-0.706578202000684
19210.4453125,0,-0.973899847581546,0.0018363761266763,-2.12993091808961,1.55838986135719,-0.188690710103128,0.0993033031440366,-0.421950331260392,-0.920151635534128,-0.130074584349808,-0.161459925926401,-0.412312377847502,-0.385364862662207,-0.3942707518041,-0.706578202000684
14777.265625,0,-0.211983610897877,0.656810527974498,0.469323281677592,1.55838986135719,-0.188690710103128,0.0993033031440366,-0.397439049433133,-0.335937041464011,0.606236597966489,-0.161459925926401,-0.403021590676512,-0.385364862662207,-0.3942707518041,-0.706578202000684
17732.71875,0,-1.25961843633792,0.0018363761266763,0.469323281677592,-0.641448069582378,5.29769678474325,0.0993033031440366,-0.38324840732038,-1.09619844401508,-0.130074584349808,-0.161459925926401,-0.39752401365482,-0.385364862662207,-0.3942707518041,-0.706578202000684
12708.44921875,0,-1.35485796592338,0.0018363761266763,0.469323281677592,1.55838986135719,-0.188690710103128,0.0993033031440366,-0.0822764152216362,-1.14966451177596,-0.130074584349808,-0.161459925926401,-0.260417194596041,-0.385364862662207,-0.3942707518041,-0.706578202000684
22165.8984375,0,-1.069139377167,0.0018363761266763,0.469323281677592,1.55838986135719,-0.188690710103128,0.0993033031440366,-0.0607323041181481,-0.981442005894162,-0.130074584349808,-0.161459925926401,-0.249100617127673,-0.385364862662207,-0.3942707518041,-0.706578202000684
14777.265625,0,-1.069139377167,0.0018363761266763,0.469323281677592,1.55838986135719,-0.188690710103128,0.0993033031440366,-0.0349310214914734,-0.981442005894162,-0.130074584349808,-0.161459925926401,-0.235283751157891,-0.385364862662207,-0.3942707518041,-0.706578202000684
25121.3515625,0,-0.68818125882517,0.0018363761266763,0.469323281677592,1.55838986135719,-0.188690710103128,0.0993033031440366,-0.00912973886479866,-0.720631919255717,-0.130074584349808,-0.161459925926401,-0.221179033862805,-0.385364862662207,-0.3942707518041,-0.706578202000684
16993.85546875,0,-0.973899847581546,1.31178467982232,-2.12993091808961,-0.641448069582378,-0.188690710103128,0.0993033031440366,0.00377097281733639,-0.920151635534128,1.45582642371606,-0.161459925926401,-0.214018691714884,-0.385364862662207,-0.3942707518041,-0.706578202000684
26599.078125,0,-1.069139377167,0.0018363761266763,0.469323281677592,1.55838986135719,-0.188690710103128,0.0993033031440366,0.00377097281733639,-0.981442005894162,-0.130074584349808,-0.161459925926401,-0.214018691714884,-0.385364862662207,-0.3942707518041,-0.706578202000684
23643.625,0,-1.35485796592338,0.0018363761266763,0.469323281677592,1.55838986135719,-0.188690710103128,0.0993033031440366,0.0553735380706858,-1.14966451177596,-0.130074584349808,-0.161459925926401,-0.184657850253362,-0.385364862662207,-0.3942707518041,-0.706578202000684
20259.630859375,0,-0.307223140483335,0.0018363761266763,0.469323281677592,1.55838986135719,-0.188690710103128,0.0993033031440366,0.116393559520076,-0.418092218755121,-0.130074584349808,-0.161459925926401,-0.148452885481919,-0.385364862662207,-0.3942707518041,-0.706578202000684
13299.5390625,0,-0.116744081312418,0.0018363761266763,-2.12993091808961,-0.641448069582378,-0.188690710103128,0.0993033031440366,0.13277738595071,-0.251173763306516,-0.130074584349808,-0.161459925926401,-0.138457703121301,-0.385364862662207,-0.3942707518041,-0.706578202000684
22165.8984375,0,0.264214037029417,1.63927175574623,-2.12993091808961,-0.641448069582378,-0.188690710103128,0.0993033031440366,0.371439215063052,0.113960357987307,1.92310082787833,-0.161459925926401,0.0203013019648255,-0.385364862662207,-0.3942707518041,-0.706578202000684
21427.03515625,0,-1.069139377167,0.0018363761266763,0.469323281677592,1.55838986135719,-0.188690710103128,0.0993033031440366,0.390790212217457,-0.981442005894162,-0.130074584349808,-0.161459925926401,0.0342531234636453,-0.385364862662207,-0.3942707518041,-0.706578202000684
28815.66796875,0,-0.68818125882517,0.656810527974498,-2.12993091808961,1.55838986135719,-0.188690710103128,0.0993033031440366,0.519796625350831,-0.720631919255717,0.606236597966489,-0.161459925926401,0.131402961455009,-0.385364862662207,-0.3942707518041,-0.706578202000684
29554.53125,0,1.12136980329854,0.0018363761266763,-2.12993091808961,-0.641448069582378,-0.188690710103128,0.0993033031440366,0.519796625350831,1.0880860315819,-0.130074584349808,-0.161459925926401,0.131402961455009,-0.385364862662207,-0.3942707518041,-0.706578202000684
23052.53515625,0,-0.878660317996087,1.31178467982232,-2.12993091808961,1.55838986135719,-0.188690710103128,0.145992411282087,0.106976103324035,-0.856253164307709,1.45582642371606,-0.131320478682338,-0.154145603490625,-0.385364862662207,-0.3942707518041,-0.706578202000684
12412.9033203125,0,-0.973899847581546,0.656810527974498,-2.12993091808961,-0.641448069582378,-0.188690710103128,0.170693395901417,-0.447751613887066,-0.920151635534128,0.606236597966489,-0.114982911213737,-0.421811473152661,-0.385364862662207,-0.3942707518041,-0.706578202000684
16254.9921875,0,0.359453566614875,0.0018363761266763,-2.12993091808961,1.55838986135719,-0.188690710103128,0.170693395901417,-0.254241923818208,0.211764140476724,-0.130074584349808,-0.114982911213737,-0.343551850906983,-0.385364862662207,-0.3942707518041,-0.706578202000684
31032.2578125,0,-0.973899847581546,0.0018363761266763,0.469323281677592,1.55838986135719,-0.188690710103128,0.170693395901417,0.584299902286315,-0.920151635534128,-0.130074584349808,-0.114982911213737,0.182676543542825,-0.385364862662207,-0.3942707518041,-0.706578202000684
39011.98046875,0,-0.878660317996087,0.984297603898409,-2.12993091808961,-0.641448069582378,-0.188690710103128,0.182829819843018,0.261783799084084,-0.856253164307709,1.01687168041212,-0.106856275918208,-0.0557004313951246,-0.385364862662207,-0.3942707518041,-0.706578202000684
17437.173828125,0,-0.878660317996087,0.656810527974498,-2.12993091808961,-0.641448069582378,-0.188690710103128,0.184971499852508,-0.254241923818208,-0.856253164307709,0.606236597966489,-0.105415390359958,-0.343551850906983,-0.385364862662207,-0.3942707518041,-0.706578202000684
23348.080078125,0,-0.68818125882517,0.0018363761266763,-2.12993091808961,-0.641448069582378,-0.188690710103128,0.199249461470908,0.0424728263885508,-0.720631919255717,-0.130074584349808,-0.0957572783471073,-0.192106045296722,-0.385364862662207,-0.3942707518041,-0.706578202000684
25121.3515625,0,-0.783420788410629,0.0018363761266763,0.469323281677592,1.55838986135719,-0.188690710103128,0.210386425252567,0.326286935281973,-0.789746592214905,-0.130074584349808,-0.0881608914682373,-0.0116232384240479,-0.385364862662207,-0.3942707518041,-0.706578202000684
23643.625,0,-1.069139377167,0.329323452050587,0.469323281677592,1.55838986135719,-0.188690710103128,0.213527423089308,0.00377097281733639,-0.981442005894162,0.223921176379181,-0.0860084802524186,-0.214018691714884,-0.385364862662207,-0.3942707518041,-0.706578202000684
24787.38671875,0,1.12136980329854,1.63927175574623,-2.12993091808961,-0.641448069582378,-0.188690710103128,0.220666546231199,0.449875091730128,1.0880860315819,1.92310082787833,-0.0810999758375314,0.0778545176755277,-0.385364862662207,-0.3942707518041,-0.706578202000684
21722.580078125,0,-0.68818125882517,0.0018363761266763,0.469323281677592,1.55838986135719,-0.188690710103128,0.227805527040399,0.197280662886194,-0.720631919255717,-0.130074584349808,-0.0761688975370271,-0.097978557508389,-0.385364862662207,-0.3942707518041,-0.706578202000684
15638.7802734375,0,0.0737349778584993,0.0018363761266763,0.469323281677592,1.55838986135719,-0.188690710103128,0.24208363099149,-0.254241923818208,-0.0738229043923733,-0.130074584349808,-0.066238626931744,-0.343551850906983,-0.385364862662207,-0.3942707518041,-0.706578202000684
15638.7802734375,0,0.0737349778584993,0.0018363761266763,0.469323281677592,1.55838986135719,-0.188690710103128,0.24208363099149,-0.254241923818208,-0.0738229043923733,-0.130074584349808,-0.066238626931744,-0.343551850906983,-0.385364862662207,-0.3942707518041,-0.706578202000684
17732.71875,0,0.264214037029417,0.984297603898409,-2.12993091808961,1.55838986135719,-0.188690710103128,0.24208363099149,0.097945534777743,0.113960357987307,1.01687168041212,-0.066238626931744,-0.15956843534639,-0.385364862662207,-0.3942707518041,-0.706578202000684
33248.84765625,0,-0.497702199654253,1.31178467982232,-2.12993091808961,-0.641448069582378,-0.188690710103128,0.24208363099149,0.352088358646243,-0.574578270738188,1.45582642371606,-0.066238626931744,0.00651149712889583,-0.385364862662207,-0.3942707518041,-0.706578202000684
36943.1640625,0,0.835651214542169,1.63927175574623,-2.12993091808961,-0.641448069582378,-0.188690710103128,0.24208363099149,0.584299902286315,0.739904565919575,1.92310082787833,-0.066238626931744,0.182676543542825,-0.385364862662207,-0.3942707518041,-0.706578202000684
2216.58984375,0,-1.069139377167,0.0018363761266763,-2.12993091808961,-0.641448069582378,-0.188690710103128,0.256361592609889,-0.463877468305336,-0.981442005894162,-0.130074584349808,-0.0562177687834964,-0.427602251985279,-0.385364862662207,-0.3942707518041,-0.706578202000684
25860.21484375,0,-0.783420788410629,0.329323452050587,0.469323281677592,-0.641448069582378,5.29769678474325,0.271353637341708,-0.8776010682974,-0.789746592214905,0.223921176379181,-0.0455981351472609,-0.537721240915363,-0.385364862662207,-0.3942707518041,-0.706578202000684
41376.34375,0,-1.069139377167,0.656810527974498,-2.12993091808961,-0.641448069582378,-0.188690710103128,0.28491765817938,0.0682741090152255,-0.981442005894162,0.606236597966489,-0.0359038920865154,-0.177137774025725,-0.385364862662207,-0.3942707518041,-0.706578202000684
61768.97265625,0,-0.68818125882517,0.0018363761266763,-2.12993091808961,-0.641448069582378,-0.188690710103128,0.28491765817938,0.545597907977505,-0.720631919255717,-0.130074584349808,-0.0359038920865154,0.151696483029192,-0.385364862662207,-0.3942707518041,-0.706578202000684
23643.625,0,-0.497702199654253,0.0018363761266763,0.469323281677592,1.55838986135719,-0.188690710103128,0.313473723748871,0.0553735380706858,-0.574578270738188,-0.130074584349808,-0.0152272674460839,-0.184657850253362,-0.385364862662207,-0.3942707518041,-0.706578202000684
29554.53125,0,-0.973899847581546,0.0018363761266763,-2.12993091808961,1.55838986135719,-0.188690710103128,0.313473723748871,0.6488031792218,-0.920151635534128,-0.130074584349808,-0.0152272674460839,0.23574920033913,-0.385364862662207,-0.3942707518041,-0.706578202000684
42854.0703125,0,-0.68818125882517,1.31178467982232,-2.12993091808961,-0.641448069582378,-0.188690710103128,0.313473723748871,0.906816005488547,-0.720631919255717,1.45582642371606,-0.0152272674460839,0.466030307686176,-0.385364862662207,-0.3942707518041,-0.706578202000684
17732.71875,0,1.50232792164038,1.31178467982232,-2.12993091808961,-0.641448069582378,-0.188690710103128,0.32061270455807,0.13277738595071,1.58884139792771,1.45582642371606,-0.0100014580235723,-0.138457703121301,-0.385364862662207,-0.3942707518041,-0.706578202000684
27781.259765625,0,-0.307223140483335,0.0018363761266763,0.469323281677592,1.55838986135719,-0.188690710103128,0.32775168536727,-1.17792803360814,-0.418092218755121,-0.130074584349808,-0.0047529770806012,-0.571294155762164,-0.385364862662207,-0.3942707518041,-0.706578202000684
26451.306640625,0,-0.973899847581546,1.31178467982232,-2.12993091808961,-0.641448069582378,-0.188690710103128,0.342029789318361,0.326286935281973,-0.920151635534128,1.45582642371606,0.00581210513779788,-0.0116232384240479,-0.385364862662207,-0.3942707518041,-0.706578202000684
39973.98046875,0,1.50232792164038,1.31178467982232,-2.12993091808961,-0.641448069582378,-0.188690710103128,0.384863816506251,-0.254241923818208,1.58884139792771,1.45582642371606,0.0380512621660098,-0.343551850906983,-0.385364862662207,-0.3942707518041,-0.706578202000684
20850.72265625,0,-0.878660317996087,0.329323452050587,-2.12993091808961,-0.641448069582378,-0.188690710103128,0.384863816506251,-0.254241923818208,-0.856253164307709,0.223921176379181,0.0380512621660098,-0.343551850906983,-0.385364862662207,-0.3942707518041,-0.706578202000684
23643.625,0,-0.116744081312418,0.0018363761266763,0.469323281677592,1.55838986135719,-0.188690710103128,0.384863816506251,-0.254241923818208,-0.251173763306516,-0.130074584349808,0.0380512621660098,-0.343551850906983,-0.385364862662207,-0.3942707518041,-0.706578202000684
22165.8984375,0,0.74041168495671,0.0018363761266763,-2.12993091808961,1.55838986135719,-0.188690710103128,0.384863816506251,0.261783799084084,0.629060279098236,-0.130074584349808,0.0380512621660098,-0.0557004313951246,-0.385364862662207,-0.3942707518041,-0.706578202000684
22165.8984375,0,-0.68818125882517,0.329323452050587,-2.12993091808961,-0.641448069582378,-0.188690710103128,0.384863816506251,0.261783799084084,-0.720631919255717,0.223921176379181,0.0380512621660098,-0.0557004313951246,-0.385364862662207,-0.3942707518041,-0.706578202000684
31623.349609375,0,-0.783420788410629,0.0018363761266763,0.469323281677592,1.55838986135719,-0.188690710103128,0.384863816506251,0.261783799084084,-0.789746592214905,-0.130074584349808,0.0380512621660098,-0.0557004313951246,-0.385364862662207,-0.3942707518041,-0.706578202000684
18176.037109375,0,-0.878660317996087,0.0018363761266763,-2.12993091808961,-0.641448069582378,-0.188690710103128,0.384863816506251,0.6488031792218,-0.856253164307709,-0.130074584349808,0.0380512621660098,0.23574920033913,-0.385364862662207,-0.3942707518041,-0.706578202000684
15516.12890625,0,0.454693096200334,0.0018363761266763,-2.12993091808961,-0.641448069582378,-0.188690710103128,0.384863816506251,0.984219853368571,0.312176023832525,-0.130074584349808,0.0380512621660098,0.540727740733713,-0.385364862662207,-0.3942707518041,-0.706578202000684
0,0,1.12136980329854,0.0018363761266763,-2.12993091808961,-0.641448069582378,-0.188690710103128,0.414562101925291,-0.38324840732038,1.0880860315819,-0.130074584349808,0.0608828808650886,-0.39752401365482,-0.385364862662207,-0.3942707518041,-0.706578202000684
24825.806640625,0,0.0737349778584993,1.31178467982232,-2.12993091808961,-0.641448069582378,-0.188690710103128,0.456254051596324,0.287585081710758,-0.0738229043923733,1.45582642371606,0.0935970749078289,-0.0382854230739781,-0.385364862662207,-0.3942707518041,-0.706578202000684
29702.3046875,0,-0.783420788410629,1.63927175574623,-2.12993091808961,-0.641448069582378,-0.188690710103128,0.456254051596324,0.6488031792218,-0.789746592214905,1.92310082787833,0.0935970749078289,0.23574920033913,-0.385364862662207,-0.3942707518041,-0.706578202000684
9605.22265625,0,-0.783420788410629,1.31178467982232,-2.12993091808961,-0.641448069582378,-0.188690710103128,0.456254051596324,0.713306315419689,-0.789746592214905,1.45582642371606,0.0935970749078289,0.290620810158417,-0.385364862662207,-0.3942707518041,-0.706578202000684
30145.62109375,0,-0.878660317996087,1.31178467982232,-2.12993091808961,-0.641448069582378,-0.188690710103128,0.499088078784214,0.55849861965964,-0.856253164307709,1.45582642371606,0.128012715980636,0.161951244195618,-0.385364862662207,-0.3942707518041,-0.706578202000684
26599.078125,0,-0.592941729239711,0.0018363761266763,-2.12993091808961,1.55838986135719,-0.188690710103128,0.527644144353705,0.13277738595071,-0.648909145430145,-0.130074584349808,0.151409949292919,-0.138457703121301,-0.385364862662207,-0.3942707518041,-0.706578202000684
25121.3515625,0,-0.68818125882517,0.0018363761266763,-2.12993091808961,-0.641448069582378,-0.188690710103128,0.527644144353705,0.261783799084084,-0.720631919255717,-0.130074584349808,0.151409949292919,-0.0557004313951246,-0.385364862662207,-0.3942707518041,-0.706578202000684
29554.53125,0,-0.68818125882517,0.984297603898409,-2.12993091808961,1.55838986135719,-0.188690710103128,0.527644144353705,0.455293489152941,-0.720631919255717,1.01687168041212,0.151409949292919,0.0819285600598271,-0.385364862662207,-0.3942707518041,-0.706578202000684
12708.44921875,0,1.59756745122584,1.31178467982232,-2.12993091808961,-0.641448069582378,-0.188690710103128,0.527644144353705,0.455293489152941,1.72055049168013,1.45582642371606,0.151409949292919,0.0819285600598271,-0.385364862662207,-0.3942707518041,-0.706578202000684
22461.443359375,0,0.264214037029417,0.0018363761266763,-2.12993091808961,-0.641448069582378,-0.188690710103128,0.527644144353705,0.57139919060418,0.113960357987307,-0.130074584349808,0.151409949292919,0.17227785592868,-0.385364862662207,-0.3942707518041,-0.706578202000684
22461.443359375,0,0.264214037029417,0.0018363761266763,-2.12993091808961,-0.641448069582378,-0.188690710103128,0.527644144353705,0.57139919060418,0.113960357987307,-0.130074584349808,0.151409949292919,0.17227785592868,-0.385364862662207,-0.3942707518041,-0.706578202000684
15646.1689453125,0,-0.783420788410629,1.31178467982232,-2.12993091808961,-0.641448069582378,-0.188690710103128,0.556200209923195,1.00447382293505,-0.789746592214905,1.45582642371606,0.175169930548652,0.560701167632643,-0.385364862662207,-0.3942707518041,-0.706578202000684
26599.078125,0,-0.878660317996087,0.0018363761266763,-2.12993091808961,-0.641448069582378,-0.188690710103128,0.584756275492686,0.261783799084084,-0.856253164307709,-0.130074584349808,0.199292659747835,-0.0557004313951246,-0.385364862662207,-0.3942707518041,-0.706578202000684
31032.2578125,0,-0.68818125882517,1.63927175574623,-2.12993091808961,-0.641448069582378,-0.188690710103128,0.584756275492686,0.842312728553062,-0.720631919255717,1.92310082787833,0.199292659747835,0.405761359906602,-0.385364862662207,-0.3942707518041,-0.706578202000684
19210.4453125,0,-1.16437890675246,0.0018363761266763,-2.12993091808961,-0.641448069582378,-0.188690710103128,0.599034237111085,0.390790212217457,-1.04012427538781,-0.130074584349808,0.211489993804443,0.0342531234636453,-0.385364862662207,-0.3942707518041,-0.706578202000684
25860.21484375,0,-0.307223140483335,0.984297603898409,-2.12993091808961,1.55838986135719,-0.188690710103128,0.599034237111085,0.6488031792218,-0.418092218755121,1.01687168041212,0.211489993804443,0.23574920033913,-0.385364862662207,-0.3942707518041,-0.706578202000684
29315.140625,0,-0.497702199654253,1.63927175574623,-2.12993091808961,-0.641448069582378,-0.188690710103128,0.611027759030387,0.767618079384445,-0.574578270738188,1.92310082787833,0.221805866088741,0.338217959083085,-0.385364862662207,-0.3942707518041,-0.706578202000684
20392.626953125,0,-0.783420788410629,1.63927175574623,-2.12993091808961,1.55838986135719,-0.188690710103128,0.627590302680576,0.532697337032966,-0.789746592214905,1.92310082787833,0.236156844014775,0.141513796173715,-0.385364862662207,-0.3942707518041,-0.706578202000684
20688.171875,0,-1.25961843633792,0.0018363761266763,0.469323281677592,1.55838986135719,-0.188690710103128,0.641868406631667,-0.0929838722170926,-1.09619844401508,-0.130074584349808,0.248626361976553,-0.265966890509,-0.385364862662207,-0.3942707518041,-0.706578202000684
26599.078125,0,-0.497702199654253,1.63927175574623,-2.12993091808961,-0.641448069582378,-0.188690710103128,0.641868406631667,0.816511445926387,-0.574578270738188,1.92310082787833,0.248626361976553,0.382157547306357,-0.385364862662207,-0.3942707518041,-0.706578202000684
25712.44140625,0,-0.973899847581546,1.31178467982232,-2.12993091808961,-0.641448069582378,-0.188690710103128,0.670424329868466,0.313386364337433,-0.920151635534128,1.45582642371606,0.2738372084424,-0.0205825634275279,-0.385364862662207,-0.3942707518041,-0.706578202000684
30736.712890625,0,0.168974507443958,1.31178467982232,-2.12993091808961,-0.641448069582378,-0.188690710103128,0.670424329868466,0.893915293806412,0.0187646763642747,1.45582642371606,0.2738372084424,0.453832539083002,-0.385364862662207,-0.3942707518041,-0.706578202000684
31032.2578125,0,-0.878660317996087,0.656810527974498,-2.12993091808961,-0.641448069582378,-0.188690710103128,0.670424329868466,1.03582241862192,-0.856253164307709,0.606236597966489,0.2738372084424,0.59196528605859,-0.385364862662207,-0.3942707518041,-0.706578202000684
32509.984375,0,-0.68818125882517,0.0018363761266763,-2.12993091808961,-0.641448069582378,-0.188690710103128,0.698980537770648,0.674604321110879,-0.720631919255717,-0.130074584349808,0.299411055979072,0.257481860779668,-0.385364862662207,-0.3942707518041,-0.706578202000684
32509.984375,0,-0.973899847581546,1.63927175574623,-2.12993091808961,-0.641448069582378,-0.188690710103128,0.698980537770648,0.700405744475149,-0.920151635534128,1.92310082787833,0.299411055979072,0.27950261120611,-0.385364862662207,-0.3942707518041,-0.706578202000684
31032.2578125,0,-0.497702199654253,0.0018363761266763,-2.12993091808961,1.55838986135719,-0.188690710103128,0.798926553764828,-0.176838075938184,-0.574578270738188,-0.130074584349808,0.391775517389303,-0.307714353841059,-0.385364862662207,-0.3942707518041,-0.706578202000684
30293.39453125,0,0.645172155371251,0.329323452050587,-2.12993091808961,-0.641448069582378,-0.188690710103128,0.813204657715919,-1.28629343999159,0.520824093143282,0.223921176379181,0.405333283701561,-0.573833005358096,-0.385364862662207,2.53537997340692,-0.706578202000684
29554.53125,0,0.835651214542169,0.656810527974498,-2.12993091808961,-0.641448069582378,-0.188690710103128,0.813204657715919,0.906816005488547,0.739904565919575,0.606236597966489,0.405333283701561,0.466030307686176,-0.385364862662207,-0.3942707518041,-0.706578202000684
29554.53125,0,-0.783420788410629,0.656810527974498,-2.12993091808961,-0.641448069582378,-0.188690710103128,0.813204657715919,0.906816005488547,-0.789746592214905,0.606236597966489,0.405333283701561,0.466030307686176,-0.385364862662207,-0.3942707518041,-0.706578202000684
33987.7109375,0,-0.592941729239711,0.656810527974498,-2.12993091808961,-0.641448069582378,-0.188690710103128,0.813204657715919,1.26803396226199,-0.648909145430145,0.606236597966489,0.405333283701561,0.836782880623068,-0.385364862662207,-0.3942707518041,-0.706578202000684
44331.796875,0,-0.497702199654253,0.984297603898409,-2.12993091808961,-0.641448069582378,-0.188690710103128,0.8845947504733,0.777809451617578,-0.574578270738188,1.01687168041212,0.474482013238948,0.347291486835515,-0.385364862662207,-0.3942707518041,-0.706578202000684
36943.1640625,0,-0.68818125882517,1.31178467982232,-2.12993091808961,-0.641448069582378,-0.188690710103128,0.8845947504733,0.971319141686436,-0.720631919255717,1.45582642371606,0.474482013238948,0.52809819278738,-0.385364862662207,-0.3942707518041,-0.706578202000684
33987.7109375,0,0.454693096200334,1.31178467982232,-2.12993091808961,-0.641448069582378,-0.188690710103128,0.898872854424391,0.777809451617578,0.312176023832525,1.45582642371606,0.488583904178462,0.347291486835515,-0.385364862662207,-0.3942707518041,-0.706578202000684
29258.986328125,0,1.216609332884,1.63927175574623,-2.12993091808961,-0.641448069582378,-0.188690710103128,0.955984985563373,0.842312728553062,1.20936272186878,1.92310082787833,0.545898057546982,0.405761359906602,-0.385364862662207,-0.3942707518041,-0.706578202000684
32509.984375,0,1.6928069808113,0.0018363761266763,-2.12993091808961,-0.641448069582378,-0.188690710103128,0.955984985563373,1.03582241862192,1.85486768629893,-0.130074584349808,0.545898057546982,0.59196528605859,-0.385364862662207,-0.3942707518041,-0.706578202000684
33805.94921875,0,0.359453566614875,1.63927175574623,-2.12993091808961,-0.641448069582378,-0.188690710103128,0.998819012751263,1.11322626650194,0.211764140476724,1.92310082787833,0.589835812246781,0.670980488985682,-0.385364862662207,-0.3942707518041,-0.706578202000684
31401.689453125,0,1.02613027371309,1.31178467982232,-2.12993091808961,-0.641448069582378,-0.188690710103128,1.01309711670235,0.971319141686436,0.969417442161407,1.45582642371606,0.604663202689303,0.52809819278738,-0.385364862662207,-0.3942707518041,-0.706578202000684
9161.9052734375,0,-0.0215045517269594,1.63927175574623,-2.12993091808961,-0.641448069582378,-0.188690710103128,1.01309711670235,1.93886759203073,-0.163802384282637,1.92310082787833,0.604663202689303,1.67500645491198,-0.385364862662207,-0.3942707518041,-0.706578202000684
43297.390625,0,0.359453566614875,1.63927175574623,-2.12993091808961,-0.641448069582378,-0.188690710103128,1.02737507832075,1.03582241862192,0.211764140476724,1.92310082787833,0.619581131857365,0.59196528605859,-0.385364862662207,-0.3942707518041,-0.706578202000684
33987.7109375,0,0.835651214542169,0.0018363761266763,-2.12993091808961,-0.641448069582378,-0.188690710103128,1.02737507832075,1.12612683744648,0.739904565919575,-0.130074584349808,0.619581131857365,0.684401485979337,-0.385364862662207,-0.3942707518041,-0.706578202000684
27337.94140625,0,-0.211983610897877,0.0018363761266763,-2.12993091808961,-0.641448069582378,-0.188690710103128,1.2272673949745,1.03582241862192,-0.335937041464011,-0.130074584349808,0.83795514972735,0.59196528605859,-0.385364862662207,-0.3942707518041,-0.706578202000684
36943.1640625,0,-0.497702199654253,0.656810527974498,-2.12993091808961,-0.641448069582378,-0.188690710103128,1.38432582677304,0.679764605783733,-0.574578270738188,0.606236597966489,1.02200439883579,0.26186298250771,-0.385364862662207,-0.3942707518041,-0.706578202000684
44308.15234375,0,0.168974507443958,0.329323452050587,-2.12993091808961,-0.641448069582378,-0.188690710103128,1.38432582677304,1.31860463946589,0.0187646763642747,0.223921176379181,1.02200439883579,0.893190649727271,-0.385364862662207,-0.3942707518041,-0.706578202000684
23389.455078125,0,-0.878660317996087,1.31178467982232,-2.12993091808961,-0.641448069582378,-0.188690710103128,1.5271060122878,-1.28629343999159,-0.856253164307709,1.45582642371606,1.19884377718071,-0.573833005358096,-0.385364862662207,2.53537997340692,-0.706578202000684
40637.48046875,0,1.50232792164038,1.31178467982232,-2.12993091808961,-0.641448069582378,-0.188690710103128,1.5271060122878,1.29383538562626,1.58884139792771,1.45582642371606,1.19884377718071,0.865424249214751,-0.385364862662207,-0.3942707518041,-0.706578202000684
44331.796875,0,-0.68818125882517,1.63927175574623,-2.12993091808961,-0.641448069582378,-0.188690710103128,1.59849610504518,1.68085448428879,-0.720631919255717,1.92310082787833,1.29066422154282,1.32958442490956,-0.385364862662207,-0.3942707518041,-0.706578202000684
27190.169921875,0,0.359453566614875,0.0018363761266763,0.469323281677592,1.55838986135719,-0.188690710103128,1.62805177310731,-0.512254890822551,0.211764140476724,-0.130074584349808,1.32934170480891,-0.444299885419385,-0.385364862662207,-0.3942707518041,-0.706578202000684
32509.984375,0,0.264214037029417,0.0018363761266763,-2.12993091808961,-0.641448069582378,-0.188690710103128,1.81266666798271,1.03582241862192,0.113960357987307,-0.130074584349808,1.57972897315934,0.59196528605859,-0.385364862662207,-0.3942707518041,-0.706578202000684
50242.703125,0,-0.497702199654253,0.0018363761266763,-2.12993091808961,-0.641448069582378,-0.188690710103128,1.81266666798271,1.42284165802204,-0.574578270738188,-0.130074584349808,1.57972897315934,1.01294791997139,-0.385364862662207,-0.3942707518041,-0.706578202000684
54675.8828125,0,-0.307223140483335,1.31178467982232,-2.12993091808961,-0.641448069582378,-0.188690710103128,1.81266666798271,1.91048616706762,-0.418092218755121,1.45582642371606,1.57972897315934,1.6356010196448,-0.385364862662207,-0.3942707518041,-0.706578202000684
48764.9765625,0,0.74041168495671,1.63927175574623,-2.12993091808961,-0.641448069582378,-0.188690710103128,2.38378769470714,2.32588669069325,0.629060279098236,1.92310082787833,2.45032327805799,2.24711086189432,-0.385364862662207,-0.3942707518041,-0.706578202000684
71669.7421875,0,1.59756745122584,0.0018363761266763,-2.12993091808961,-0.641448069582378,-0.188690710103128,3.59741984091338,3.22893172336446,1.72055049168013,-0.130074584349808,4.78211023012633,3.83389178722381,-0.385364862662207,-0.3942707518041,-0.706578202000684
0,0,1.40708839205492,0.0018363761266763,0.469323281677592,-0.641448069582378,-0.188690710103128,3.95437087403105,3.86106307734919,1.45974040504168,-0.130074584349808,5.59262534029822,5.15444575919091,-0.385364862662207,-0.3942707518041,-0.706578202000684
85708.140625,0,1.31184886246946,0.984297603898409,0.469323281677592,-0.641448069582378,-0.188690710103128,4.02576096678843,3.87396421124412,1.33324751302204,1.01687168041212,5.76152962320063,5.18319601293329,-0.385364862662207,-0.3942707518041,-0.706578202000684
0,0,1.59756745122584,1.63927175574623,0.469323281677592,-0.641448069582378,-0.188690710103128,4.09715105954581,-1.28629343999159,1.72055049168013,1.92310082787833,5.93270107622946,-0.573833005358096,-0.385364862662207,2.53537997340692,-0.706578202000684
99007.6796875,0,-0.211983610897877,1.63927175574623,0.469323281677592,-0.641448069582378,-0.188690710103128,4.23993124506057,3.35793827723543,-0.335937041464011,1.92310082787833,6.28184549266644,4.08936016030865,-0.385364862662207,-0.3942707518041,-0.706578202000684
97677.7265625,0,1.216609332884,1.31178467982232,0.469323281677592,-0.641448069582378,-0.188690710103128,4.38271143057533,4.38998986377761,1.20936272186878,1.45582642371606,6.64005858960914,6.39217183043062,-0.385364862662207,-0.3942707518041,-0.706578202000684
70930.875,0,-0.592941729239711,1.31178467982232,0.469323281677592,-0.641448069582378,-0.188690710103128,5.81051442438448,5.16402862405304,-0.648909145430145,1.45582642371606,10.7209706029568,8.4215248357222,-0.385364862662207,-0.3942707518041,-0.706578202000684
221.658996582031,0,1.88328603998221,-2.94554730718852,-2.12993091808961,1.55838986135719,-0.188690710103128,-1.32849940599973,-1.28629343999159,2.13132637813568,-2.04165169228635,-0.614894493628771,-0.573833005358096,2.59397330965399,2.53537997340692,1.41474243812483
0,0,1.78804651039676,-2.61806023126461,-2.12993091808961,1.55838986135719,-0.188690710103128,-1.32849940599973,-1.28629343999159,1.99179298178411,-1.94253287928223,-0.614894493628771,-0.573833005358096,2.59397330965399,2.53537997340692,1.41474243812483
0,0,1.59756745122584,-2.61806023126461,0.469323281677592,1.55838986135719,-0.188690710103128,-1.32849940599973,-1.28629343999159,1.72055049168013,-1.94253287928223,-0.614894493628771,-0.573833005358096,2.59397330965399,2.53537997340692,1.41474243812483
0,0,1.59756745122584,-2.2905731553407,-2.12993091808961,1.55838986135719,-0.188690710103128,-1.32849940599973,-1.28629343999159,1.72055049168013,-1.8150944054198,-0.614894493628771,-0.573833005358096,2.59397330965399,2.53537997340692,1.41474243812483
0,0,1.12136980329854,-1.96308607941679,0.469323281677592,1.55838986135719,-0.188690710103128,-1.32849940599973,-1.28629343999159,1.0880860315819,-1.65933627069904,-0.614894493628771,-0.573833005358096,2.59397330965399,2.53537997340692,1.41474243812483
0,0,0.645172155371251,-1.96308607941679,0.469323281677592,1.55838986135719,-0.188690710103128,-1.32849940599973,-1.28629343999159,0.520824093143282,-1.65933627069904,-0.614894493628771,-0.573833005358096,2.59397330965399,2.53537997340692,1.41474243812483
11821.8134765625,0,1.02613027371309,-1.63559900349288,0.469323281677592,1.55838986135719,-0.188690710103128,-1.32849940599973,-1.28629343999159,0.969417442161407,-1.47525847511997,-0.614894493628771,-0.573833005358096,2.59397330965399,2.53537997340692,1.41474243812483
0,0,1.78804651039676,-1.63559900349288,-2.12993091808961,-0.641448069582378,5.29769678474325,-1.32849940599973,-1.28629343999159,1.99179298178411,-1.47525847511997,-0.614894493628771,-0.573833005358096,2.59397330965399,2.53537997340692,1.41474243812483
0,0,1.216609332884,-1.30811192756897,-2.12993091808961,-0.641448069582378,-0.188690710103128,-1.32849940599973,-1.28629343999159,1.20936272186878,-1.26286101868257,-0.614894493628771,-0.573833005358096,2.59397330965399,2.53537997340692,1.41474243812483
0,0,1.97852556956767,-1.30811192756897,0.469323281677592,1.55838986135719,-0.188690710103128,-1.32849940599973,-1.28629343999159,2.27346787535363,-1.26286101868257,-0.614894493628771,-0.573833005358096,2.59397330965399,2.53537997340692,1.41474243812483
0,0,1.78804651039676,-1.30811192756897,0.469323281677592,1.55838986135719,-0.188690710103128,-1.32849940599973,-1.28629343999159,1.99179298178411,-1.26286101868257,-0.614894493628771,-0.573833005358096,2.59397330965399,2.53537997340692,1.41474243812483
0,0,0.645172155371251,-1.30811192756897,0.469323281677592,-0.641448069582378,-0.188690710103128,-1.32849940599973,-1.28629343999159,0.520824093143282,-1.26286101868257,-0.614894493628771,-0.573833005358096,2.59397330965399,2.53537997340692,1.41474243812483
0,0,1.02613027371309,-1.30811192756897,0.469323281677592,-0.641448069582378,-0.188690710103128,-1.32849940599973,-1.28629343999159,0.969417442161407,-1.26286101868257,-0.614894493628771,-0.573833005358096,2.59397330965399,2.53537997340692,1.41474243812483
0,0,1.02613027371309,-0.980624851645057,0.469323281677592,1.55838986135719,-0.188690710103128,-1.32849940599973,-1.28629343999159,0.969417442161407,-1.02214390138686,-0.614894493628771,-0.573833005358096,2.59397330965399,2.53537997340692,1.41474243812483
0,0,1.12136980329854,-0.980624851645057,0.469323281677592,-0.641448069582378,5.29769678474325,-1.32849940599973,-1.28629343999159,1.0880860315819,-1.02214390138686,-0.614894493628771,-0.573833005358096,2.59397330965399,2.53537997340692,1.41474243812483
0,0,1.31184886246946,-0.980624851645057,0.469323281677592,-0.641448069582378,-0.188690710103128,-1.32849940599973,-1.28629343999159,1.33324751302204,-1.02214390138686,-0.614894493628771,-0.573833005358096,2.59397330965399,2.53537997340692,1.41474243812483
0,0,1.12136980329854,-0.980624851645057,0.469323281677592,-0.641448069582378,5.29769678474325,-1.32849940599973,-1.28629343999159,1.0880860315819,-1.02214390138686,-0.614894493628771,-0.573833005358096,2.59397330965399,2.53537997340692,1.41474243812483
0,0,1.02613027371309,-0.980624851645057,0.469323281677592,1.55838986135719,-0.188690710103128,-1.32849940599973,-1.28629343999159,0.969417442161407,-1.02214390138686,-0.614894493628771,-0.573833005358096,2.59397330965399,2.53537997340692,1.41474243812483
0,0,1.88328603998221,-0.980624851645057,0.469323281677592,-0.641448069582378,-0.188690710103128,-1.32849940599973,-1.28629343999159,2.13132637813568,-1.02214390138686,-0.614894493628771,-0.573833005358096,2.59397330965399,2.53537997340692,1.41474243812483
218.703536987305,0,-1.069139377167,-0.980624851645057,-2.12993091808961,1.55838986135719,-0.188690710103128,-1.32849940599973,-1.28629343999159,-0.981442005894162,-1.02214390138686,-0.614894493628771,-0.573833005358096,2.59397330965399,2.53537997340692,1.41474243812483
0,0,0.549932625785793,-0.653137775721146,0.469323281677592,-0.641448069582378,5.29769678474325,-1.32849940599973,-1.28629343999159,0.415196008054711,-0.75310712323283,-0.614894493628771,-0.573833005358096,2.59397330965399,2.53537997340692,1.41474243812483
0,0,1.88328603998221,-0.653137775721146,0.469323281677592,1.55838986135719,-0.188690710103128,-1.32849940599973,-1.28629343999159,2.13132637813568,-0.75310712323283,-0.614894493628771,-0.573833005358096,2.59397330965399,2.53537997340692,1.41474243812483
0,0,1.88328603998221,-0.653137775721146,0.469323281677592,1.55838986135719,-0.188690710103128,-1.32849940599973,-1.28629343999159,2.13132637813568,-0.75310712323283,-0.614894493628771,-0.573833005358096,2.59397330965399,2.53537997340692,1.41474243812483
3694.31640625,0,-0.878660317996087,-0.325650699797235,-2.12993091808961,1.55838986135719,-0.188690710103128,-1.32849940599973,-1.28629343999159,-0.856253164307709,-0.455750684220478,-0.614894493628771,-0.573833005358096,2.59397330965399,2.53537997340692,1.41474243812483
14481.7197265625,0,0.645172155371251,-0.325650699797235,0.469323281677592,-0.641448069582378,-0.188690710103128,-1.32849940599973,-1.28629343999159,0.520824093143282,-0.455750684220478,-0.614894493628771,-0.573833005358096,2.59397330965399,2.53537997340692,1.41474243812483
0,0,-1.069139377167,-0.325650699797235,-2.12993091808961,1.55838986135719,-0.188690710103128,-1.32849940599973,-1.28629343999159,-0.981442005894162,-0.455750684220478,-0.614894493628771,-0.573833005358096,2.59397330965399,2.53537997340692,1.41474243812483
0,0,-1.069139377167,-0.325650699797235,-2.12993091808961,1.55838986135719,-0.188690710103128,-1.32849940599973,-1.28629343999159,-0.981442005894162,-0.455750684220478,-0.614894493628771,-0.573833005358096,2.59397330965399,2.53537997340692,1.41474243812483
0,0,1.02613027371309,-0.980624851645057,0.469323281677592,-0.641448069582378,-0.188690710103128,-1.32849940599973,-1.28629343999159,0.969417442161407,-1.02214390138686,-0.614894493628771,-0.573833005358096,2.59397330965399,2.53537997340692,1.41474243812483
0,0,0.549932625785793,-1.30811192756897,0.469323281677592,-0.641448069582378,-0.188690710103128,-1.32849940599973,-1.28629343999159,0.415196008054711,-1.26286101868257,-0.614894493628771,-0.573833005358096,2.59397330965399,2.53537997340692,1.41474243812483
0,0,0.264214037029417,-0.653137775721146,0.469323281677592,-0.641448069582378,-0.188690710103128,-1.32849940599973,-1.28629343999159,0.113960357987307,-0.75310712323283,-0.614894493628771,-0.573833005358096,2.59397330965399,2.53537997340692,1.41474243812483
11821.8134765625,0,1.31184886246946,-0.325650699797235,0.469323281677592,-0.641448069582378,-0.188690710103128,-1.32849940599973,-1.28629343999159,1.33324751302204,-0.455750684220478,-0.614894493628771,-0.573833005358096,2.59397330965399,2.53537997340692,1.41474243812483
0,0,0.168974507443958,-0.980624851645057,0.469323281677592,-0.641448069582378,-0.188690710103128,-1.32849940599973,-1.28629343999159,0.0187646763642747,-1.02214390138686,-0.614894493628771,-0.573833005358096,2.59397330965399,2.53537997340692,1.41474243812483
8866.359375,0,0.549932625785793,-1.63559900349288,0.469323281677592,-0.641448069582378,-0.188690710103128,-1.32849940599973,-1.28629343999159,0.415196008054711,-1.47525847511997,-0.614894493628771,-0.573833005358096,2.59397330965399,2.53537997340692,1.41474243812483
8866.359375,0,0.549932625785793,-1.63559900349288,0.469323281677592,-0.641448069582378,-0.188690710103128,-1.32849940599973,-1.28629343999159,0.415196008054711,-1.47525847511997,-0.614894493628771,-0.573833005358096,2.59397330965399,2.53537997340692,1.41474243812483
0,0,0.359453566614875,-0.325650699797235,0.469323281677592,-0.641448069582378,-0.188690710103128,-1.32849940599973,-1.28629343999159,0.211764140476724,-0.455750684220478,-0.614894493628771,-0.573833005358096,2.59397330965399,2.53537997340692,1.41474243812483
0,0,1.6928069808113,-0.653137775721146,0.469323281677592,1.55838986135719,-0.188690710103128,-1.32849940599973,-1.28629343999159,1.85486768629893,-0.75310712323283,-0.614894493628771,-0.573833005358096,2.59397330965399,2.53537997340692,1.41474243812483
0,0,0.835651214542169,-0.980624851645057,0.469323281677592,1.55838986135719,-0.188690710103128,-1.32849940599973,-1.28629343999159,0.739904565919575,-1.02214390138686,-0.614894493628771,-0.573833005358096,2.59397330965399,2.53537997340692,1.41474243812483
0,0,1.88328603998221,-2.61806023126461,0.469323281677592,1.55838986135719,-0.188690710103128,-1.32849940599973,-1.28629343999159,2.13132637813568,-1.94253287928223,-0.614894493628771,-0.573833005358096,2.59397330965399,2.53537997340692,1.41474243812483
0,0,0.549932625785793,-1.30811192756897,0.469323281677592,-0.641448069582378,-0.188690710103128,-1.32849940599973,-1.28629343999159,0.415196008054711,-1.26286101868257,-0.614894493628771,-0.573833005358096,2.59397330965399,2.53537997340692,1.41474243812483
10344.0859375,0,1.50232792164038,-0.325650699797235,0.469323281677592,-0.641448069582378,-0.188690710103128,-1.32849940599973,-1.28629343999159,1.58884139792771,-0.455750684220478,-0.614894493628771,-0.573833005358096,2.59397330965399,2.53537997340692,1.41474243812483
0,0,-0.116744081312418,-0.325650699797235,0.469323281677592,-0.641448069582378,-0.188690710103128,-1.32849940599973,-1.28629343999159,-0.251173763306516,-0.455750684220478,-0.614894493628771,-0.573833005358096,2.59397330965399,2.53537997340692,1.41474243812483
0,0,-0.116744081312418,-0.325650699797235,0.469323281677592,-0.641448069582378,-0.188690710103128,-1.32849940599973,-1.28629343999159,-0.251173763306516,-0.455750684220478,-0.614894493628771,-0.573833005358096,2.59397330965399,2.53537997340692,1.41474243812483
0,0,1.40708839205492,-2.61806023126461,0.469323281677592,1.55838986135719,-0.188690710103128,-1.32849940599973,-1.28629343999159,1.45974040504168,-1.94253287928223,-0.614894493628771,-0.573833005358096,2.59397330965399,2.53537997340692,1.41474243812483
7093.08740234375,0,0.645172155371251,-1.30811192756897,0.469323281677592,-0.641448069582378,-0.188690710103128,-1.32849940599973,-1.28629343999159,0.520824093143282,-1.26286101868257,-0.614894493628771,-0.573833005358096,2.59397330965399,2.53537997340692,1.41474243812483
0,0,1.78804651039676,-0.980624851645057,0.469323281677592,-0.641448069582378,-0.188690710103128,-1.32849940599973,-1.28629343999159,1.99179298178411,-1.02214390138686,-0.614894493628771,-0.573833005358096,2.59397330965399,2.53537997340692,1.41474243812483
0,0,1.31184886246946,-0.325650699797235,-2.12993091808961,-0.641448069582378,-0.188690710103128,-1.32849940599973,-1.28629343999159,1.33324751302204,-0.455750684220478,-0.614894493628771,-0.573833005358096,2.59397330965399,2.53537997340692,1.41474243812483
0,0,-0.307223140483335,-0.980624851645057,0.469323281677592,-0.641448069582378,-0.188690710103128,-1.32849940599973,-1.28629343999159,-0.418092218755121,-1.02214390138686,-0.614894493628771,-0.573833005358096,2.59397330965399,2.53537997340692,1.41474243812483
0,0,0.74041168495671,-1.30811192756897,0.469323281677592,-0.641448069582378,-0.188690710103128,-1.32849940599973,-1.28629343999159,0.629060279098236,-1.26286101868257,-0.614894493628771,-0.573833005358096,2.59397330965399,2.53537997340692,1.41474243812483
0,0,1.88328603998221,-0.653137775721146,0.469323281677592,-0.641448069582378,-0.188690710103128,-1.32849940599973,-1.28629343999159,2.13132637813568,-0.75310712323283,-0.614894493628771,-0.573833005358096,2.59397330965399,2.53537997340692,1.41474243812483
0,0,1.50232792164038,-0.653137775721146,0.469323281677592,-0.641448069582378,-0.188690710103128,-1.32849940599973,-1.28629343999159,1.58884139792771,-0.75310712323283,-0.614894493628771,-0.573833005358096,2.59397330965399,2.53537997340692,1.41474243812483
0,0,1.31184886246946,-1.96308607941679,0.469323281677592,-0.641448069582378,5.29769678474325,-1.32849940599973,-1.28629343999159,1.33324751302204,-1.65933627069904,-0.614894493628771,-0.573833005358096,2.59397330965399,2.53537997340692,1.41474243812483
16846.08203125,0,-1.16437890675246,-0.980624851645057,0.469323281677592,-0.641448069582378,-0.188690710103128,-1.32849940599973,-1.28629343999159,-1.04012427538781,-1.02214390138686,-0.614894493628771,-0.573833005358096,2.59397330965399,2.53537997340692,1.41474243812483
0,0,0.645172155371251,-1.30811192756897,0.469323281677592,-0.641448069582378,-0.188690710103128,-1.32849940599973,-1.28629343999159,0.520824093143282,-1.26286101868257,-0.614894493628771,-0.573833005358096,2.59397330965399,2.53537997340692,1.41474243812483
0,0,0.645172155371251,-1.30811192756897,0.469323281677592,-0.641448069582378,-0.188690710103128,-1.32849940599973,-1.28629343999159,0.520824093143282,-1.26286101868257,-0.614894493628771,-0.573833005358096,2.59397330965399,2.53537997340692,1.41474243812483
4063.748046875,0,1.02613027371309,-0.980624851645057,0.469323281677592,-0.641448069582378,-0.188690710103128,-1.32849940599973,-1.2637173132952,0.969417442161407,-1.02214390138686,-0.614894493628771,-0.573722812229695,2.59397330965399,-0.3942707518041,1.41474243812483
2305.25341796875,0,-1.25961843633792,-1.30811192756897,-2.12993091808961,1.55838986135719,-0.188690710103128,-1.32849940599973,-1.22179022023075,-1.09619844401508,-1.26286101868257,-0.614894493628771,-0.572933469598521,2.59397330965399,-0.3942707518041,1.41474243812483
5615.36083984375,0,-1.25961843633792,-0.325650699797235,-2.12993091808961,1.55838986135719,-0.188690710103128,-1.32849940599973,-0.57675802702044,-1.09619844401508,-0.455750684220478,-0.614894493628771,-0.464989179798897,2.59397330965399,-0.3942707518041,1.41474243812483
1152.62670898438,0,0.264214037029417,-0.980624851645057,-2.12993091808961,-0.641448069582378,-0.188690710103128,-1.25996487620991,-1.03086070328467,0.113960357987307,-1.02214390138686,-0.613849780392378,-0.559726846886893,-0.385364862662207,-0.3942707518041,1.41474243812483
2955.453125,0,0.359453566614875,-3.27303438311243,-2.12993091808961,-0.641448069582378,-0.188690710103128,-1.2499702612668,-0.834770923655985,0.211764140476724,-2.11245084443215,-0.613522854210635,-0.529755757432277,-0.385364862662207,-0.3942707518041,1.41474243812483
9309.677734375,0,-1.35485796592338,-0.653137775721146,-2.12993091808961,-0.641448069582378,-0.188690710103128,-1.22783931578792,-1.03240878164965,-1.14966451177596,-0.75310712323283,-0.612640810503702,-0.559897312622146,-0.385364862662207,-0.3942707518041,1.41474243812483
16059.931640625,0,-0.307223140483335,-1.96308607941679,-2.12993091808961,1.55838986135719,-0.188690710103128,-1.22569760909105,-1.24630144488336,-0.418092218755121,-1.65933627069904,-0.612543888745185,-0.573487223831889,-0.385364862662207,-0.3942707518041,1.41474243812483
0,0,-1.069139377167,-0.653137775721146,-2.12993091808961,1.55838986135719,-0.188690710103128,-1.22141420459311,-0.899274130222672,-0.981442005894162,-0.75310712323283,-0.612343924270197,-0.54144971948541,-0.385364862662207,-0.3942707518041,1.41474243812483
0,0,-1.45009749550884,-0.325650699797235,-2.12993091808961,1.55838986135719,-0.188690710103128,-1.21427518820073,-1.28629343999159,-1.20052247867046,-0.455750684220478,-0.611992512341234,-0.573833005358096,-0.385364862662207,2.53537997340692,1.41474243812483
2955.453125,0,-1.35485796592338,-0.325650699797235,0.469323281677592,-0.641448069582378,-0.188690710103128,-1.21427518820073,-1.05408186116712,-1.14966451177596,-0.455750684220478,-0.611992512341234,-0.56217502315049,-0.385364862662207,-0.3942707518041,1.41474243812483
5910.90625,0,0.0737349778584993,-0.980624851645057,-2.12993091808961,1.55838986135719,-0.188690710103128,-1.21427518820073,-0.899274130222672,-0.0738229043923733,-1.02214390138686,-0.611992512341234,-0.54144971948541,-0.385364862662207,-0.3942707518041,1.41474243812483
8275.2685546875,0,-1.25961843633792,-0.653137775721146,-2.12993091808961,1.55838986135719,-0.188690710103128,-1.21427518820073,-0.699314154681544,-1.09619844401508,-0.75310712323283,-0.611992512341234,-0.499342452791403,-0.385364862662207,-0.3942707518041,1.41474243812483
7388.6328125,0,0.645172155371251,-1.30811192756897,0.469323281677592,1.55838986135719,-0.188690710103128,-1.20342388613098,-0.682543299863566,0.520824093143282,-1.26286101868257,-0.611414945438764,-0.495025036449387,-0.385364862662207,-0.3942707518041,1.41474243812483
7388.6328125,0,0.645172155371251,-1.30811192756897,0.469323281677592,1.55838986135719,-0.188690710103128,-1.20342388613098,-0.682543299863566,0.520824093143282,-1.26286101868257,-0.611414945438764,-0.495025036449387,-0.385364862662207,-0.3942707518041,1.41474243812483
1018.15362548828,0,-1.35485796592338,-1.30811192756897,-2.12993091808961,1.55838986135719,-0.188690710103128,-1.19143034642009,-1.02312031145979,-1.14966451177596,-1.26286101868257,-0.610715640683201,-0.558858974210797,-0.385364862662207,-0.3942707518041,1.41474243812483
16809.140625,0,-0.402462670068794,-0.980624851645057,-2.12993091808961,1.55838986135719,-0.188690710103128,-1.18571913152704,-1.27455385415345,-0.497639295179847,-1.02214390138686,-0.61036014772574,-0.5738032091364,-0.385364862662207,-0.3942707518041,1.41474243812483
0,0,-0.497702199654253,-0.653137775721146,-2.12993091808961,1.55838986135719,-0.188690710103128,-1.18000792552977,-1.09278378510713,-0.574578270738188,-0.75310712323283,-0.609990145429119,-0.565737183889925,-0.385364862662207,-0.3942707518041,1.41474243812483
879.247314453125,0,-1.16437890675246,-0.325650699797235,-2.12993091808961,1.55838986135719,-0.188690710103128,-1.15716308374913,-1.28629343999159,-1.04012427538781,-0.455750684220478,-0.608365036070823,-0.573833005358096,-0.385364862662207,2.53537997340692,1.41474243812483
11437.603515625,0,-0.878660317996087,-0.653137775721146,-2.12993091808961,1.55838986135719,-0.188690710103128,-1.12161079706005,-0.899274130222672,-0.856253164307709,-0.75310712323283,-0.605374177243669,-0.54144971948541,-0.385364862662207,-0.3942707518041,1.41474243812483
1226.51306152344,0,-1.35485796592338,-1.30811192756897,-2.12993091808961,1.55838986135719,-0.188690710103128,-1.11432900318648,-1.15380383294482,-1.14966451177596,-1.26286101868257,-0.604692216194477,-0.570037939912777,-0.385364862662207,-0.3942707518041,1.41474243812483
10344.0859375,0,-1.35485796592338,-0.653137775721146,-2.12993091808961,-0.641448069582378,-0.188690710103128,-1.11432900318648,-0.641261233587127,-1.14966451177596,-0.75310712323283,-0.604692216194477,-0.483879426947293,-0.385364862662207,-0.3942707518041,1.41474243812483
1034.40856933594,0,0.549932625785793,-2.61806023126461,-2.12993091808961,1.55838986135719,-0.188690710103128,-1.11261563782899,-1.14696649269691,0.415196008054711,-1.94253287928223,-0.60452832660474,-0.569636131763358,-0.385364862662207,-0.3942707518041,1.41474243812483
13299.5390625,0,-1.16437890675246,-0.980624851645057,-2.12993091808961,1.55838986135719,-0.188690710103128,-1.10005097040174,-0.973194828169798,-1.04012427538781,-1.02214390138686,-0.603286568478624,-0.55263876136108,-0.385364862662207,-0.3942707518041,1.41474243812483
7447.74169921875,0,-0.973899847581546,-0.653137775721146,-2.12993091808961,1.55838986135719,-0.188690710103128,-1.09876595527941,-1.0050594030658,-0.920151635534128,-0.75310712323283,-0.603155612787558,-0.556733190532637,-0.385364862662207,-0.3942707518041,1.41474243812483
14777.265625,0,-1.45009749550884,-0.325650699797235,-2.12993091808961,-0.641448069582378,-0.188690710103128,-1.09376863668811,-0.38324840732038,-1.20052247867046,-0.455750684220478,-0.602639353920838,-0.39752401365482,-0.385364862662207,-0.3942707518041,1.41474243812483
0,0,-1.45009749550884,-1.96308607941679,-2.12993091808961,1.55838986135719,-0.188690710103128,-1.07149492262383,-1.28629343999159,-1.20052247867046,-1.65933627069904,-0.600203214123388,-0.573833005358096,-0.385364862662207,2.53537997340692,1.41474243812483
8127.49609375,0,-1.069139377167,-0.325650699797235,-2.12993091808961,-0.641448069582378,5.29769678474325,-1.07149492262383,-1.09278378510713,-0.981442005894162,-0.455750684220478,-0.600203214123388,-0.565737183889925,-0.385364862662207,-0.3942707518041,1.41474243812483
13299.5390625,0,-1.35485796592338,-0.325650699797235,-2.12993091808961,-0.641448069582378,-0.188690710103128,-1.04836450808922,-0.57675802702044,-1.14966451177596,-0.455750684220478,-0.597439783073808,-0.464989179798897,-0.385364862662207,-0.3942707518041,1.41474243812483
0,0,0.835651214542169,-0.653137775721146,0.469323281677592,1.55838986135719,-0.188690710103128,-1.04293885705434,-1.13148570904714,0.739904565919575,-0.75310712323283,-0.59675711001665,-0.568651679147426,-0.385364862662207,-0.3942707518041,1.41474243812483
4433.1796875,0,-0.402462670068794,-1.96308607941679,0.469323281677592,1.55838986135719,-0.188690710103128,-1.04293885705434,-1.04118121985378,-0.497639295179847,-1.65933627069904,-0.59675711001665,-0.560843710574693,-0.385364862662207,-0.3942707518041,1.41474243812483
7802.396484375,0,0.0737349778584993,-0.653137775721146,0.469323281677592,1.55838986135719,-0.188690710103128,-1.04293885705434,-1.01279979489068,-0.0738229043923733,-0.75310712323283,-0.59675711001665,-0.55766151207733,-0.385364862662207,-0.3942707518041,1.41474243812483
7802.396484375,0,0.0737349778584993,-0.653137775721146,0.469323281677592,1.55838986135719,-0.188690710103128,-1.04293885705434,-1.01279979489068,-0.0738229043923733,-0.75310712323283,-0.59675711001665,-0.55766151207733,-0.385364862662207,-0.3942707518041,1.41474243812483
7802.396484375,0,0.0737349778584993,-0.653137775721146,0.469323281677592,1.55838986135719,-0.188690710103128,-1.04293885705434,-1.01279979489068,-0.0738229043923733,-0.75310712323283,-0.59675711001665,-0.55766151207733,-0.385364862662207,-0.3942707518041,1.41474243812483
2955.453125,0,0.930890744127627,-0.325650699797235,0.469323281677592,1.55838986135719,-0.188690710103128,-1.04293885705434,-0.899274130222672,0.853356953607299,-0.455750684220478,-0.59675711001665,-0.54144971948541,-0.385364862662207,-0.3942707518041,1.41474243812483
6649.76953125,0,-1.069139377167,-0.653137775721146,-2.12993091808961,1.55838986135719,-0.188690710103128,-1.04293885705434,-0.770267681904899,-0.981442005894162,-0.75310712323283,-0.59675711001665,-0.516262716745318,-0.385364862662207,-0.3942707518041,1.41474243812483
5910.90625,0,0.645172155371251,-1.30811192756897,0.469323281677592,1.55838986135719,-0.188690710103128,-1.04293885705434,-0.481293253154224,0.520824093143282,-1.26286101868257,-0.59675711001665,-0.433729949520392,-0.385364862662207,-0.3942707518041,1.41474243812483
0,0,-0.878660317996087,-0.325650699797235,-2.12993091808961,1.55838986135719,-0.188690710103128,-1.03294423766334,-0.447751613887066,-0.856253164307709,-0.455750684220478,-0.595465274845485,-0.421811473152661,-0.385364862662207,-0.3942707518041,1.41474243812483
8570.814453125,0,-1.45009749550884,-0.325650699797235,-2.12993091808961,-0.641448069582378,-0.188690710103128,-1.0286608242696,-0.950876695476021,-1.20052247867046,-0.455750684220478,-0.594898027484486,-0.54950955816405,-0.385364862662207,-0.3942707518041,1.41474243812483
8127.49609375,0,-1.069139377167,-1.96308607941679,0.469323281677592,-0.641448069582378,-0.188690710103128,-1.0286608242696,-0.770267681904899,-0.981442005894162,-1.65933627069904,-0.594898027484486,-0.516262716745318,-0.385364862662207,-0.3942707518041,1.41474243812483
11245.4990234375,0,0.359453566614875,-0.980624851645057,0.469323281677592,1.55838986135719,-0.188690710103128,-1.02037958802767,-0.71402088155662,0.211764140476724,-1.02214390138686,-0.593778209960332,-0.503028403030949,-0.385364862662207,-0.3942707518041,1.41474243812483
6383.77880859375,0,1.50232792164038,-0.980624851645057,0.469323281677592,1.55838986135719,-0.188690710103128,-1.01266942612735,-0.748078605586102,1.58884139792771,-1.02214390138686,-0.592708191258877,-0.511205231740334,-0.385364862662207,-0.3942707518041,1.41474243812483
2364.36254882812,0,-1.5453370250943,-0.325650699797235,-2.12993091808961,-0.641448069582378,-0.188690710103128,-1.01138441100503,1.03904756135806,-1.24877234469857,-0.455750684220478,-0.59252728548965,0.595205845206978,-0.385364862662207,-0.3942707518041,1.41474243812483
14570.3837890625,0,-1.16437890675246,-0.325650699797235,0.469323281677592,1.55838986135719,-0.188690710103128,-1.00424539461265,-0.840447187537966,-1.04012427538781,-0.455750684220478,-0.591508870997764,-0.530857015678186,-0.385364862662207,-0.3942707518041,1.41474243812483
2364.36254882812,0,-1.45009749550884,-0.653137775721146,-2.12993091808961,1.55838986135719,-0.188690710103128,-0.985826761498533,-1.03860107751735,-1.20052247867046,-0.75310712323283,-0.588776663396979,-0.560568811012445,-0.385364862662207,-0.3942707518041,1.41474243812483
4947.4287109375,0,-0.878660317996087,-0.653137775721146,0.469323281677592,1.55838986135719,-0.188690710103128,-0.985826761498533,-0.977710042074146,-0.856253164307709,-0.75310712323283,-0.588776663396979,-0.553245640591997,-0.385364862662207,-0.3942707518041,1.41474243812483
10639.630859375,0,-1.45009749550884,-0.980624851645057,0.469323281677592,-0.641448069582378,-0.188690710103128,-0.974404313920833,-0.847671564969322,-1.20052247867046,-1.02214390138686,-0.587006450793185,-0.532238475505555,-0.385364862662207,-0.3942707518041,1.41474243812483
8127.49609375,0,-0.973899847581546,-1.30811192756897,0.469323281677592,1.55838986135719,-0.188690710103128,-0.971548728713788,-0.899274130222672,-0.920151635534128,-1.26286101868257,-0.586554833147373,-0.54144971948541,-0.385364862662207,-0.3942707518041,1.41474243812483
14777.265625,0,-1.45009749550884,-0.653137775721146,-2.12993091808961,-0.641448069582378,-0.188690710103128,-0.957270695929042,-0.976677978102696,-1.20052247867046,-0.75310712323283,-0.584242315911903,-0.553107700515414,-0.385364862662207,-0.3942707518041,1.41474243812483
0,0,0.930890744127627,-0.325650699797235,-2.12993091808961,1.55838986135719,-0.188690710103128,-0.951559489931779,-0.834770923655985,0.853356953607299,-0.455750684220478,-0.583291917854989,-0.529755757432277,-0.385364862662207,-0.3942707518041,1.41474243812483
13299.5390625,0,-1.35485796592338,-0.980624851645057,0.469323281677592,-0.641448069582378,-0.188690710103128,-0.935853646751924,-0.641261233587127,-1.14966451177596,-1.02214390138686,-0.580603501960206,-0.483879426947293,-0.385364862662207,-0.3942707518041,1.41474243812483
1329.95385742188,0,-0.973899847581546,-0.325650699797235,0.469323281677592,1.55838986135719,-0.188690710103128,-0.932998061544879,-1.28629343999159,-0.920151635534128,-0.455750684220478,-0.58010291373528,-0.573833005358096,-0.385364862662207,2.53537997340692,1.41474243812483
11348.9404296875,0,-1.45009749550884,-0.325650699797235,0.469323281677592,1.55838986135719,-0.188690710103128,-0.928714665942725,-0.739306149789769,-1.20052247867046,-0.455750684220478,-0.579345226811561,-0.509147032235031,-0.385364862662207,-0.3942707518041,1.41474243812483
8866.359375,0,-1.16437890675246,-0.325650699797235,-2.12993091808961,1.55838986135719,-0.188690710103128,-0.928714665942725,-0.318745200753693,-1.04012427538781,-0.455750684220478,-0.579345226811561,-0.371437483373831,-0.385364862662207,-0.3942707518041,1.41474243812483
0,0,-0.402462670068794,-1.96308607941679,0.469323281677592,1.55838986135719,-0.188690710103128,-0.914436633157979,-1.28629343999159,-0.497639295179847,-1.65933627069904,-0.57676064884451,-0.573833005358096,-0.385364862662207,2.53537997340692,1.41474243812483
7240.8603515625,0,-1.35485796592338,-1.30811192756897,-2.12993091808961,-0.641448069582378,-0.188690710103128,-0.914436633157979,-1.02802255375148,-1.14966451177596,-1.26286101868257,-0.57676064884451,-0.559411634302599,-0.385364862662207,-0.3942707518041,1.41474243812483
7093.08740234375,0,-0.783420788410629,-1.30811192756897,0.469323281677592,1.55838986135719,-0.188690710103128,-0.914436633157979,-0.976677978102696,-0.789746592214905,-1.26286101868257,-0.57676064884451,-0.553107700515414,-0.385364862662207,-0.3942707518041,1.41474243812483
7873.3271484375,0,1.12136980329854,-1.96308607941679,-2.12993091808961,1.55838986135719,-0.188690710103128,-0.903014185580279,-0.58888461155909,1.0880860315819,-1.65933627069904,-0.574627687800051,-0.468677860220232,-0.385364862662207,-0.3942707518041,1.41474243812483
8866.359375,0,-0.878660317996087,-1.30811192756897,0.469323281677592,-0.641448069582378,-0.188690710103128,-0.900158600373234,-1.28629343999159,-0.856253164307709,-1.26286101868257,-0.574085383891597,-0.573833005358096,-0.385364862662207,2.53537997340692,1.41474243812483
13299.5390625,0,-0.973899847581546,-0.980624851645057,-2.12993091808961,1.55838986135719,-0.188690710103128,-0.900158600373234,-0.899274130222672,-0.920151635534128,-1.02214390138686,-0.574085383891597,-0.54144971948541,-0.385364862662207,-0.3942707518041,1.41474243812483
22165.8984375,0,0.549932625785793,-2.2905731553407,0.469323281677592,1.55838986135719,-0.188690710103128,-0.900158600373234,-0.899274130222672,0.415196008054711,-1.8150944054198,-0.574085383891597,-0.54144971948541,-0.385364862662207,-0.3942707518041,1.41474243812483
12560.67578125,0,-0.878660317996087,-0.980624851645057,0.469323281677592,1.55838986135719,-0.188690710103128,-0.900158600373234,-0.834770923655985,-0.856253164307709,-1.02214390138686,-0.574085383891597,-0.529755757432277,-0.385364862662207,-0.3942707518041,1.41474243812483
295.545318603516,0,0.835651214542169,-1.63559900349288,0.469323281677592,1.55838986135719,-0.188690710103128,-0.900158600373234,-0.795165921750704,0.739904565919575,-1.47525847511997,-0.574085383891597,-0.521684221733175,-0.385364862662207,-0.3942707518041,1.41474243812483
9457.4501953125,0,-1.5453370250943,-0.325650699797235,-2.12993091808961,1.55838986135719,-0.188690710103128,-0.900158600373234,-0.786780529526114,-1.24877234469857,-0.455750684220478,-0.574085383891597,-0.519888268287035,-0.385364862662207,-0.3942707518041,1.41474243812483
1477.7265625,0,-0.592941729239711,-1.63559900349288,0.469323281677592,1.55838986135719,-0.188690710103128,-0.900158600373234,-0.699572161878307,-0.648909145430145,-1.47525847511997,-0.574085383891597,-0.499407923158925,-0.385364862662207,-0.3942707518041,1.41474243812483
857.081420898438,0,-1.16437890675246,-1.30811192756897,0.469323281677592,1.55838986135719,-0.188690710103128,-0.900158600373234,-0.419370188923965,-1.04012427538781,-1.26286101868257,-0.574085383891597,-0.411346631218439,-0.385364862662207,-0.3942707518041,1.41474243812483
14777.265625,0,-0.0215045517269594,-1.63559900349288,0.469323281677592,1.55838986135719,-0.188690710103128,-0.900158600373234,-0.38324840732038,-0.163802384282637,-1.47525847511997,-0.574085383891597,-0.39752401365482,-0.385364862662207,-0.3942707518041,1.41474243812483
12117.3583984375,0,-0.878660317996087,-0.980624851645057,-2.12993091808961,-0.641448069582378,-0.188690710103128,-0.900158600373234,-0.318745200753693,-0.856253164307709,-1.02214390138686,-0.574085383891597,-0.371437483373831,-0.385364862662207,-0.3942707518041,1.41474243812483
10196.3134765625,0,-0.307223140483335,-0.980624851645057,0.469323281677592,1.55838986135719,-0.188690710103128,-0.889450057993089,-0.881213239420879,-0.418092218755121,-1.02214390138686,-0.572019418367588,-0.538356757678031,-0.385364862662207,-0.3942707518041,1.41474243812483
7388.6328125,0,-0.68818125882517,-1.30811192756897,-2.12993091808961,1.55838986135719,-0.188690710103128,-0.871602534803743,-0.80896964102931,-0.720631919255717,-1.26286101868257,-0.568462793028183,-0.524574432791742,-0.385364862662207,-0.3942707518041,1.41474243812483
2216.58984375,0,-1.16437890675246,-0.325650699797235,0.469323281677592,-0.641448069582378,-0.188690710103128,-0.859037867376494,-0.867022526939328,-1.04012427538781,-0.455750684220478,-0.565873934797039,-0.535827622306737,-0.385364862662207,-0.3942707518041,1.41474243812483
12560.67578125,0,1.40708839205492,-2.2905731553407,-2.12993091808961,1.55838986135719,-0.188690710103128,-0.848757675231516,-0.873472847595997,1.45974040504168,-1.8150944054198,-0.563703540299403,-0.536988023158135,-0.385364862662207,-0.3942707518041,1.41474243812483
1182.18127441406,0,-1.35485796592338,-0.325650699797235,0.469323281677592,-0.641448069582378,-0.188690710103128,-0.843046469234253,-0.899274130222672,-1.14966451177596,-0.455750684220478,-0.562477454221318,-0.54144971948541,-0.385364862662207,-0.3942707518041,1.41474243812483
9169.29296875,0,-0.116744081312418,-1.30811192756897,0.469323281677592,1.55838986135719,-0.188690710103128,-0.843046469234253,-0.668094615369651,-0.251173763306516,-1.26286101868257,-0.562477454221318,-0.491207905832359,-0.385364862662207,-0.3942707518041,1.41474243812483
7388.6328125,0,-1.16437890675246,-0.325650699797235,0.469323281677592,-0.641448069582378,-0.188690710103128,-0.832766312672447,-1.15728700046992,-1.04012427538781,-0.455750684220478,-0.560233937517971,-0.570234862319797,-0.385364862662207,-0.3942707518041,1.41474243812483
1994.93090820312,0,-0.783420788410629,-1.30811192756897,0.469323281677592,1.55838986135719,-0.188690710103128,-0.82876847203268,-1.02828056094824,-0.789746592214905,-1.26286101868257,-0.559348762249323,-0.559440433204901,-0.385364862662207,-0.3942707518041,1.41474243812483
9457.4501953125,0,-1.35485796592338,-0.653137775721146,0.469323281677592,1.55838986135719,-0.188690710103128,-0.82876847203268,-0.794004871773072,-1.14966451177596,-0.75310712323283,-0.559348762249323,-0.521437365630504,-0.385364862662207,-0.3942707518041,1.41474243812483
9408.685546875,0,1.02613027371309,-1.30811192756897,0.469323281677592,1.55838986135719,-0.188690710103128,-0.82876847203268,-0.599076124529818,0.969417442161407,-1.26286101868257,-0.559348762249323,-0.471728752224041,-0.385364862662207,-0.3942707518041,1.41474243812483
0,0,-0.116744081312418,-0.325650699797235,0.469323281677592,1.55838986135719,-0.188690710103128,-0.82876847203268,-0.447751613887066,-0.251173763306516,-0.455750684220478,-0.559348762249323,-0.421811473152661,-0.385364862662207,-0.3942707518041,1.41474243812483
9497.3486328125,0,0.645172155371251,-2.94554730718852,0.469323281677592,1.55838986135719,-0.188690710103128,-0.819059389812477,-1.05408186116712,0.520824093143282,-2.04165169228635,-0.557169441560976,-0.56217502315049,-0.385364862662207,-0.3942707518041,1.41474243812483
8866.359375,0,-0.878660317996087,-1.63559900349288,0.469323281677592,1.55838986135719,-0.188690710103128,-0.808779233250671,-0.512254890822551,-0.856253164307709,-1.47525847511997,-0.554816230239694,-0.444299885419385,-0.385364862662207,-0.3942707518041,1.41474243812483
7388.6328125,0,0.0737349778584993,-0.325650699797235,0.469323281677592,1.55838986135719,-0.188690710103128,-0.793930054957979,-0.669642658550228,-0.0738229043923733,-0.455750684220478,-0.551334135884269,-0.49162119382111,-0.385364862662207,-0.3942707518041,1.41474243812483
7388.6328125,0,0.0737349778584993,-0.325650699797235,0.469323281677592,1.55838986135719,-0.188690710103128,-0.793930054957979,-0.669642658550228,-0.0738229043923733,-0.455750684220478,-0.551334135884269,-0.49162119382111,-0.385364862662207,-0.3942707518041,1.41474243812483
5910.90625,0,0.645172155371251,-2.61806023126461,-2.12993091808961,1.55838986135719,-0.188690710103128,-0.782364883273844,-0.899274130222672,0.520824093143282,-1.94253287928223,-0.548554185692872,-0.54144971948541,-0.385364862662207,-0.3942707518041,1.41474243812483
4433.1796875,0,0.168974507443958,-1.96308607941679,-2.12993091808961,1.55838986135719,-0.188690710103128,-0.782364883273844,-0.749626683951078,0.0187646763642747,-1.65933627069904,-0.548554185692872,-0.511564988706043,-0.385364862662207,-0.3942707518041,1.41474243812483
11821.8134765625,0,0.645172155371251,-0.653137775721146,0.469323281677592,-0.641448069582378,5.29769678474325,-0.777367546890963,-0.628102620261425,0.520824093143282,-0.75310712323283,-0.547334553499219,-0.480171898299751,-0.385364862662207,-0.3942707518041,1.41474243812483
5910.90625,0,-0.497702199654253,-0.653137775721146,0.469323281677592,1.55838986135719,-0.188690710103128,-0.771656340893699,-0.700991254237101,-0.574578270738188,-0.75310712323283,-0.545927093765819,-0.499767509025446,-0.385364862662207,-0.3942707518041,1.41474243812483
0,0,0.74041168495671,-0.653137775721146,-2.12993091808961,1.55838986135719,-0.188690710103128,-0.757378308108954,-1.16244725875447,0.629060279098236,-0.75310712323283,-0.542344959180286,-0.570516956771683,-0.385364862662207,-0.3942707518041,1.41474243812483
3694.31640625,0,-1.16437890675246,-0.325650699797235,0.469323281677592,1.55838986135719,-0.188690710103128,-0.757378308108954,-0.925075412849346,-1.04012427538781,-0.455750684220478,-0.542344959180286,-0.545623564487382,-0.385364862662207,-0.3942707518041,1.41474243812483
7388.6328125,0,-0.68818125882517,-0.325650699797235,0.469323281677592,1.55838986135719,-0.188690710103128,-0.757378308108954,-0.899274130222672,-0.720631919255717,-0.455750684220478,-0.542344959180286,-0.54144971948541,-0.385364862662207,-0.3942707518041,1.41474243812483
14777.265625,0,0.74041168495671,-2.2905731553407,0.469323281677592,1.55838986135719,-0.188690710103128,-0.757378308108954,-0.770267681904899,0.629060279098236,-1.8150944054198,-0.542344959180286,-0.516262716745318,-0.385364862662207,-0.3942707518041,1.41474243812483
14777.265625,0,0.74041168495671,-2.2905731553407,0.469323281677592,1.55838986135719,-0.188690710103128,-0.757378308108954,-0.770267681904899,0.629060279098236,-1.8150944054198,-0.542344959180286,-0.516262716745318,-0.385364862662207,-0.3942707518041,1.41474243812483
8718.5869140625,0,-0.592941729239711,-0.980624851645057,0.469323281677592,1.55838986135719,-0.188690710103128,-0.757378308108954,-0.692863798840476,-0.648909145430145,-1.02214390138686,-0.542344959180286,-0.497696293702143,-0.385364862662207,-0.3942707518041,1.41474243812483
8866.359375,0,1.02613027371309,-0.980624851645057,0.469323281677592,1.55838986135719,-0.188690710103128,-0.757378308108954,-0.641261233587127,0.969417442161407,-1.02214390138686,-0.542344959180286,-0.483879426947293,-0.385364862662207,-0.3942707518041,1.41474243812483
9605.22265625,0,1.02613027371309,-1.96308607941679,0.469323281677592,1.55838986135719,-0.188690710103128,-0.757378308108954,-0.641261233587127,0.969417442161407,-1.65933627069904,-0.542344959180286,-0.483879426947293,-0.385364862662207,-0.3942707518041,1.41474243812483
12037.560546875,0,-0.0215045517269594,-0.980624851645057,0.469323281677592,1.55838986135719,-0.188690710103128,-0.757378308108954,-0.478455138805433,-0.163802384282637,-1.02214390138686,-0.542344959180286,-0.432740311404753,-0.385364862662207,-0.3942707518041,1.41474243812483
5910.90625,0,-0.68818125882517,-1.63559900349288,0.469323281677592,1.55838986135719,-0.188690710103128,-0.748811516904645,-0.770267681904899,-0.720631919255717,-1.47525847511997,-0.540152156016447,-0.516262716745318,-0.385364862662207,-0.3942707518041,1.41474243812483
8570.814453125,0,-1.25961843633792,-0.325650699797235,0.469323281677592,1.55838986135719,-0.188690710103128,-0.743100275324208,-0.936944025375632,-1.09619844401508,-0.455750684220478,-0.538672137608891,-0.547446876114794,-0.385364862662207,-0.3942707518041,1.41474243812483
8866.359375,0,0.549932625785793,-0.980624851645057,0.469323281677592,1.55838986135719,-0.188690710103128,-0.714544209754718,-0.812710798158971,0.415196008054711,-1.02214390138686,-0.531054433508513,-0.52534356214058,-0.385364862662207,-0.3942707518041,1.41474243812483
8689.0322265625,0,0.645172155371251,-2.2905731553407,0.469323281677592,1.55838986135719,-0.188690710103128,-0.714544209754718,-0.512254890822551,0.520824093143282,-1.8150944054198,-0.531054433508513,-0.444299885419385,-0.385364862662207,-0.3942707518041,1.41474243812483
23643.625,0,-0.497702199654253,-0.653137775721146,0.469323281677592,1.55838986135719,-0.188690710103128,-0.711688660130845,-0.686413513368206,-0.574578270738188,-0.75310712323283,-0.530272727583161,-0.49603216196161,-0.385364862662207,-0.3942707518041,1.41474243812483
51.7204284667969,0,-0.497702199654253,-0.653137775721146,0.469323281677592,1.55838986135719,-0.188690710103128,-0.6974106273461,-0.501418236714519,-0.574578270738188,-0.75310712323283,-0.526309708018616,-0.44064753073785,-0.385364862662207,-0.3942707518041,1.41474243812483
7388.6328125,0,-0.783420788410629,-0.653137775721146,0.469323281677592,1.55838986135719,-0.188690710103128,-0.685988215351573,-1.28629343999159,-0.789746592214905,-0.75310712323283,-0.523074001805278,-0.573833005358096,-0.385364862662207,2.53537997340692,1.41474243812483
13299.5390625,0,-0.878660317996087,-0.653137775721146,0.469323281677592,-0.641448069582378,5.29769678474325,-0.685988215351573,-0.705764475338212,-0.856253164307709,-0.75310712323283,-0.523074001805278,-0.500970612144553,-0.385364862662207,-0.3942707518041,1.41474243812483
7184.70654296875,0,0.549932625785793,-1.30811192756897,0.469323281677592,1.55838986135719,-0.188690710103128,-0.685988215351573,-0.705764475338212,0.415196008054711,-1.26286101868257,-0.523074001805278,-0.500970612144553,-0.385364862662207,-0.3942707518041,1.41474243812483
11821.8134765625,0,0.549932625785793,-1.63559900349288,0.469323281677592,1.55838986135719,-0.188690710103128,-0.685988215351573,-0.641261233587127,0.415196008054711,-1.47525847511997,-0.523074001805278,-0.483879426947293,-0.385364862662207,-0.3942707518041,1.41474243812483
8969.80078125,0,1.40708839205492,-1.63559900349288,-2.12993091808961,1.55838986135719,-0.188690710103128,-0.685988215351573,-0.474197896913449,1.45974040504168,-1.47525847511997,-0.523074001805278,-0.431249299017403,-0.385364862662207,-0.3942707518041,1.41474243812483
9102.7958984375,0,1.50232792164038,-1.30811192756897,0.469323281677592,1.55838986135719,-0.188690710103128,-0.673709102886711,-0.57675802702044,1.58884139792771,-1.26286101868257,-0.51953087971619,-0.464989179798897,-0.385364862662207,-0.3942707518041,1.41474243812483
16254.9921875,0,-0.973899847581546,-1.30811192756897,0.469323281677592,1.55838986135719,-0.188690710103128,-0.671995701946042,-0.347126625716795,-0.920151635534128,-1.26286101868257,-0.51903114755555,-0.383137207933243,-0.385364862662207,-0.3942707518041,1.41474243812483
14777.265625,0,-1.069139377167,-0.980624851645057,0.469323281677592,-0.641448069582378,-0.188690710103128,-0.671710182566828,-1.28629343999159,-0.981442005894162,-1.02214390138686,-0.518947745756583,-0.573833005358096,-0.385364862662207,2.53537997340692,1.41474243812483
8955.0234375,0,-0.973899847581546,-0.653137775721146,0.469323281677592,1.55838986135719,-0.188690710103128,-0.671710182566828,-0.80896964102931,-0.920151635534128,-0.75310712323283,-0.518947745756583,-0.524574432791742,-0.385364862662207,-0.3942707518041,1.41474243812483
16254.9921875,0,-1.35485796592338,-0.653137775721146,0.469323281677592,-0.641448069582378,5.29769678474325,-0.657432149782082,-0.641261233587127,-1.14966451177596,-0.75310712323283,-0.514730802722026,-0.483879426947293,-0.385364862662207,-0.3942707518041,1.41474243812483
17881.96875,0,-0.402462670068794,-0.325650699797235,0.469323281677592,1.55838986135719,-0.188690710103128,-0.656004339386973,-0.651581802932835,-0.497639295179847,-0.455750684220478,-0.514304118505366,-0.486734928172494,-0.385364862662207,-0.3942707518041,1.41474243812483
17732.71875,0,-0.783420788410629,-0.653137775721146,0.469323281677592,1.55838986135719,-0.188690710103128,-0.643154116997337,-0.931525733506015,-0.789746592214905,-0.75310712323283,-0.510423172701606,-0.546622048968296,-0.385364862662207,-0.3942707518041,1.41474243812483
13299.5390625,0,-1.16437890675246,-0.653137775721146,0.469323281677592,1.55838986135719,-0.188690710103128,-0.620309293008283,-0.63610101928307,-1.04012427538781,-0.75310712323283,-0.503342344706281,-0.482434424850466,-0.385364862662207,-0.3942707518041,1.41474243812483
9221.013671875,0,0.549932625785793,-1.63559900349288,0.469323281677592,1.55838986135719,-0.188690710103128,-0.618881482613174,-0.66125723114124,0.415196008054711,-1.47525847511997,-0.502892081773854,-0.489370103191691,-0.385364862662207,-0.3942707518041,1.41474243812483
0,0,1.6928069808113,-2.2905731553407,0.469323281677592,1.55838986135719,-0.188690710103128,-0.614598051427846,-1.20888958331547,1.85486768629893,-1.8150944054198,-0.501535851703178,-0.572537674099829,-0.385364862662207,-0.3942707518041,1.41474243812483
0,0,1.40708839205492,-2.2905731553407,0.469323281677592,1.55838986135719,-0.188690710103128,-0.614598051427846,-0.899274130222672,1.45974040504168,-1.8150944054198,-0.501535851703178,-0.54144971948541,-0.385364862662207,-0.3942707518041,1.41474243812483
7388.6328125,0,-1.35485796592338,-0.653137775721146,0.469323281677592,1.55838986135719,-0.188690710103128,-0.614598051427846,-0.899274130222672,-1.14966451177596,-0.75310712323283,-0.501535851703178,-0.54144971948541,-0.385364862662207,-0.3942707518041,1.41474243812483
8866.359375,0,0.930890744127627,-2.2905731553407,0.469323281677592,1.55838986135719,-0.188690710103128,-0.614598051427846,-0.641261233587127,0.853356953607299,-1.8150944054198,-0.501535851703178,-0.483879426947293,-0.385364862662207,-0.3942707518041,1.41474243812483
10344.0859375,0,-0.0215045517269594,-0.980624851645057,0.469323281677592,1.55838986135719,-0.188690710103128,-0.614598051427846,-0.641261233587127,-0.163802384282637,-1.02214390138686,-0.501535851703178,-0.483879426947293,-0.385364862662207,-0.3942707518041,1.41474243812483
8866.359375,0,1.12136980329854,-0.980624851645057,-2.12993091808961,1.55838986135719,-0.188690710103128,-0.614598051427846,-0.615459950960452,1.0880860315819,-1.02214390138686,-0.501535851703178,-0.476539216581913,-0.385364862662207,-0.3942707518041,1.41474243812483
5910.90625,0,1.216609332884,-2.61806023126461,-2.12993091808961,1.55838986135719,-0.188690710103128,-0.614598051427846,-0.512254890822551,1.20936272186878,-1.94253287928223,-0.501535851703178,-0.444299885419385,-0.385364862662207,-0.3942707518041,1.41474243812483
13299.5390625,0,-0.973899847581546,-0.325650699797235,0.469323281677592,1.55838986135719,-0.188690710103128,-0.614598051427846,-0.512254890822551,-0.920151635534128,-0.455750684220478,-0.501535851703178,-0.444299885419385,-0.385364862662207,-0.3942707518041,1.41474243812483
19210.4453125,0,0.454693096200334,-2.2905731553407,0.469323281677592,1.55838986135719,-0.188690710103128,-0.614598051427846,-0.512254890822551,0.312176023832525,-1.8150944054198,-0.501535851703178,-0.444299885419385,-0.385364862662207,-0.3942707518041,1.41474243812483
886.635925292969,0,-0.211983610897877,-0.325650699797235,-2.12993091808961,1.55838986135719,-0.188690710103128,-0.614598051427846,-0.254241923818208,-0.335937041464011,-0.455750684220478,-0.501535851703178,-0.343551850906983,-0.385364862662207,-0.3942707518041,1.41474243812483
10344.0859375,0,-1.069139377167,-0.325650699797235,0.469323281677592,1.55838986135719,-0.188690710103128,-0.601176719113436,-0.834770923655985,-0.981442005894162,-0.455750684220478,-0.497233505543496,-0.529755757432277,-0.385364862662207,-0.3942707518041,1.41474243812483
17732.71875,0,-1.25961843633792,-0.325650699797235,0.469323281677592,-0.641448069582378,5.29769678474325,-0.600320018643101,-0.989836661797195,-1.09619844401508,-0.455750684220478,-0.496956160725171,-0.554831919750382,-0.385364862662207,-0.3942707518041,1.41474243812483
7260.07080078125,0,0.454693096200334,-0.325650699797235,0.469323281677592,1.55838986135719,-0.188690710103128,-0.600320018643101,-0.447751613887066,0.312176023832525,-0.455750684220478,-0.496956160725171,-0.421811473152661,-0.385364862662207,-0.3942707518041,1.41474243812483
9752.9951171875,0,0.645172155371251,-0.653137775721146,0.469323281677592,1.55838986135719,-0.188690710103128,-0.593181037833901,-0.222893398500134,0.520824093143282,-0.75310712323283,-0.494632319255807,-0.329349822181889,-0.385364862662207,-0.3942707518041,1.41474243812483
0,0,-0.211983610897877,-0.653137775721146,-2.12993091808961,1.55838986135719,-0.188690710103128,-0.586042057024701,-0.641261233587127,-0.335937041464011,-0.75310712323283,-0.492285806265984,-0.483879426947293,-0.385364862662207,-0.3942707518041,1.41474243812483
0,0,0.549932625785793,-2.2905731553407,0.469323281677592,1.55838986135719,-0.188690710103128,-0.586042057024701,-0.409049619578257,0.415196008054711,-1.8150944054198,-0.492285806265984,-0.407454859255629,-0.385364862662207,-0.3942707518041,1.41474243812483
13299.5390625,0,0.264214037029417,-0.325650699797235,0.469323281677592,1.55838986135719,-0.188690710103128,-0.586042057024701,-0.280043276813681,0.113960357987307,-0.455750684220478,-0.492285806265984,-0.354922011229326,-0.385364862662207,-0.3942707518041,1.41474243812483
13299.5390625,0,0.264214037029417,-0.325650699797235,0.469323281677592,1.55838986135719,-0.188690710103128,-0.586042057024701,-0.280043276813681,0.113960357987307,-0.455750684220478,-0.492285806265984,-0.354922011229326,-0.385364862662207,-0.3942707518041,1.41474243812483
14777.265625,0,1.50232792164038,-0.325650699797235,-2.12993091808961,1.55838986135719,-0.188690710103128,-0.586042057024701,0.00377097281733639,1.58884139792771,-0.455750684220478,-0.492285806265984,-0.214018691714884,-0.385364862662207,-0.3942707518041,1.41474243812483
1477.7265625,0,1.216609332884,-1.30811192756897,0.469323281677592,-0.641448069582378,5.29769678474325,-0.57890293388281,-0.770267681904899,1.20936272186878,-1.26286101868257,-0.489916574294321,-0.516262716745318,-0.385364862662207,-0.3942707518041,1.41474243812483
11501.146484375,0,-0.497702199654253,-0.653137775721146,0.469323281677592,1.55838986135719,-0.188690710103128,-0.57176395307361,-0.759947182927989,-0.574578270738188,-0.75310712323283,-0.487524717811567,-0.513936880768899,-0.385364862662207,-0.3942707518041,1.41474243812483
9752.9951171875,0,-1.45009749550884,-0.653137775721146,0.469323281677592,-0.641448069582378,-0.188690710103128,-0.568337293524963,-0.783168323218236,-1.20052247867046,-0.75310712323283,-0.486368591102709,-0.519105249171493,-0.385364862662207,-0.3942707518041,1.41474243812483
8127.49609375,0,-0.592941729239711,-1.63559900349288,0.469323281677592,1.55838986135719,-0.188690710103128,-0.564196622029243,-0.691057713278737,-0.648909145430145,-1.47525847511997,-0.484964593302409,-0.497232148809438,-0.385364862662207,-0.3942707518041,1.41474243812483
11821.8134765625,0,0.454693096200334,-0.980624851645057,0.469323281677592,1.55838986135719,-0.188690710103128,-0.557485920288865,-0.589658668333777,0.312176023832525,-1.02214390138686,-0.482672965875972,-0.468911154891228,-0.385364862662207,-0.3942707518041,1.41474243812483
11821.8134765625,0,0.454693096200334,-0.980624851645057,0.469323281677592,1.55838986135719,-0.188690710103128,-0.557485920288865,-0.589658668333777,0.312176023832525,-1.02214390138686,-0.482672965875972,-0.468911154891228,-0.385364862662207,-0.3942707518041,1.41474243812483
19210.4453125,0,-0.0215045517269594,-1.30811192756897,0.469323281677592,1.55838986135719,-0.188690710103128,-0.557485920288865,-0.38324840732038,-0.163802384282637,-1.26286101868257,-0.482672965875972,-0.39752401365482,-0.385364862662207,-0.3942707518041,1.41474243812483
0,0,1.216609332884,-1.96308607941679,0.469323281677592,1.55838986135719,-0.188690710103128,-0.543207958670465,-0.705764475338212,1.20936272186878,-1.65933627069904,-0.477730551815238,-0.500970612144553,-0.385364862662207,-0.3942707518041,1.41474243812483
16254.9921875,0,-0.402462670068794,-0.980624851645057,0.469323281677592,1.55838986135719,-0.188690710103128,-0.543207958670465,-0.641261233587127,-0.497639295179847,-1.02214390138686,-0.477730551815238,-0.483879426947293,-0.385364862662207,-0.3942707518041,1.41474243812483
5910.90625,0,-0.307223140483335,-0.980624851645057,0.469323281677592,1.55838986135719,-0.188690710103128,-0.543207958670465,-0.641261233587127,-0.418092218755121,-1.02214390138686,-0.477730551815238,-0.483879426947293,-0.385364862662207,-0.3942707518041,1.41474243812483
1078.74035644531,0,0.930890744127627,-1.63559900349288,0.469323281677592,1.55838986135719,-0.188690710103128,-0.543207958670465,-0.512254890822551,0.853356953607299,-1.47525847511997,-0.477730551815238,-0.444299885419385,-0.385364862662207,-0.3942707518041,1.41474243812483
14895.484375,0,1.31184886246946,-0.653137775721146,0.469323281677592,1.55838986135719,-0.188690710103128,-0.542494017889738,-0.899274130222672,1.33324751302204,-0.75310712323283,-0.477481035672559,-0.54144971948541,-0.385364862662207,-0.3942707518041,1.41474243812483
7684.17822265625,0,-0.68818125882517,-0.325650699797235,0.469323281677592,1.55838986135719,-0.188690710103128,-0.534355505754251,-1.00247927832157,-0.720631919255717,-0.455750684220478,-0.47462067131609,-0.556417993700411,-0.385364862662207,-0.3942707518041,1.41474243812483
7675.31201171875,0,-1.16437890675246,-0.325650699797235,-2.12993091808961,1.55838986135719,-0.188690710103128,-0.52892992588572,-0.770267681904899,-1.04012427538781,-0.455750684220478,-0.472697426359931,-0.516262716745318,-0.385364862662207,-0.3942707518041,1.41474243812483
9605.22265625,0,-1.16437890675246,-0.325650699797235,-2.12993091808961,1.55838986135719,-0.188690710103128,-0.521790873910175,-0.912174771536009,-1.04012427538781,-0.455750684220478,-0.470146843243207,-0.543572623402059,-0.385364862662207,-0.3942707518041,1.41474243812483
13151.7666015625,0,-1.25961843633792,-0.325650699797235,-2.12993091808961,-0.641448069582378,-0.188690710103128,-0.514651821934629,-0.899274130222672,-1.09619844401508,-0.455750684220478,-0.46757358815401,-0.54144971948541,-0.385364862662207,-0.3942707518041,1.41474243812483
7979.7236328125,0,-0.783420788410629,-1.96308607941679,0.469323281677592,1.55838986135719,-0.188690710103128,-0.493234808340684,-0.579596211738029,-0.789746592214905,-1.65933627069904,-0.459717843937129,-0.465858202062002,-0.385364862662207,-0.3942707518041,1.41474243812483
9079.15234375,0,-1.16437890675246,-0.980624851645057,0.469323281677592,1.55838986135719,-0.188690710103128,-0.475244525461732,-0.535476031112799,-1.04012427538781,-1.02214390138686,-0.45296133602938,-0.451955287553305,-0.385364862662207,-0.3942707518041,1.41474243812483
9788.4609375,0,-0.116744081312418,-1.96308607941679,0.469323281677592,1.55838986135719,-0.188690710103128,-0.472960014596288,-0.856960035159181,-0.251173763306516,-1.65933627069904,-0.452093053165975,-0.533981474700782,-0.385364862662207,-0.3942707518041,1.41474243812483
15516.12890625,0,-0.0215045517269594,-0.325650699797235,-2.12993091808961,1.55838986135719,-0.188690710103128,-0.471817794746739,-1.13148570904714,-0.163802384282637,-0.455750684220478,-0.451658054680076,-0.568651679147426,-0.385364862662207,-0.3942707518041,1.41474243812483
10048.541015625,0,-1.069139377167,-0.325650699797235,0.469323281677592,1.55838986135719,-0.188690710103128,-0.471817794746739,-0.867022526939328,-0.981442005894162,-0.455750684220478,-0.451658054680076,-0.535827622306737,-0.385364862662207,-0.3942707518041,1.41474243812483
6649.76953125,0,-0.878660317996087,-0.980624851645057,-2.12993091808961,1.55838986135719,-0.188690710103128,-0.471817794746739,-0.770267681904899,-0.856253164307709,-1.02214390138686,-0.451658054680076,-0.516262716745318,-0.385364862662207,-0.3942707518041,1.41474243812483
11821.8134765625,0,-0.592941729239711,-0.980624851645057,0.469323281677592,1.55838986135719,-0.188690710103128,-0.471817794746739,-0.770267681904899,-0.648909145430145,-1.02214390138686,-0.451658054680076,-0.516262716745318,-0.385364862662207,-0.3942707518041,1.41474243812483
0,0,0.0737349778584993,-0.325650699797235,0.469323281677592,1.55838986135719,-0.188690710103128,-0.471817794746739,-0.641261233587127,-0.0738229043923733,-0.455750684220478,-0.451658054680076,-0.483879426947293,-0.385364862662207,-0.3942707518041,1.41474243812483
8866.359375,0,-0.497702199654253,-0.653137775721146,0.469323281677592,1.55838986135719,-0.188690710103128,-0.471817794746739,-0.58153128330595,-0.574578270738188,-0.75310712323283,-0.451658054680076,-0.466448703640965,-0.385364862662207,-0.3942707518041,1.41474243812483
11821.8134765625,0,0.74041168495671,-1.30811192756897,0.469323281677592,1.55838986135719,-0.188690710103128,-0.471817794746739,-0.512254890822551,0.629060279098236,-1.26286101868257,-0.451658054680076,-0.444299885419385,-0.385364862662207,-0.3942707518041,1.41474243812483
14260.060546875,0,1.216609332884,-0.325650699797235,0.469323281677592,1.55838986135719,-0.188690710103128,-0.471817794746739,-0.512254890822551,1.20936272186878,-0.455750684220478,-0.451658054680076,-0.444299885419385,-0.385364862662207,-0.3942707518041,1.41474243812483
25248.435546875,0,0.454693096200334,-0.653137775721146,-2.12993091808961,1.55838986135719,-0.188690710103128,-0.471817794746739,-0.38324840732038,0.312176023832525,-0.75310712323283,-0.451658054680076,-0.39752401365482,-0.385364862662207,-0.3942707518041,1.41474243812483
12930.1083984375,0,0.835651214542169,-1.30811192756897,0.469323281677592,1.55838986135719,-0.188690710103128,-0.471817794746739,-0.38324840732038,0.739904565919575,-1.26286101868257,-0.451658054680076,-0.39752401365482,-0.385364862662207,-0.3942707518041,1.41474243812483
12930.1083984375,0,0.835651214542169,-1.30811192756897,0.469323281677592,1.55838986135719,-0.188690710103128,-0.471817794746739,-0.38324840732038,0.739904565919575,-1.26286101868257,-0.451658054680076,-0.39752401365482,-0.385364862662207,-0.3942707518041,1.41474243812483
10639.630859375,0,-0.592941729239711,-0.653137775721146,0.469323281677592,1.55838986135719,-0.188690710103128,-0.471817794746739,-0.189738717251522,-0.648909145430145,-0.75310712323283,-0.451658054680076,-0.313867177097028,-0.385364862662207,-0.3942707518041,1.41474243812483
0,0,1.216609332884,-0.325650699797235,0.469323281677592,1.55838986135719,-0.188690710103128,-0.471817794746739,-0.129492682208021,1.20936272186878,-0.455750684220478,-0.451658054680076,-0.284516790543595,-0.385364862662207,-0.3942707518041,1.41474243812483
11821.8134765625,0,1.88328603998221,-2.61806023126461,-2.12993091808961,1.55838986135719,-0.188690710103128,-0.458824812667495,-0.496129036404281,2.13132637813568,-1.94253287928223,-0.44666900909967,-0.438846433585275,-0.385364862662207,-0.3942707518041,1.41474243812483
14147.75390625,0,0.930890744127627,-1.63559900349288,0.469323281677592,1.55838986135719,-0.188690710103128,-0.456397470946099,-0.236697012225543,0.853356953607299,-1.47525847511997,-0.4457286330128,-0.3356557241463,-0.385364862662207,-0.3942707518041,1.41474243812483
17732.71875,0,-0.783420788410629,-0.653137775721146,-2.12993091808961,-0.641448069582378,-0.188690710103128,-0.453970271557394,-0.254241923818208,-0.789746592214905,-0.75310712323283,-0.444785691279211,-0.343551850906983,-0.385364862662207,-0.3942707518041,1.41474243812483
9900.767578125,0,-0.0215045517269594,-0.653137775721146,0.469323281677592,1.55838986135719,-0.188690710103128,-0.428983696392503,-0.447751613887066,-0.163802384282637,-0.75310712323283,-0.434926312568627,-0.421811473152661,-0.385364862662207,-0.3942707518041,1.41474243812483
13299.5390625,0,-1.16437890675246,-0.325650699797235,0.469323281677592,1.55838986135719,-0.188690710103128,-0.414705663607758,0.261783799084084,-1.04012427538781,-0.455750684220478,-0.429167691226419,-0.0557004313951246,-0.385364862662207,-0.3942707518041,1.41474243812483
14777.265625,0,-0.878660317996087,-0.653137775721146,0.469323281677592,1.55838986135719,-0.188690710103128,-0.40328325161323,-0.641261233587127,-0.856253164307709,-0.75310712323283,-0.424495505380922,-0.483879426947293,-0.385364862662207,-0.3942707518041,1.41474243812483
5910.90625,0,-0.307223140483335,-1.96308607941679,-2.12993091808961,1.55838986135719,-0.188690710103128,-0.400427630823012,-0.512254890822551,-0.418092218755121,-1.65933627069904,-0.423318382898348,-0.444299885419385,-0.385364862662207,-0.3942707518041,1.41474243812483
0,0,1.50232792164038,-1.96308607941679,0.469323281677592,1.55838986135719,-0.188690710103128,-0.378725026683507,-0.991384722569972,1.58884139792771,-1.65933627069904,-0.41425375292979,-0.555029844285117,-0.385364862662207,-0.3942707518041,1.41474243812483
16254.9921875,0,-0.307223140483335,-0.325650699797235,0.469323281677592,1.55838986135719,-0.188690710103128,-0.371871565253522,-0.215540070246994,-0.418092218755121,-0.455750684220478,-0.411347705284619,-0.325956967695299,-0.385364862662207,-0.3942707518041,1.41474243812483
8866.359375,0,-1.25961843633792,-0.980624851645057,-2.12993091808961,1.55838986135719,-0.188690710103128,-0.371871565253522,-0.10975472703507,-1.09619844401508,-1.02214390138686,-0.411347705284619,-0.274559624909229,-0.385364862662207,-0.3942707518041,1.41474243812483
12811.888671875,0,0.168974507443958,-0.325650699797235,0.469323281677592,1.55838986135719,-0.188690710103128,-0.370872176259926,-0.38324840732038,0.0187646763642747,-0.455750684220478,-0.410922192522031,-0.39752401365482,-0.385364862662207,-0.3942707518041,1.41474243812483
17732.71875,0,0.549932625785793,-0.653137775721146,0.469323281677592,1.55838986135719,-0.188690710103128,-0.363304774049213,0.13277738595071,0.415196008054711,-0.75310712323283,-0.407685778373964,-0.138457703121301,-0.385364862662207,-0.3942707518041,1.41474243812483
12435.0693359375,0,0.930890744127627,-0.980624851645057,0.469323281677592,1.55838986135719,-0.188690710103128,-0.354452392299344,-0.231020783527961,0.853356953607299,-1.02214390138686,-0.403867476280422,-0.333072627711472,-0.385364862662207,-0.3942707518041,1.41474243812483
15368.3564453125,0,0.549932625785793,-0.653137775721146,-2.12993091808961,-0.641448069582378,-0.188690710103128,-0.336176518874831,-0.512254890822551,0.415196008054711,-0.75310712323283,-0.395874259679439,-0.444299885419385,-0.385364862662207,-0.3942707518041,1.41474243812483
14777.265625,0,-1.35485796592338,-0.325650699797235,-2.12993091808961,-0.641448069582378,-0.188690710103128,-0.329037466899286,-0.83993117314444,-1.14966451177596,-0.455750684220478,-0.392711536470056,-0.53075747884318,-0.385364862662207,-0.3942707518041,1.41474243812483
0,0,1.12136980329854,-1.30811192756897,0.469323281677592,1.55838986135719,-0.188690710103128,-0.329037466899286,-0.775427966577753,1.0880860315819,-1.26286101868257,-0.392711536470056,-0.517408371473284,-0.385364862662207,-0.3942707518041,1.41474243812483
10604.166015625,0,1.31184886246946,-1.96308607941679,-2.12993091808961,1.55838986135719,-0.188690710103128,-0.329037466899286,-0.447751613887066,1.33324751302204,-1.65933627069904,-0.392711536470056,-0.421811473152661,-0.385364862662207,-0.3942707518041,1.41474243812483
11082.94921875,0,-0.783420788410629,-0.325650699797235,0.469323281677592,1.55838986135719,-0.188690710103128,-0.329037466899286,-0.33164584206703,-0.789746592214905,-0.455750684220478,-0.392711536470056,-0.37679871509268,-0.385364862662207,-0.3942707518041,1.41474243812483
2364.36254882812,0,-0.402462670068794,-0.653137775721146,-2.12993091808961,1.55838986135719,-0.188690710103128,-0.329037466899286,-0.254241923818208,-0.497639295179847,-0.75310712323283,-0.392711536470056,-0.343551850906983,-0.385364862662207,-0.3942707518041,1.41474243812483
36943.1640625,0,-1.35485796592338,-0.325650699797235,-2.12993091808961,-0.641448069582378,-0.188690710103128,-0.329037466899286,-0.254241923818208,-1.14966451177596,-0.455750684220478,-0.392711536470056,-0.343551850906983,-0.385364862662207,-0.3942707518041,1.41474243812483
15522.0400390625,0,1.12136980329854,-0.653137775721146,0.469323281677592,1.55838986135719,-0.188690710103128,-0.329037466899286,-0.125235510684835,1.0880860315819,-0.75310712323283,-0.392711536470056,-0.282383432503925,-0.385364862662207,-0.3942707518041,1.41474243812483
16905.19140625,0,-0.116744081312418,-0.653137775721146,-2.12993091808961,1.55838986135719,-0.188690710103128,-0.326181917275413,-0.280043276813681,-0.251173763306516,-0.75310712323283,-0.391440130765336,-0.354922011229326,-0.385364862662207,-0.3942707518041,1.41474243812483
11082.94921875,0,1.78804651039676,-2.2905731553407,0.469323281677592,1.55838986135719,-0.188690710103128,-0.307620453305341,-1.09458987066887,1.99179298178411,-1.8150944054198,-0.38308739964496,-0.565887600277456,-0.385364862662207,-0.3942707518041,1.41474243812483
26599.078125,0,-1.069139377167,-0.325650699797235,0.469323281677592,-0.641448069582378,5.29769678474325,-0.289059060501614,-0.679963227895937,-0.981442005894162,-0.455750684220478,-0.374581440072464,-0.494350039709512,-0.385364862662207,-0.3942707518041,1.41474243812483
8866.359375,0,1.88328603998221,-1.30811192756897,0.469323281677592,-0.641448069582378,5.29769678474325,-0.28620336854505,-1.28629343999159,2.13132637813568,-1.26286101868257,-0.37325918478273,-0.573833005358096,-0.385364862662207,2.53537997340692,1.41474243812483
8866.359375,0,1.88328603998221,-1.30811192756897,0.469323281677592,-0.641448069582378,5.29769678474325,-0.28620336854505,-1.28629343999159,2.13132637813568,-1.26286101868257,-0.37325918478273,-0.573833005358096,-0.385364862662207,2.53537997340692,1.41474243812483
11821.8134765625,0,-0.973899847581546,-0.653137775721146,0.469323281677592,1.55838986135719,-0.188690710103128,-0.273067626776199,-0.512254890822551,-0.920151635534128,-0.75310712323283,-0.367130292879756,-0.444299885419385,-0.385364862662207,-0.3942707518041,1.41474243812483
11821.8134765625,0,0.645172155371251,-0.653137775721146,-2.12993091808961,1.55838986135719,-0.188690710103128,-0.258789593991454,-0.187158645283892,0.520824093143282,-0.75310712323283,-0.360381369959298,-0.312642396227449,-0.385364862662207,-0.3942707518041,1.41474243812483
7107.86474609375,0,-0.878660317996087,-0.325650699797235,0.469323281677592,1.55838986135719,-0.188690710103128,-0.257647374141905,-0.80896964102931,-0.856253164307709,-0.455750684220478,-0.359837549296188,-0.524574432791742,-0.385364862662207,-0.3942707518041,1.41474243812483
17732.71875,0,-1.069139377167,-0.325650699797235,0.469323281677592,1.55838986135719,-0.188690710103128,-0.257647374141905,-0.318745200753693,-0.981442005894162,-0.455750684220478,-0.359837549296188,-0.371437483373831,-0.385364862662207,-0.3942707518041,1.41474243812483
11821.8134765625,0,0.74041168495671,-0.325650699797235,-2.12993091808961,1.55838986135719,-0.188690710103128,-0.257647374141905,-0.189738717251522,0.629060279098236,-0.455750684220478,-0.359837549296188,-0.313867177097028,-0.385364862662207,-0.3942707518041,1.41474243812483
19210.4453125,0,0.168974507443958,-1.63559900349288,0.469323281677592,1.55838986135719,-0.188690710103128,-0.257647374141905,-0.15103679331151,0.0187646763642747,-1.47525847511997,-0.359837549296188,-0.295192818835144,-0.385364862662207,-0.3942707518041,1.41474243812483
19210.4453125,0,-0.592941729239711,-0.980624851645057,-2.12993091808961,-0.641448069582378,-0.188690710103128,-0.22909137973876,-0.33164584206703,-0.648909145430145,-1.02214390138686,-0.346053167674247,-0.37679871509268,-0.385364862662207,-0.3942707518041,1.41474243812483
19604.998046875,0,-0.307223140483335,-1.30811192756897,0.469323281677592,1.55838986135719,-0.188690710103128,-0.222523366521643,-0.504385477807088,-0.418092218755121,-1.26286101868257,-0.342831383285892,-0.441652649493284,-0.385364862662207,-0.3942707518041,1.41474243812483
10048.541015625,0,1.12136980329854,-1.30811192756897,-2.12993091808961,-0.641448069582378,-0.188690710103128,-0.214813275787669,-0.3380961275393,1.0880860315819,-1.26286101868257,-0.339024894176962,-0.379452330464738,-0.385364862662207,-0.3942707518041,1.41474243812483
0,0,-1.45009749550884,-0.325650699797235,-2.12993091808961,1.55838986135719,-0.188690710103128,-0.192539561723389,-0.512254890822551,-1.20052247867046,-0.455750684220478,-0.32787976667457,-0.444299885419385,-0.385364862662207,-0.3942707518041,1.41474243812483
0,0,1.40708839205492,-1.30811192756897,-2.12993091808961,-0.641448069582378,5.29769678474325,-0.186257281384524,-1.20888958331547,1.45974040504168,-1.26286101868257,-0.324696391995886,-0.572537674099829,-0.385364862662207,-0.3942707518041,1.41474243812483
7093.08740234375,0,-0.307223140483335,-0.325650699797235,-2.12993091808961,1.55838986135719,-0.188690710103128,-0.186257281384524,-0.9752589209283,-0.418092218755121,-0.455750684220478,-0.324696391995886,-0.552917285020564,-0.385364862662207,-0.3942707518041,1.41474243812483
13890.6298828125,0,-0.878660317996087,-0.325650699797235,-2.12993091808961,1.55838986135719,-0.188690710103128,-0.186257281384524,-0.783168323218236,-0.856253164307709,-0.455750684220478,-0.324696391995886,-0.519105249171493,-0.385364862662207,-0.3942707518041,1.41474243812483
8866.359375,0,-1.069139377167,-0.325650699797235,0.469323281677592,1.55838986135719,-0.188690710103128,-0.186257281384524,-0.679963227895937,-0.981442005894162,-0.455750684220478,-0.324696391995886,-0.494350039709512,-0.385364862662207,-0.3942707518041,1.41474243812483
20688.171875,0,-1.5453370250943,-0.653137775721146,0.469323281677592,-0.641448069582378,5.29769678474325,-0.186257281384524,-0.512254890822551,-1.24877234469857,-0.75310712323283,-0.324696391995886,-0.444299885419385,-0.385364862662207,-0.3942707518041,1.41474243812483
25121.3515625,0,-0.0215045517269594,-0.653137775721146,-2.12993091808961,1.55838986135719,-0.188690710103128,-0.186257281384524,-0.38324840732038,-0.163802384282637,-0.75310712323283,-0.324696391995886,-0.39752401365482,-0.385364862662207,-0.3942707518041,1.41474243812483
19210.4453125,0,0.264214037029417,-0.980624851645057,0.469323281677592,1.55838986135719,-0.188690710103128,-0.186257281384524,-0.125235510684835,0.113960357987307,-1.02214390138686,-0.324696391995886,-0.282383432503925,-0.385364862662207,-0.3942707518041,1.41474243812483
23643.625,0,0.0737349778584993,-0.653137775721146,0.469323281677592,1.55838986135719,-0.188690710103128,-0.186257281384524,-0.0994341576893625,-0.0738229043923733,-0.75310712323283,-0.324696391995886,-0.269286158734283,-0.385364862662207,-0.3942707518041,1.41474243812483
0,0,0.0737349778584993,-0.325650699797235,0.469323281677592,1.55838986135719,-0.188690710103128,-0.186257281384524,0.00377097281733639,-0.0738229043923733,-0.455750684220478,-0.324696391995886,-0.214018691714884,-0.385364862662207,-0.3942707518041,1.41474243812483
0,0,1.59756745122584,-1.30811192756897,0.469323281677592,1.55838986135719,-0.188690710103128,-0.163412386229124,-0.868312598107542,1.72055049168013,-1.26286101868257,-0.312972361395554,-0.536061143005453,-0.385364862662207,-0.3942707518041,1.41474243812483
13151.7666015625,0,-0.402462670068794,-1.63559900349288,0.469323281677592,1.55838986135719,-0.188690710103128,-0.16284127630435,-0.177483076337892,-0.497639295179847,-1.47525847511997,-0.312676292544202,-0.308023688938872,-0.385364862662207,-0.3942707518041,1.41474243812483
14777.265625,0,-0.307223140483335,-0.325650699797235,0.469323281677592,1.55838986135719,-0.188690710103128,-0.129430598458411,0.13277738595071,-0.418092218755121,-0.455750684220478,-0.295103349247993,-0.138457703121301,-0.385364862662207,-0.3942707518041,1.41474243812483
0,0,-1.16437890675246,-0.325650699797235,-2.12993091808961,-0.641448069582378,-0.188690710103128,-0.114867117460797,-1.01537991963491,-1.04012427538781,-0.455750684220478,-0.287288026148032,-0.557965194868319,-0.385364862662207,-0.3942707518041,1.41474243812483
16846.08203125,0,0.0737349778584993,-0.653137775721146,-2.12993091808961,1.55838986135719,-0.188690710103128,-0.0863110518913068,-0.254241923818208,-0.0738229043923733,-0.75310712323283,-0.271689870907853,-0.343551850906983,-0.385364862662207,-0.3942707518041,1.41474243812483
11821.8134765625,0,-0.878660317996087,-1.63559900349288,-2.12993091808961,1.55838986135719,-0.188690710103128,-0.0863110518913068,-0.123429425123095,-0.856253164307709,-1.47525847511997,-0.271689870907853,-0.281475997551587,-0.385364862662207,-0.3942707518041,1.41474243812483
8866.359375,0,-1.069139377167,-0.325650699797235,0.469323281677592,1.55838986135719,-0.188690710103128,-0.0811709914019906,-0.512254890822551,-0.981442005894162,-0.455750684220478,-0.268843696507689,-0.444299885419385,-0.385364862662207,-0.3942707518041,1.41474243812483
14753.6220703125,0,-0.116744081312418,-0.325650699797235,0.469323281677592,1.55838986135719,-0.188690710103128,-0.062609527431918,-0.144586437470442,-0.251173763306516,-0.455750684220478,-0.258467918743419,-0.292017440944461,-0.385364862662207,-0.3942707518041,1.41474243812483
11326.7744140625,0,-0.307223140483335,-0.980624851645057,-2.12993091808961,1.55838986135719,-0.188690710103128,-0.0577549863218162,-0.318745200753693,-0.418092218755121,-1.02214390138686,-0.255728967724223,-0.371437483373831,-0.385364862662207,-0.3942707518041,1.41474243812483
19432.103515625,0,-0.0215045517269594,-1.63559900349288,-2.12993091808961,-0.641448069582378,-0.188690710103128,-0.0444764848633584,0.189540095139318,-0.163802384282637,-1.47525847511997,-0.248183630690004,-0.102931157493119,-0.385364862662207,-0.3942707518041,1.41474243812483
0,0,0.74041168495671,-1.30811192756897,-2.12993091808961,1.55838986135719,-0.188690710103128,-0.0434770247034166,-0.525155461767091,0.629060279098236,-1.26286101868257,-0.247612526334799,-0.448581651116314,-0.385364862662207,-0.3942707518041,1.41474243812483
14777.265625,0,-1.069139377167,-0.980624851645057,0.469323281677592,1.55838986135719,-0.188690710103128,-0.0434770247034166,-0.38324840732038,-0.981442005894162,-1.02214390138686,-0.247612526334799,-0.39752401365482,-0.385364862662207,-0.3942707518041,1.41474243812483
26599.078125,0,-0.878660317996087,-0.325650699797235,0.469323281677592,1.55838986135719,-0.188690710103128,-0.0434770247034166,0.261783799084084,-0.856253164307709,-0.455750684220478,-0.247612526334799,-0.0557004313951246,-0.385364862662207,-0.3942707518041,1.41474243812483
17732.71875,0,0.168974507443958,-0.653137775721146,-2.12993091808961,1.55838986135719,-0.188690710103128,-0.0434770247034166,0.261783799084084,0.0187646763642747,-0.75310712323283,-0.247612526334799,-0.0557004313951246,-0.385364862662207,-0.3942707518041,1.41474243812483
22165.8984375,0,0.168974507443958,-0.653137775721146,0.469323281677592,1.55838986135719,-0.188690710103128,0.0136351064355646,-0.125235510684835,0.0187646763642747,-0.75310712323283,-0.214239730001791,-0.282383432503925,-0.385364862662207,-0.3942707518041,1.41474243812483
31032.2578125,0,-0.68818125882517,-1.30811192756897,0.469323281677592,1.55838986135719,-0.188690710103128,0.0136351064355646,0.364988929590782,-0.720631919255717,-1.26286101868257,-0.214239730001791,0.0156867098412838,-0.385364862662207,-0.3942707518041,1.41474243812483
31032.2578125,0,-0.973899847581546,-0.325650699797235,-2.12993091808961,1.55838986135719,-0.188690710103128,0.0279132103866557,0.171479239521924,-0.920151635534128,-0.455750684220478,-0.205669770512631,-0.114386175688699,-0.385364862662207,-0.3942707518041,1.41474243812483
14777.265625,0,-0.0215045517269594,-0.325650699797235,0.469323281677592,1.55838986135719,-0.188690710103128,0.0421911720050553,0.00377097281733639,-0.163802384282637,-0.455750684220478,-0.197009209920111,-0.214018691714884,-0.385364862662207,-0.3942707518041,1.41474243812483
19210.4453125,0,-0.116744081312418,-0.980624851645057,0.469323281677592,1.55838986135719,-0.188690710103128,0.0850251991929455,-0.125235510684835,-0.251173763306516,-1.02214390138686,-0.170483322152925,-0.282383432503925,-0.385364862662207,-0.3942707518041,1.41474243812483
14777.265625,0,-1.35485796592338,-1.63559900349288,0.469323281677592,1.55838986135719,-0.188690710103128,0.0993033031440366,-0.447751613887066,-1.14966451177596,-1.47525847511997,-0.161459925926401,-0.421811473152661,-0.385364862662207,-0.3942707518041,1.41474243812483
7130.03076171875,0,-0.592941729239711,-0.325650699797235,0.469323281677592,1.55838986135719,-0.188690710103128,0.0993033031440366,-0.357447054324907,-0.648909145430145,-0.455750684220478,-0.161459925926401,-0.387305261773962,-0.385364862662207,-0.3942707518041,1.41474243812483
18471.58203125,0,-0.0215045517269594,-0.653137775721146,0.469323281677592,1.55838986135719,-0.188690710103128,0.24208363099149,-0.559729200190098,-0.163802384282637,-0.75310712323283,-0.066238626931744,-0.459701989379796,-0.385364862662207,-0.3942707518041,1.41474243812483
31032.2578125,0,-1.16437890675246,-0.653137775721146,0.469323281677592,1.55838986135719,-0.188690710103128,0.24208363099149,0.519796625350831,-1.04012427538781,-0.75310712323283,-0.066238626931744,0.131402961455009,-0.385364862662207,-0.3942707518041,1.41474243812483
33987.7109375,0,1.88328603998221,-0.980624851645057,-2.12993091808961,1.55838986135719,-0.188690710103128,0.24208363099149,0.906816005488547,2.13132637813568,-1.02214390138686,-0.066238626931744,0.466030307686176,-0.385364862662207,-0.3942707518041,1.41474243812483
44331.796875,0,1.40708839205492,-1.30811192756897,-2.12993091808961,-0.641448069582378,-0.188690710103128,0.24208363099149,1.33060223799835,1.45974040504168,-1.26286101868257,-0.066238626931744,0.906735358937952,-0.385364862662207,-0.3942707518041,1.41474243812483
121173.578125,0,-0.402462670068794,-0.653137775721146,0.469323281677592,1.55838986135719,-0.188690710103128,0.299195762130471,-1.28629343999159,-0.497639295179847,-0.75310712323283,-0.0256108717297285,-0.573833005358096,-0.385364862662207,2.53537997340692,1.41474243812483
18471.58203125,0,-0.116744081312418,-0.653137775721146,0.469323281677592,1.55838986135719,-0.188690710103128,0.384863816506251,-0.38324840732038,-0.251173763306516,-0.75310712323283,0.0380512621660098,-0.39752401365482,-0.385364862662207,-0.3942707518041,1.41474243812483
7093.08740234375,0,1.6928069808113,-1.30811192756897,-2.12993091808961,1.55838986135719,-0.188690710103128,0.384863816506251,-0.189738717251522,1.85486768629893,-1.26286101868257,0.0380512621660098,-0.313867177097028,-0.385364862662207,-0.3942707518041,1.41474243812483
25121.3515625,0,1.6928069808113,-1.63559900349288,-2.12993091808961,1.55838986135719,-0.188690710103128,0.527644144353705,0.00377097281733639,1.85486768629893,-1.47525847511997,0.151409949292919,-0.214018691714884,-0.385364862662207,-0.3942707518041,1.41474243812483
20688.171875,0,0.549932625785793,-0.653137775721146,-2.12993091808961,1.55838986135719,-0.188690710103128,0.527644144353705,0.390790212217457,0.415196008054711,-0.75310712323283,0.151409949292919,0.0342531234636453,-0.385364862662207,-0.3942707518041,1.41474243812483
33043.4453125,0,1.31184886246946,-0.653137775721146,-2.12993091808961,-0.641448069582378,-0.188690710103128,0.570478171541595,0.6488031792218,1.33324751302204,-0.75310712323283,0.187185891537561,0.23574920033913,-0.385364862662207,-0.3942707518041,1.41474243812483
26599.078125,0,1.50232792164038,-1.30811192756897,-2.12993091808961,-0.641448069582378,-0.188690710103128,0.645295066180314,0.235982516457409,1.58884139792771,-1.26286101868257,0.251632465661834,-0.0728275883909674,-0.385364862662207,-0.3942707518041,1.41474243812483
45809.5234375,0,0.168974507443958,-0.325650699797235,-2.12993091808961,1.55838986135719,-0.188690710103128,0.813204657715919,0.585976931473075,0.0187646763642747,-0.455750684220478,0.405333283701561,0.18403360738869,-0.385364862662207,-0.3942707518041,1.41474243812483
9457.4501953125,0,-1.45009749550884,-0.325650699797235,-2.12993091808961,1.55838986135719,-0.188690710103128,0.837762882645643,-0.651710788939017,-1.20052247867046,-0.455750684220478,0.428864669143576,-0.48677032469254,-0.385364862662207,-0.3942707518041,1.41474243812483
35465.4375,0,0.74041168495671,-0.980624851645057,-2.12993091808961,-0.641448069582378,-0.188690710103128,0.8845947504733,0.13277738595071,0.629060279098236,-1.02214390138686,0.474482013238948,-0.138457703121301,-0.385364862662207,-0.3942707518041,1.41474243812483
39898.6171875,0,1.59756745122584,-0.980624851645057,-2.12993091808961,-0.641448069582378,-0.188690710103128,1.2415453565929,1.03582241862192,1.72055049168013,-1.02214390138686,0.854233375547118,0.59196528605859,-0.385364862662207,-0.3942707518041,1.41474243812483
